formation,sigma,bear,n_train,n_state,var_uncond,var_scaled,var_cond,realised
1935-10-31,0.12001273265783112,False,2540,1590,-0.06726532556131247,-0.042491964533910694,-0.03290039985641725,0.018638691649701
1935-11-30,0.12014017945716594,False,2563,1613,-0.06711249596272116,-0.04369956422677301,-0.033926644468887344,0.0175330320262308
1935-12-31,0.11917767374806423,False,2588,1638,-0.06651324814562329,-0.04345211996401046,-0.033696349132697395,-0.03198851517814372
1936-01-31,0.09612663647501686,False,2614,1664,-0.06626129868003977,-0.034805681560710296,-0.027109166156190426,0.017385336691711606
1936-02-29,0.1005752995521268,False,2637,1687,-0.06540161061699988,-0.03624399406931851,-0.028123803569131654,-0.005985147598932095
1936-03-31,0.12398749098195365,False,2663,1713,-0.06512602468393235,-0.0444326446546648,-0.034570503055156736,0.00927459841989453
1936-04-30,0.14889269800765934,False,2688,1738,-0.0651906359973496,-0.054286202877819476,-0.04277204575359548,0.016779767968383652
1936-05-29,0.15634842730261167,False,2713,1763,-0.06492464271109254,-0.05697087269868843,-0.045051222414935845,0.00502282378557628
1936-06-30,0.15107001026014408,False,2739,1789,-0.0643780336691412,-0.0545859091891737,-0.04323431014925196,0.0035209264556481656
1936-07-31,0.14434997249739967,False,2765,1815,-0.06419451941947697,-0.05196809647741764,-0.04102805173967783,0.015073310446346966
1936-08-31,0.1271041198388158,False,2791,1841,-0.06381915611063749,-0.04561738645897909,-0.03608204707396865,-0.00263739194603696
1936-09-30,0.08844279235754626,False,2816,1866,-0.06372558819221283,-0.0315998131422042,-0.025070333509718438,-0.009961860545267709
1936-10-31,0.0688602120240712,False,2842,1892,-0.06367130044432541,-0.0245440104209938,-0.019446430649365274,0.017312751708187468
1936-11-30,0.06893621979772345,False,2864,1914,-0.06350874689281395,-0.02448131640208238,-0.019377028376493067,-0.02332753602576687
1936-12-31,0.06969876670357977,False,2889,1939,-0.06277284867237594,-0.024728861711528903,-0.019798189218460743,-0.014651933612786827
1937-01-30,0.05756526313672196,False,2914,1964,-0.06265144904133027,-0.020577052195675925,-0.016635075709054016,0.004469384762366024
1937-02-27,0.061484006375642435,False,2936,1986,-0.06249553679580791,-0.021924421238335393,-0.017738567234372338,0.036940194347503175
1937-03-31,0.08157596901048764,False,2962,2012,-0.06241596931712399,-0.029076318161729942,-0.02357925875828177,-0.03305223901002785
1937-04-30,0.11505454706355606,False,2988,2038,-0.06232039437827622,-0.04194883004663219,-0.034246258376771636,-0.006411870376442863
1937-05-28,0.12238913481187796,False,3012,2062,-0.06225134249417419,-0.04435171083141733,-0.03648476432870789,0.029936052820653813
1937-06-30,0.1269612904786338,False,3038,2088,-0.06203247567508354,-0.04574738592803134,-0.037609594667822155,0.008818976710975202
1937-07-31,0.12785284541221612,False,3063,2113,-0.06164885326465971,-0.045923822259028885,-0.037513995538634076,0.005590454546422929
1937-08-31,0.11429468999039293,False,3089,2139,-0.061454522666478946,-0.040902495438648705,-0.03345462937569476,-0.027279559887603555
1937-09-30,0.09934794532349435,False,3114,2164,-0.06120156682508385,-0.03572490768834961,-0.029655947192603952,0.04455132209032997
1937-10-30,0.19035068983326547,True,3139,963,-0.06168901298347771,-0.06979244520491867,-0.10059106712081402,-0.04962386511003569
1937-11-30,0.24973434365341116,True,3162,986,-0.06157535061468574,-0.09130052968661256,-0.13062337590614867,-0.0023269302611778064
1937-12-31,0.26383175002262343,True,3188,1012,-0.06225224115081973,-0.09663630940283754,-0.1346334338135024,-0.0940652309647918
1938-01-31,0.29678342298720134,True,3213,1037,-0.0631322095788464,-0.10931805398692959,-0.15065779799536028,-0.027088761239457027
1938-02-28,0.3031557793610408,True,3235,1059,-0.06275435286850142,-0.11131183146475396,-0.15350350275134486,0.07853924266036794
1938-03-31,0.27816231923105617,True,3262,1086,-0.0625986344491515,-0.10197180618649782,-0.1402620973536065,-0.10289828023903946
1938-04-30,0.26355685959579955,True,3287,1111,-0.06366155278287218,-0.09692782669487723,-0.13248610619532725,-0.048168970687551105
1938-05-31,0.2668406577716371,True,3312,1136,-0.06317404705817614,-0.09784611759587118,-0.13340068228246243,-0.023625845040229798
1938-06-30,0.27150754862434306,True,3338,1162,-0.06428348826464085,-0.10043777663978536,-0.1383253731709778,-0.050238346306634374
1938-07-30,0.27467898820259273,True,3363,1187,-0.06594126635881185,-0.10324892090021429,-0.1412793539471642,0.009371269173324093
1938-08-31,0.23609169743978728,True,3390,1214,-0.06558007957274906,-0.08753587041863135,-0.12044061482373927,0.03995157372438851
1938-09-30,0.21472674691337376,True,3415,1239,-0.06517753257950767,-0.07945226255755837,-0.10895035010555554,-0.044344307508301206
1938-10-31,0.19383272004488836,True,3440,1264,-0.06478367533010465,-0.07170322607611743,-0.09808304731106314,-0.015288823970728505
1938-11-30,0.139350838390015,True,3463,1287,-0.06440887548806393,-0.05152478683610785,-0.07025623886838271,0.014649763447658115
1938-12-31,0.10942165123959735,True,3489,1313,-0.06431894956913979,-0.040456003677022484,-0.05499591275894429,-0.028116212298151866
1939-01-31,0.13094085932206215,True,3514,1338,-0.06430879308050554,-0.04976648825801933,-0.06650763152022986,0.008201232667662373
1939-02-28,0.12540044338039666,True,3536,1360,-0.06428479246837929,-0.04752284384353619,-0.06359932715447401,-0.008110014332320725
1939-03-31,0.14586403532056855,True,3563,1387,-0.06423802568925507,-0.05521998848018344,-0.07393573895851294,0.004431542269171862
1939-04-29,0.174524354289022,True,3587,1411,-0.06432301216459349,-0.06687520442716682,-0.08876482357811552,0.004891135857324036
1939-05-31,0.17108652501000796,True,3613,1437,-0.06428674877398695,-0.0653204284296588,-0.08678225158572789,0.03617511340820467
1939-06-30,0.15641405154269253,False,3639,2180,-0.06388997553103025,-0.05939790271949066,-0.046635601731789496,-0.027491451309931803
1939-07-31,0.1594539888494485,False,3664,2204,-0.0637862858389528,-0.060511107048341554,-0.04792897476396802,0.051917314016424854
1939-08-31,0.1288986702801858,False,3691,2231,-0.06372914937791607,-0.04870453434926751,-0.03854835657538338,-0.2921690586449639
1939-09-30,0.30777023221877725,False,3716,2256,-0.06623134343903822,-0.12054189233241486,-0.09520151513269479,-0.00940321804807398
1939-10-31,0.30555170822628386,False,3741,2281,-0.0659471854823338,-0.11947057455274913,-0.09420164469982897,-0.00037032093069166994
1939-11-30,0.3025890731668943,False,3764,2304,-0.06578535602232591,-0.11795687652676025,-0.09322555793002682,0.029716477736934754
1939-12-30,0.3015396738076105,False,3789,2329,-0.06518876408051504,-0.11688381909170716,-0.09251330254744401,-0.029416216067560508
1940-01-31,0.2985870084246803,False,3815,2355,-0.06488436631652456,-0.11473502959132854,-0.09067374680591608,0.007287720902614092
1940-02-29,0.07382398634590313,False,3838,2378,-0.06446903297994887,-0.028285709565891805,-0.02232490407690241,0.017383500806853913
1940-03-30,0.07161180349635171,False,3863,2403,-0.0643311373555009,-0.02726789136026595,-0.021577167268892323,0.02210222443848786
1940-04-30,0.0750954645767645,False,3889,2429,-0.06428935718146382,-0.028481642749799724,-0.022549477871879026,0.023760516757429517
1940-05-31,0.10910961314201463,True,3915,1461,-0.06397698807058645,-0.041187915983432,-0.05523823353270829,0.03505910822546032
1940-06-29,0.11608545059567153,True,3940,1486,-0.0637945742750843,-0.04397260270777508,-0.05853556591632512,0.003254391098688192
1940-07-31,0.12399996645160874,True,3966,1512,-0.06374197243206936,-0.046728404714059535,-0.06232799408979387,0.017146379446171256
1940-08-31,0.1341647846493262,True,3993,1539,-0.06368535129381343,-0.050506063834158496,-0.06700918233570577,-0.0019973580259744494
1940-09-30,0.155958286217822,False,4017,2454,-0.06376220498098269,-0.05924482516308539,-0.046617972217084,0.0014326656717800201
1940-10-31,0.13977262507372495,True,4043,1578,-0.06370047794031015,-0.052913953254162635,-0.07022262646753177,-0.05058483422997695
1940-11-30,0.14940821931875126,False,4066,2470,-0.06374197243206936,-0.05690923386425499,-0.04457956344356022,0.03262731199242208
1940-12-31,0.14581852228026482,False,4091,2495,-0.06368837662311277,-0.05544780659458426,-0.04341559296794432,-0.057887802388435716
1941-01-31,0.13935854247228655,True,4117,1596,-0.06373596912467579,-0.05339575990326488,-0.06966901072325477,0.009524095337694494
1941-02-28,0.11030737853833757,False,4139,2533,-0.06370627919607745,-0.042040993623937616,-0.03328823941231815,0.0070579942580066835
1941-03-31,0.09877260834867173,True,4165,1619,-0.06366545184745347,-0.0375959814754362,-0.04927844010801794,-0.008085536409119909
1941-04-30,0.06276162011930618,True,4190,1644,-0.06325772201683559,-0.023801031454861427,-0.031116181988106298,0.030465546641877728
1941-05-31,0.06172007128965502,True,4216,1669,-0.06275127023452234,-0.0232932249320643,-0.030448042269036527,-0.026516646384156406
1941-06-30,0.05436009271515365,True,4241,1694,-0.06260599856724747,-0.020636158821772596,-0.026753356910399616,-0.015099841685766613
1941-07-31,0.056993923886675,True,4267,1720,-0.062466966723902895,-0.021798431434759655,-0.028102054575828476,-0.007939405554713841
1941-08-30,0.057229196744320136,True,4293,1746,-0.06243495408898068,-0.021798118448209492,-0.028128537208349024,0.004360105849239737
1941-09-30,0.05394467239681879,True,4318,1771,-0.06236567554178902,-0.020488693273696405,-0.026482970027781372,0.01460007928847551
1941-10-31,0.061110517589037856,True,4344,1797,-0.062253139807465274,-0.023129207088545385,-0.02992072167998482,0.03061173409737039
1941-11-29,0.06210986008678579,True,4366,1819,-0.06218554262212225,-0.02340560858136656,-0.030326869726836972,0.0015389332478141782
1941-12-31,0.07043846676355262,True,4392,1845,-0.06193641312134414,-0.026534976402121244,-0.03437904891048984,-0.08163569809022908
1942-01-31,0.09106499129742507,False,4418,2548,-0.06274510496656417,-0.03560961281402967,-0.02742482256139542,-0.003140396708128823
1942-02-28,0.09057555078496682,True,4440,1872,-0.06261249149211644,-0.03533827694875139,-0.04533811431297967,0.003287793710439857
1942-03-31,0.08487559272252591,True,4466,1898,-0.06246755604665824,-0.03291887422483779,-0.04234620087249642,-0.0044331423955513705
1942-04-30,0.08265175618218946,True,4491,1923,-0.06243891444170524,-0.03181791532359693,-0.04098844236640435,-0.014977938569940785
1942-05-29,0.07873653992905766,True,4516,1948,-0.062371962263705893,-0.03016845661576705,-0.03884450465445382,-0.03481632511977084
1942-06-30,0.05399175788951582,True,4542,1974,-0.062253589135788046,-0.02110834499907072,-0.026572080673354648,-0.02444045381265736
1942-07-31,0.05814328232908849,True,4568,2000,-0.062160031464282464,-0.022849696085722064,-0.0287006916172539,0.0017815720279059644
1942-08-31,0.05898323558435984,True,4594,2026,-0.06192590479098419,-0.023159061125356,-0.02906120978414556,0.002387340438827934
1942-09-30,0.05272063884286773,True,4619,2051,-0.061678504653117756,-0.020632803311717303,-0.025904075282510614,-0.016113498926054848
1942-10-31,0.04993691380131629,False,4645,2580,-0.06162930274813403,-0.019516404929057495,-0.014961494460298794,0.020358588488962104
1942-11-30,0.04550496236675834,False,4667,2602,-0.06155476140995495,-0.0177261254431575,-0.013585496461638761,0.020456485829866367
1942-12-31,0.043989658784765476,False,4693,2628,-0.06133501100439462,-0.01703821139823364,-0.0131060596175087,-0.038935098390877165
1943-01-30,0.053056909823321716,False,4718,2653,-0.061187467681730695,-0.02104841738881741,-0.016495461432981078,0.025160597190886813
1943-02-27,0.05747517725070617,False,4740,2675,-0.06086925110382567,-0.02279177079621711,-0.017781137535318434,0.02043050047984374
1943-03-31,0.06821858632367057,False,4767,2702,-0.06069458664508979,-0.02695761050756568,-0.021031719585528273,-0.005296268421499106
1943-04-30,0.1089452765382699,False,4792,2727,-0.06066097370388613,-0.04288182346476249,-0.03354532656986094,0.04520467992787891
1943-05-29,0.12764095204909787,False,4817,2752,-0.06025764063903051,-0.050174696955894015,-0.03914855305757448,-0.02419293034635628
1943-06-30,0.13634210853584486,False,4843,2778,-0.060035806120636546,-0.05356756493499921,-0.04179145333926354,0.007744351614661582
1943-07-31,0.15084427201587772,False,4869,2804,-0.05984125758083107,-0.059128102531107646,-0.046189723507092634,0.0060229455877895965
1943-08-31,0.15338888877620863,False,4895,2830,-0.05973806019376683,-0.06006847741340891,-0.04728815309621361,0.02969073378726761
1943-09-30,0.1299833718596348,False,4920,2855,-0.05950184565776917,-0.050824980844792096,-0.03995970887768703,-0.03348713025252459
1943-10-30,0.1195880529149969,False,4945,2880,-0.059373244606467646,-0.046607183085710255,-0.036727474624236624,-0.050786508595732194
1943-11-30,0.13527382126634882,False,4968,2903,-0.059368394276803904,-0.052912881956388144,-0.041921419312528165,0.029835007016841164
1943-12-31,0.12238566517366357,False,4994,2929,-0.05926085257102058,-0.04778180878552823,-0.03779068488655766,-0.016502940882551442
1944-01-31,0.11094906651252226,False,5019,2954,-0.05918762106844735,-0.04309397604797381,-0.03420387380968852,-0.0012175981964366311
1944-02-29,0.10408416056249907,False,5042,2977,-0.058744399029253165,-0.04023739704823709,-0.031985026469251276,-0.00292154461895644
1944-03-31,0.09611447175113685,False,5069,3004,-0.05863943915891057,-0.03687589592935432,-0.029431020587563174,0.002486865269439642
1944-04-29,0.041863651059123895,False,5093,3028,-0.05841441276809103,-0.016040748916771146,-0.012756204226972191,0.014883899041943094
1944-05-31,0.036480019736837926,False,5119,3054,-0.05799477366868541,-0.013910553301296966,-0.01105687497897817,-0.0016195623007003723
1944-06-30,0.03620660713184936,False,5145,3080,-0.057882769316518076,-0.013982013040805649,-0.011163961833398078,-0.01263823349539972
1944-07-31,0.044098226721718474,False,5170,3105,-0.05780609910444919,-0.01731869464269785,-0.014086280416046012,0.013081478095253063
1944-08-31,0.049549408069119116,False,5195,3130,-0.05770482100485401,-0.019403996750964866,-0.01578729908642022,-0.0330925149614093
1944-09-30,0.06714799416214967,False,5219,3154,-0.057663672283511,-0.026385461829001627,-0.02151041559655126,0.0017725301405517868
1944-10-31,0.0721488683209937,False,5244,3179,-0.057618769611339875,-0.02830336076539416,-0.02303605168479172,-0.009977878740639157
1944-11-30,0.07608831079738917,False,5267,3202,-0.05758228660240167,-0.029763142543030474,-0.024180953670769532,0.005283197633134673
1944-12-30,0.07293589952828505,False,5292,3227,-0.057496215615243644,-0.028482135438515223,-0.023142622496392474,-0.01414777025206615
1945-01-31,0.07163575085109451,False,5318,3253,-0.057314315782146845,-0.027830951191534743,-0.022725427122920437,0.018399005152080594
1945-02-28,0.05954479187972773,False,5340,3275,-0.057252700801049924,-0.02303178756620218,-0.018768679019079977,-0.02555605101103675
1945-03-31,0.07393778573909345,False,5366,3301,-0.05718636942018834,-0.02904438052660391,-0.02386936278405867,0.019231195949764412
1945-04-30,0.07637031569923022,False,5390,3325,-0.05712057866762567,-0.029930984310291456,-0.024550389136314483,-0.0194783847863379
1945-05-31,0.07733000142247567,False,5416,3351,-0.057078128069483036,-0.030240585393596614,-0.024696700789172684,0.008999694686701698
1945-06-30,0.07982877275769738,False,5442,3377,-0.05701483700192944,-0.03113431570147812,-0.025394655155387993,-0.021382550719008075
1945-07-31,0.10143249814531875,False,5463,3398,-0.05677185008037976,-0.039863954519492234,-0.03280251607890699,-0.02455296412763419
1945-08-31,0.11328318145250023,False,5484,3419,-0.05673449838813439,-0.04452092915767456,-0.036709049204574865,-0.018614068274280138
1945-09-29,0.11107367861019142,False,5507,3442,-0.05655578792876652,-0.04362961926422489,-0.035947408162080946,-0.014445787893823892
1945-10-31,0.113782610973734,False,5531,3466,-0.056468309362375735,-0.044586521594460644,-0.0367875777735245,0.00251712515068081
1945-11-30,0.11541821554676755,False,5554,3489,-0.05635212985794879,-0.04513806153599405,-0.03728730769530616,-0.003603244774350589
1945-12-31,0.11643426918223042,False,5578,3513,-0.0563155085656563,-0.04543750189564875,-0.037527965369710536,0.017003260020427735
1946-01-31,0.08420598078521555,False,5604,3539,-0.056297419107020026,-0.032671807346226364,-0.026922354816397254,-0.02145972943828467
1946-02-28,0.10427614722456949,False,5625,3560,-0.05618612431334365,-0.04026862956336967,-0.03332619669875718,-0.0016048683591266544
1946-03-30,0.108131892797639,False,5651,3586,-0.05598379842254958,-0.04166846193141583,-0.034747150122541884,0.01674556367515767
1946-04-30,0.10399651378772318,False,5676,3611,-0.055706391549877304,-0.03987194955318472,-0.03321312216329513,0.02373118521229034
1946-05-31,0.09840810698311443,False,5701,3636,-0.05549335637714148,-0.03770419650818816,-0.031312077439331204,-0.01699625415667183
1946-06-28,0.09753525065328994,False,5721,3656,-0.055439904138656626,-0.03717238214048236,-0.031144565691418373,-0.0050781678895276405
1946-07-31,0.09377466438223116,False,5743,3678,-0.05541374590874545,-0.03571878857873438,-0.029824297689408027,0.009516545038954716
1946-08-30,0.0640512095123901,False,5765,3700,-0.055223117258511145,-0.024379917940473065,-0.02032634690956744,0.005771458475315017
1946-09-30,0.0677624604039736,False,5785,3720,-0.055076044249502125,-0.025712198460964262,-0.021498285448913225,0.016247793395073984
1946-10-31,0.0815139781877936,False,5811,3746,-0.05496697607209439,-0.030800165292342172,-0.0258542239918261,-0.0031786603042990302
1946-11-30,0.10595126804337969,False,5834,3769,-0.05488181513215254,-0.040365033029041285,-0.03413926829925015,-0.013048087802742137
1946-12-31,0.12175188409219827,False,5859,3794,-0.05471835877531564,-0.04637363521682887,-0.03921765091935082,-0.006148183689675402
1947-01-31,0.13095966768436793,False,5885,3820,-0.05457746703618982,-0.0496921296217417,-0.04222240313836925,-0.028958995378370656
1947-02-28,0.13750463904901566,False,5907,3842,-0.054670771353572886,-0.05260020465829887,-0.04458448088303769,0.014650444715932798
1947-03-31,0.13736144728416366,False,5933,3868,-0.05455003692032001,-0.05233307973445752,-0.04448183038227519,0.028481816460706577
1947-04-30,0.12459468239054218,False,5958,3893,-0.054486962586199415,-0.047456525968174006,-0.04032135289346551,0.03668399517326981
1947-05-29,0.12177686414093639,False,5983,3918,-0.05445490918131295,-0.046367534467992445,-0.03940789105693554,-0.014355753092212487
1947-06-30,0.12625795309603305,False,6004,3939,-0.05445041060120138,-0.04806575970211119,-0.04086698934118555,-0.07809735865081113
1947-07-31,0.12701085118996752,False,6026,3961,-0.05457403827170609,-0.04859882555146042,-0.041377196475073236,0.015881485252831506
1947-08-29,0.12019794407559585,True,6047,2069,-0.0545100264921264,-0.0458017590302233,-0.059010891348368955,0.003378069183878729
1947-09-30,0.11727216072026671,True,6068,2090,-0.05447480429906201,-0.04466848339058485,-0.05748076495753369,-0.005713176061799441
1947-10-31,0.10495145773165834,True,6094,2116,-0.05440542480008571,-0.03988810258497069,-0.051263573754886035,0.022714637042232644
1947-11-29,0.08590081815675606,True,6116,2138,-0.0543437005907301,-0.032553721958639245,-0.041900439359184506,0.017197461833709404
1947-12-31,0.0503886399895857,True,6142,2164,-0.05432171732824701,-0.018992947960521672,-0.024533347633262804,-0.04414101143799587
1948-01-31,0.06006887913054539,True,6167,2189,-0.05428701687811577,-0.023051036560544687,-0.02949067163379724,-0.011666785545448977
1948-02-28,0.06102204716330051,True,6189,2211,-0.05421242718322647,-0.023382377883219178,-0.029905223885856008,0.00035342721407816136
1948-03-31,0.062326941847006045,True,6215,2237,-0.05416178829224703,-0.023791722953558938,-0.030440032028699646,0.013050275817283685
1948-04-30,0.06586771348695862,True,6241,2263,-0.05415011058187991,-0.025089139098204385,-0.032120922852868675,0.014297889290467936
1948-05-28,0.0688708762830855,False,6265,3978,-0.054132754221828165,-0.026214435684392457,-0.02241870516088289,0.03217098099429383
1948-06-30,0.06315216924223643,False,6287,3993,-0.05402578175673717,-0.023957360608623208,-0.020543719494790225,0.0020660098728984
1948-07-30,0.07905691822984294,False,6308,4014,-0.05392510880392219,-0.029987543801811803,-0.025783420320061937,-0.00492803883684767
1948-08-31,0.0823498449300305,False,6330,4036,-0.053880590313864656,-0.031123413403751878,-0.026808859721968236,-0.005440666458397914
1948-09-30,0.08601140110473769,False,6351,4057,-0.053749359888715764,-0.03240335161532263,-0.02797514965113278,0.01658572979461348
1948-10-30,0.08179484678144504,False,6376,4082,-0.053573221028832,-0.030791489198669014,-0.026589796103587054,-0.01850901809338079
1948-11-30,0.08529387973354283,True,6399,2294,-0.053538380586603186,-0.03210506116398729,-0.041437491795784175,0.021792793215163364
1948-12-31,0.07079750052085222,False,6425,4125,-0.05346698538321092,-0.02662773983422342,-0.022929326960188453,-0.046741381003000515
1949-01-31,0.06935669772992417,False,6450,4150,-0.053171477936135525,-0.02613048172597662,-0.022634105600963877,-0.003337614780511644
1949-02-28,0.06809307982460529,False,6472,4172,-0.052963640457623605,-0.025634718699748725,-0.022171741302359615,-0.013454563199166047
1949-03-31,0.07261179298158163,False,6499,4199,-0.05287760037120066,-0.02733356568539601,-0.02363533466034171,0.00777476869986371
1949-04-30,0.06491396521550713,False,6524,4224,-0.052755758573121946,-0.024435037251096435,-0.021144501701837442,0.010269143087579868
1949-05-31,0.0707943003355501,False,6548,4246,-0.05269794781888593,-0.02664160938488753,-0.023036647661982018,0.009808408151121162
1949-06-30,0.07352331766181441,False,6570,4260,-0.05247693666909015,-0.02764682862116387,-0.023910335945671532,-0.022479915428953556
1949-07-29,0.07763474685989562,False,6590,4278,-0.05223531808254958,-0.02917072173857233,-0.025249566923000878,-0.015991007865396867
1949-08-31,0.07997097973640234,False,6613,4301,-0.05214464528468574,-0.029959667455733783,-0.026000358313075594,-0.017882020049845182
1949-09-30,0.08034480991327365,False,6634,4322,-0.05205335559823274,-0.03002583255504811,-0.02607174544783096,-0.017890470471397912
1949-10-31,0.07937763614520199,False,6659,4347,-0.05202745102123306,-0.029627946078277595,-0.025730861958720957,0.013347403446496209
1949-11-30,0.07383150547022645,False,6682,4370,-0.052016837750982835,-0.027496425299775584,-0.023906855232239968,-0.006645057303764967
1949-12-31,0.06552740495395862,False,6707,4395,-0.051842627195779076,-0.024370494509809427,-0.02120565468902352,-0.040873681786745
1950-01-31,0.06359457586933086,False,6732,4420,-0.05149792664875316,-0.02393782478271903,-0.020785087043926977,0.012662051370777805
1950-02-28,0.0522353152570182,False,6754,4442,-0.051470063278469605,-0.019653886738389224,-0.017016261456579418,-0.0027263449450509736
1950-03-31,0.048195032109130086,False,6781,4469,-0.05140893545923908,-0.01811385479877951,-0.015680773159313315,0.00691050425201456
1950-04-29,0.04646523689813793,False,6805,4493,-0.05136689306814771,-0.017437927667290343,-0.015108212979323264,-0.01447586741671969
1950-05-31,0.04467062211342125,False,6831,4519,-0.05119225692069196,-0.016742381515378973,-0.014523738608749382,0.010100189994560527
1950-06-30,0.07276517408760924,False,6853,4541,-0.05108678286765631,-0.027389676253450165,-0.0237801728995641,-0.04042551571447306
1950-07-31,0.08891048981981865,False,6873,4561,-0.05108678286765631,-0.033873840476829925,-0.030071103094561104,0.018213291156568445
1950-08-31,0.08981084567021999,False,6896,4584,-0.05103243871165855,-0.03420796113878512,-0.03024955884066896,0.006677256936210352
1950-09-29,0.09245593112396887,False,6916,4604,-0.05100913757360262,-0.035127326931386496,-0.03092444117630996,0.024952895914678974
1950-10-31,0.09737704780901948,False,6941,4629,-0.051002709756579834,-0.03688172521506894,-0.03239941590183697,0.032567648751697265
1950-11-30,0.10208329461768002,False,6964,4652,-0.050893760291833554,-0.0384737257701778,-0.033890725414404736,0.02630710891437893
1950-12-30,0.08726775807822758,False,6988,4676,-0.05085856718671437,-0.03285730276041045,-0.028832672354541188,-0.0034684448217164876
1951-01-31,0.08459940425322188,False,7014,4702,-0.050804112598327955,-0.03184767322121427,-0.027821686933965875,0.008997351002571152
1951-02-28,0.08637576789817882,False,7036,4724,-0.05073797802919211,-0.032512577510429,-0.0282727842320523,-0.008624140377639256
1951-03-31,0.08983644249412404,False,7062,4750,-0.050680526377130455,-0.03381369475285052,-0.029603972098407684,0.022704892956457723
1951-04-30,0.08553448333859308,False,7087,4775,-0.05065348844842521,-0.03216763680098019,-0.028044359193183165,0.0038867715055366236
1951-05-31,0.07712376754282725,False,7113,4801,-0.05059782802128782,-0.029037747691253085,-0.025648337205763785,0.01942664807209371
1951-06-29,0.08134283791459487,False,7134,4822,-0.05047277309114515,-0.03062621524595272,-0.027048557684315026,0.016625058149927208
1951-07-31,0.08315420759047645,False,7155,4843,-0.05035830787654882,-0.031308161085363266,-0.027647943319698824,-0.0009218992988203611
1951-08-31,0.07553685828785872,False,7178,4866,-0.050252861103461444,-0.028434867787867277,-0.025060957885703488,0.005079562650528446
1951-09-28,0.07001647349017268,False,7197,4885,-0.05015000372890503,-0.026354721413111227,-0.0231910625763903,0.004460440009484312
1951-10-31,0.07625941830357778,False,7223,4911,-0.050107479766875726,-0.02870579886262637,-0.025371090764907848,0.0024235060758626137
1951-11-30,0.06856956759379523,False,7246,4934,-0.049979725013605814,-0.025805931970909645,-0.0227720216582675,0.002590496850210622
1951-12-31,0.05938293357522894,False,7271,4959,-0.04985874718509553,-0.02232865889706504,-0.019688860180918165,-0.0060230214091379075
1952-01-31,0.057053557995974724,False,7297,4985,-0.04968807058963025,-0.021432967101706165,-0.01881631175991662,-0.00958213908861516
1952-02-29,0.05791515034945562,False,7320,5008,-0.04962497864545474,-0.02176807566613883,-0.01934884694278017,0.012866453089653618
1952-03-31,0.047516560481584216,False,7346,5034,-0.04942042574443087,-0.01782857029248515,-0.015806592337747158,0.01042249328516931
1952-04-30,0.04208851624849763,False,7371,5059,-0.04925744091099776,-0.01581399449208519,-0.014016416334757755,0.007708753472418506
1952-05-29,0.04157914092426693,False,7396,5084,-0.04924302229802238,-0.015566606045810219,-0.013823178540145895,0.0022941534777931594
1952-06-30,0.03771711972036105,False,7417,5105,-0.049167216307936766,-0.014093069706107325,-0.012514075951917978,-0.0004078080217295721
1952-07-31,0.03164946255467934,False,7439,5127,-0.049114376778527966,-0.011813258941866153,-0.010489119556941274,0.002095669081962015
1952-08-29,0.0290704853760657,False,7460,5148,-0.048872118276324567,-0.010827962014337018,-0.009615350757792447,0.011036017259411723
1952-09-30,0.028230074743082957,False,7481,5169,-0.04878550467562992,-0.010506946759691887,-0.009304228273304623,0.009709914718957213
1952-10-31,0.025704324927919252,False,7503,5191,-0.04873778767795694,-0.009541076883567546,-0.008435572485024214,0.010996859108882706
1952-11-28,0.03036666856933851,False,7520,5208,-0.04852587312640029,-0.011275545939128873,-0.009972598118534742,0.00983751301387259
1952-12-31,0.03236088503116148,False,7542,5230,-0.048490541026627296,-0.012042899321304252,-0.010663943394741445,-0.0076389473494336
1953-01-30,0.035369376584837506,False,7563,5251,-0.04846094185292164,-0.013225794162971354,-0.011767197856923834,0.004984030911311166
1953-02-27,0.0371298801506287,False,7581,5269,-0.04833004378014305,-0.013870658352188725,-0.012337435644549335,0.007115332024143051
1953-03-31,0.03908836553247079,False,7603,5291,-0.04831894802774143,-0.01461644865182794,-0.013004485109345302,0.010093959667893726
1953-04-30,0.04022921724319341,False,7624,5312,-0.048282207682811315,-0.015141039516867266,-0.013583163934011785,0.008121186973777172
1953-05-29,0.03673462889427427,False,7645,5333,-0.04825845454433346,-0.013816308964401659,-0.012351998221666606,-0.01225067303216043
1953-06-30,0.03708364814847711,False,7667,5355,-0.048217265176595345,-0.01393518312522657,-0.012440243299417902,0.001799338122062899
1953-07-31,0.03328502125581489,False,7690,5378,-0.04818123107505395,-0.012477838818271933,-0.01114589707694721,0.014077414131861365
1953-08-31,0.032546702444334503,False,7711,5399,-0.04815236094406039,-0.012165063041934718,-0.01085819472788602,0.012142779203083931
1953-09-30,0.030948762818569196,False,7732,5420,-0.048129900371195085,-0.011555551006130165,-0.010301649961785866,0.006066300409870218
1953-10-30,0.03322151591965741,False,7753,5441,-0.04809483512402377,-0.012383226102729157,-0.011048171918220415,0.005983185782495903
1953-11-30,0.03627588730823895,False,7771,5459,-0.048046559400108435,-0.0135059357258531,-0.012040843810424529,0.022912359901380963
1953-12-31,0.041128691688407173,False,7793,5481,-0.048008138297998326,-0.015284910340607336,-0.013635176237021401,-0.0418308760301207
1954-01-29,0.06035844928425558,False,7813,5501,-0.04794728357382787,-0.022710949530574124,-0.020414297061381204,0.003287053195496048
1954-02-26,0.06047088291070384,False,7832,5520,-0.04789130778111834,-0.022736733221730247,-0.020392425528368997,0.01436901259819634
1954-03-31,0.06096604169535737,False,7855,5543,-0.04786978814111562,-0.022904124667081978,-0.02046071344304706,0.0077966365765358425
1954-04-30,0.06157660854577859,False,7876,5564,-0.04783948022815401,-0.023053357658714205,-0.02064656562402943,-0.007304141946369858
1954-05-28,0.060795959076241676,False,7896,5584,-0.0477019998454373,-0.02271774281501995,-0.020340933197817244,0.005466432471020299
1954-06-30,0.06089567735069586,False,7918,5606,-0.04756550724565827,-0.022730574972454332,-0.020298077624153033,0.003367340980647171
1954-07-30,0.04292413586783145,False,7939,5627,-0.04743945251310247,-0.01598975164084774,-0.014282921890468231,0.0006747211568303157
1954-08-31,0.04792886228568392,False,7961,5649,-0.04739788970226344,-0.017838635174413624,-0.01592569788987268,0.022281553909194063
1954-09-30,0.05031060643641712,False,7982,5670,-0.04729937157483638,-0.018676624327159826,-0.016688304720897554,-0.001526459667167579
1954-10-29,0.04686094493285484,False,8003,5691,-0.047255475590601205,-0.01735841189017053,-0.015527025572644477,0.012104634676942672
1954-11-30,0.049857603632746474,False,8023,5711,-0.04721332543053518,-0.01845442774145392,-0.016482337080495416,-0.014717108406213208
1954-12-31,0.04701992939169574,False,8045,5733,-0.04719560629081483,-0.01740308795864778,-0.015594450290122937,-0.00788878179096042
1955-01-31,0.055471167285356955,False,8066,5754,-0.04718351146261204,-0.020530485862111057,-0.018396443743716705,0.008520284416765334
1955-02-28,0.05849264432388106,False,8085,5773,-0.04715224686886705,-0.021639124235087796,-0.0193789721793502,-0.022836470443878487
1955-03-31,0.06830616253311303,False,8108,5796,-0.04701265425361939,-0.025269284698230886,-0.022626519143342717,0.0026505488807513355
1955-04-29,0.07033977423904665,False,8128,5816,-0.04698279624992829,-0.026016137311530924,-0.0232333769375762,-0.014053371584299978
1955-05-31,0.07551748406826099,False,8149,5837,-0.04691251643670262,-0.027920759543788216,-0.02485698271361943,0.02276381180146858
1955-06-30,0.0768630043649092,False,8171,5859,-0.04677734646458742,-0.028407465552260716,-0.02517776580026721,-0.016271167717932356
1955-07-29,0.07803010393431532,False,8191,5879,-0.04670457944988665,-0.02883880883747192,-0.02567563003974617,-0.010204493710702756
1955-08-31,0.07926261060550588,False,8214,5902,-0.04665333990178167,-0.029303916522943677,-0.026153667383394925,0.025239603377632314
1955-09-30,0.08375018471621452,False,8235,5923,-0.046622955250904353,-0.03094971034759824,-0.027536019191458695,-0.023018978927480727
1955-10-31,0.08787246121510453,False,8256,5944,-0.04653061173757725,-0.03247226076910793,-0.02906480134679176,0.041050005547871304
1955-11-30,0.08752633340886644,False,8276,5964,-0.046423597338236644,-0.03227779680480036,-0.02887096718716125,-0.008191031449250041
1955-12-30,0.08551310823493699,False,8297,5985,-0.046379920569528756,-0.031514993518819805,-0.028102597249448018,-0.022690048206978397
1956-01-31,0.08030535025762635,False,8318,6006,-0.046347185174231115,-0.029573312301960898,-0.026280920942349118,-0.001421939784023718
1956-02-29,0.07762896881963618,False,8338,6026,-0.04626491105229574,-0.02858266907425214,-0.025366601263763448,0.009514721025014161
1956-03-29,0.060823605943745626,False,8359,6047,-0.04614234430439433,-0.022370831011139205,-0.019851997879274323,0.010877072680099742
1956-04-30,0.05231652587854099,False,8380,6068,-0.04612108107176611,-0.01921865197245928,-0.017042599755745926,-0.0031896380835068072
1956-05-31,0.054875935709562604,False,8402,6090,-0.04605276515175374,-0.02027357668123812,-0.018136397934182313,0.013172215204072968
1956-06-29,0.058444472108147655,False,8423,6111,-0.04599420598460261,-0.021539143680925223,-0.01925617308344248,0.010405017630482183
1956-07-31,0.05613661051399568,False,8444,6132,-0.0459172360826769,-0.020685811337857265,-0.018418470481768697,-0.006181365981157372
1956-08-31,0.06023177633110324,False,8467,6155,-0.045750027008835084,-0.02217770374756212,-0.01969514004325508,-0.0007118759482056536
1956-09-28,0.05724223894992269,False,8486,6174,-0.04567424438527737,-0.021069925166390727,-0.018701236030198867,0.022465033603856988
1956-10-31,0.061628581680905535,False,8509,6197,-0.04551550850093977,-0.022653784643088398,-0.020087898802235084,0.032481906516305115
1956-11-30,0.05632070596148497,False,8529,6217,-0.04545619296576446,-0.020674925581783014,-0.01834573415618026,0.022566180047729922
1956-12-31,0.05496566637456557,False,8548,6236,-0.04537494580978251,-0.020156011528714084,-0.017893298583721372,-0.03433304576781082
1957-01-31,0.059303558072008176,False,8570,6258,-0.045327293614622906,-0.021846961891988297,-0.019625496767919727,-0.012755331688021121
1957-02-28,0.061030081763012944,False,8589,6277,-0.0453179686110269,-0.022471532276493403,-0.020151605496838518,-0.01640942773569476
1957-03-29,0.06197119847154842,False,8610,6298,-0.04526733732531107,-0.022817998356830092,-0.02050830666569314,0.007204204342700082
1957-04-30,0.05731240563787254,False,8631,6319,-0.04516873996798604,-0.02108946945995451,-0.018919036434819164,0.009837667028487873
1957-05-31,0.05155418275950113,False,8653,6341,-0.04511238244406639,-0.018946224461792338,-0.016966791745933255,0.00047686029008864317
1957-06-28,0.0483264035491991,False,8673,6361,-0.045066025617427875,-0.017734488882669666,-0.01589649507730292,-0.005217046595256902
1957-07-31,0.04172215910041143,False,8695,6383,-0.04495234276343854,-0.015298267161574787,-0.01365789299494652,-0.0015372414894371245
1957-08-30,0.03635147534832725,False,8717,6405,-0.04487598182013659,-0.013304661889657446,-0.01187875981913582,0.012635891481269867
1957-09-30,0.03527018684384937,False,8737,6425,-0.04478284680315598,-0.012896652258871035,-0.011514780597367614,0.013655279774045459
1957-10-31,0.04570164986080967,False,8760,6448,-0.044717994053615845,-0.016695155861604867,-0.014887892733052648,0.0060226717501694615
1957-11-29,0.06397704088186669,False,8779,6464,-0.04465975507303722,-0.023347793674085265,-0.020839559925920174,0.04163346424769143
1957-12-31,0.07612150813009451,True,8800,2325,-0.044589881438805073,-0.02774209367143063,-0.036768111716194166,-0.0571140448994768
1958-01-31,0.09690139483000257,False,8822,6484,-0.044759658990739776,-0.03567630541396874,-0.0315596938028323,0.01929111259916305
1958-02-28,0.09783693208599734,True,8842,2338,-0.04471257243145065,-0.03597792033593315,-0.04802434251008977,-0.03792066378069936
1958-03-31,0.10327938961864586,True,8863,2351,-0.044646840231706106,-0.03802223516632324,-0.050614383045439346,0.006498962542090592
1958-04-30,0.10394234093958082,True,8884,2372,-0.04458470220349581,-0.038218693339313124,-0.05079457201624576,0.003765968049217472
1958-05-29,0.09545009921419703,False,8905,6517,-0.04456240657569179,-0.03505047177698896,-0.031045079785190843,-0.019449199540880535
1958-06-30,0.08667324200697735,False,8926,6538,-0.04449983537503305,-0.03178402505022723,-0.028180339328658096,0.014934653474533821
1958-07-31,0.07432457359447188,False,8948,6560,-0.04458226391272274,-0.027471400115233167,-0.024340589288814628,-0.012713723630978002
1958-08-29,0.07309723168492815,False,8969,6581,-0.044550473683673306,-0.027041588713550384,-0.024206911967251186,-0.004355121401227846
1958-09-30,0.06581620104503196,False,8990,6602,-0.0444879636689652,-0.02434194262889666,-0.021775216167993074,-0.011464095079114722
1958-10-31,0.06272745874017267,False,9013,6625,-0.044430717728166313,-0.023190999884010282,-0.020689649747240295,0.010735555571675937
1958-11-28,0.06223972750583077,False,9031,6643,-0.04439157953147893,-0.023002911865245435,-0.020482436548087457,0.0069024721706627545
1958-12-31,0.06128557807510725,False,9052,6664,-0.044355347354955554,-0.02261243727858141,-0.020145259825671925,-0.0059077130837101866
1959-01-30,0.04982205134275452,False,9073,6685,-0.044331845840747876,-0.018361420093516094,-0.01630639600681166,0.010917699026719907
1959-02-27,0.04762109784538853,False,9092,6704,-0.04425176269382526,-0.017541672800113425,-0.015561772327441046,-0.0008205355940736903
1959-03-31,0.044539982936683625,False,9113,6725,-0.04418333163689292,-0.016399644682905244,-0.014541123175701191,0.02462336600278059
1959-04-30,0.04558160506169204,False,9135,6747,-0.04416950853661354,-0.016768843484227403,-0.014848878847331161,0.005364640629966333
1959-05-29,0.046050068403858724,False,9156,6768,-0.04414734793443381,-0.01692053804070832,-0.01500139449745107,0.0017632524528599092
1959-06-30,0.05017730642431964,False,9178,6790,-0.04408793033509795,-0.01840621108799136,-0.01634436165895613,0.020394602725727795
1959-07-31,0.05877929023048909,False,9200,6812,-0.043977637452321,-0.02161764601563283,-0.019171965194702337,-0.021523864432814177
1959-08-31,0.06398263389389394,False,9221,6833,-0.04407856308164537,-0.023670514112832896,-0.021284959884509017,-0.013915829865202123
1959-09-30,0.06872331540314441,False,9242,6854,-0.043968334911161956,-0.025421677852849767,-0.022854043131714828,0.018083818357574
1959-10-30,0.0724051898692357,False,9264,6876,-0.04388801514678257,-0.0267714461051473,-0.02404045771533314,0.022078026527730055
1959-11-30,0.07140399540642019,False,9283,6895,-0.043861983030193785,-0.026395279661376975,-0.023679229038951585,0.003944224354351933
1959-12-31,0.06884472151152964,False,9305,6917,-0.043853913622508144,-0.025424437569828595,-0.022803663851314215,-0.02613079713921096
1960-01-29,0.06441160268150507,False,9325,6937,-0.043839762478874,-0.023905217623540427,-0.021571022833735458,0.008668006991680022
1960-02-29,0.06073589778705896,False,9345,6957,-0.04381299904254536,-0.022506567513697825,-0.020290867182662865,0.0030827236474535447
1960-03-31,0.05367257921881593,False,9368,6980,-0.04369464861243379,-0.019877727498257856,-0.017900459601744894,0.013860785665407604
1960-04-29,0.05032410794043022,False,9388,7000,-0.043580192558342695,-0.0186244375484007,-0.016750955367120166,0.013759356248781662
1960-05-31,0.05582897312328137,False,9409,7021,-0.043483752546502115,-0.020653369419062657,-0.018566524615414966,0.0006696585646612796
1960-06-30,0.060376266860415216,False,9431,7043,-0.04345923203134028,-0.022329498462910387,-0.02007373496814336,-0.0007198963796665181
1960-07-29,0.05694957769817153,False,9451,7063,-0.04344553491830472,-0.021055291390362288,-0.018897041014259156,0.0004770961724300804
1960-08-31,0.05798776836540681,False,9474,7086,-0.04343647333136265,-0.021429808521031588,-0.019219095975735873,0.009519423757619494
1960-09-30,0.06398002188183491,False,9495,7107,-0.043395521746216886,-0.023597474632299546,-0.021182513750261565,0.010935433721166232
1960-10-31,0.06328971354019605,False,9516,7128,-0.043357802752091446,-0.023324787336161296,-0.020922684920986617,-0.014413722360983927
1960-11-30,0.0615480365243285,False,9536,7148,-0.04332148678303241,-0.022697569283365637,-0.02039684677771792,-0.000735888109378191
1960-12-30,0.060316774449568115,False,9557,7169,-0.043290788129055756,-0.02222913884303922,-0.020008397154219447,-0.05003242174222944
1961-01-31,0.07424985818168324,False,9578,7190,-0.043440323200946006,-0.02752394994568287,-0.024912637410720466,0.027469209812468476
1961-02-28,0.07614789924876506,False,9597,7209,-0.04343610034449428,-0.0282113256599747,-0.025520429064107376,0.025372359689054935
1961-03-30,0.07238747737005398,False,9619,7231,-0.04338406995123035,-0.026797319449374565,-0.02420522267458631,0.022514626274841465
1961-04-28,0.07762065807502587,False,9639,7251,-0.04335369449176232,-0.028717573922729427,-0.02592187916138169,-0.008404670887844023
1961-05-31,0.07788838064820759,False,9660,7272,-0.04331362841809628,-0.028990212145757425,-0.026206997102272086,-0.010703278700463614
1961-06-30,0.0735504452739756,False,9682,7294,-0.043281959567839944,-0.027304379310036934,-0.02469255876276688,0.0021741045906145118
1961-07-31,0.059614468042582414,False,9702,7314,-0.043205934212389795,-0.02209225463132842,-0.019999246240097704,-0.0006257782425891367
1961-08-31,0.05604305773242642,False,9725,7337,-0.04306360421559534,-0.02075806654564746,-0.01876845207526013,0.0025849787612346464
1961-09-29,0.053390919078061205,False,9745,7357,-0.04303199852998122,-0.019761128375336237,-0.01784075557598559,0.01468668102398163
1961-10-31,0.04482582291492348,False,9767,7379,-0.04289204239846067,-0.016583000746589055,-0.014968285602607776,0.0007782416696460182
1961-11-30,0.0371300245084767,False,9787,7399,-0.04280803153722679,-0.013733359626631445,-0.012384097839646814,-0.016191176157302922
1961-12-29,0.036288673715087455,False,9807,7419,-0.0427439629798391,-0.013523707963706019,-0.012280828495494956,-0.017966613836921885
1962-01-31,0.04188292253413172,False,9829,7441,-0.042689330081068434,-0.015761086519429483,-0.014420249094960513,-0.0005286510195849914
1962-02-28,0.04160533811904522,False,9848,7460,-0.04259965639092432,-0.015646407584904945,-0.014290635968945722,-0.000629708929581474
1962-03-30,0.04265728917781904,False,9870,7482,-0.0424353463549889,-0.01603292280219493,-0.01464228584917408,0.006590536348104914
1962-04-30,0.044669941571487175,False,9890,7502,-0.04239813696024004,-0.0167844230626746,-0.015328803736866093,-0.007054392101245477
1962-05-31,0.05372910570631228,False,9912,7524,-0.04232147320884428,-0.020136396495587985,-0.018413296154092117,0.05933974313736767
1962-06-29,0.06629378492739786,False,9933,7544,-0.04223517853054323,-0.024795138473794432,-0.022573378134096614,-0.02497698922859315
1962-07-31,0.07363684403883757,False,9954,7560,-0.04210865520446022,-0.027676468496523894,-0.02526286997870521,0.010261384749428837
1962-08-31,0.07987221895002093,False,9977,7583,-0.04195669443250214,-0.030019834935173125,-0.02740834274324056,0.01009167775299935
1962-09-28,0.08083726368451671,False,9996,7602,-0.04191030570456425,-0.030368562615704392,-0.02772299060007881,0.0018775549000882297
1962-10-31,0.08556843997643107,False,10019,7625,-0.041838139241062944,-0.03202315131172846,-0.02913238796743616,-0.04267954590231082
1962-11-30,0.09090468678786638,False,10039,7645,-0.04190622716555158,-0.03421699820121822,-0.03135996618944362,0.04047984926756398
1962-12-31,0.08786596337604277,False,10059,7665,-0.041838139241062944,-0.03305521212107789,-0.030311678506804805,-0.03649488552981128
1963-01-31,0.08530000609613159,False,10081,7687,-0.04179557447735627,-0.03211576802485399,-0.029490201351733875,0.01114782439791595
1963-02-28,0.0798446331321028,False,10100,7706,-0.04177895849992991,-0.03005584697108145,-0.02757752757304608,0.009522456767188547
1963-03-29,0.07767765598935182,False,10121,7727,-0.04173243707836605,-0.029238102161073636,-0.026814506420832312,-0.01713583784793915
1963-04-30,0.07423652578077777,False,10142,7748,-0.041553105110502926,-0.027924968135317425,-0.02562285989505584,-0.0017053787263493492
1963-05-31,0.05832726978009586,False,10164,7770,-0.04128719432128686,-0.02192284984676296,-0.020109182339939784,-0.002215452110994387
1963-06-28,0.05016016108427167,False,10184,7790,-0.04117004546315805,-0.01885073735848078,-0.01725065393442359,0.0024572081290634706
1963-07-31,0.03893324132409325,False,10206,7812,-0.041008992256839794,-0.014609147456725003,-0.01336864586085357,0.0068110982707700884
1963-08-30,0.03919459758691346,False,10228,7834,-0.040974974310229985,-0.014660636531096349,-0.013454746317259129,0.0057962472149482025
1963-09-30,0.04026521079045881,False,10248,7854,-0.040953865823614946,-0.015052459792444524,-0.013818846079391366,0.0060935178644361265
1963-10-31,0.04030287136172908,False,10271,7877,-0.04091354111814399,-0.015048871003781014,-0.01382741730692436,-0.011391607621803912
1963-11-29,0.06433263184418994,False,10289,7895,-0.04089336114193263,-0.024048358785731923,-0.022078368035435617,0.01719785698677634
1963-12-31,0.06512259577136095,False,10310,7916,-0.04087030611583205,-0.02431757131838367,-0.022343059310406137,0.0016575432663450407
1964-01-31,0.06465833403359603,False,10332,7938,-0.04079806978837506,-0.024115773323015018,-0.022153560623200456,-0.000938462052623823
1964-02-28,0.06516459529529883,False,10351,7957,-0.040734117387147384,-0.024280496324739158,-0.022268655090797652,0.0021851918686501826
1964-03-31,0.0640862918259442,False,10372,7978,-0.04071195893695486,-0.023859292786389753,-0.021839368996137122,-0.0005143214359045745
1964-04-30,0.06195599599715979,False,10394,8000,-0.04063136042662885,-0.023022231950479772,-0.02104872094482445,0.022704633142273778
1964-05-28,0.03748450346476634,False,10414,8020,-0.04059136947253298,-0.01390425228015587,-0.01272498916182245,-0.0047362173982922195
1964-06-30,0.03679570627124962,False,10436,8042,-0.04055594972823939,-0.013637693299023574,-0.012473527528176364,-0.0011138527184161306
1964-07-31,0.034285850142589114,False,10458,8064,-0.04051683464863461,-0.012702005673224367,-0.011610078350859731,0.0005546604161412727
1964-08-31,0.035131524305103495,False,10479,8085,-0.04048205591695325,-0.013015060323683653,-0.01189596422429375,-0.005898510333218199
1964-09-30,0.03569526131015261,False,10500,8106,-0.040428176762849766,-0.0132136114322299,-0.012077463087453845,0.0062041495464100205
1964-10-30,0.033323855719290314,False,10522,8128,-0.04040958856553003,-0.01232818191205875,-0.011266795244420622,0.007408869424985198
1964-11-30,0.033052365724711416,False,10541,8147,-0.04032404064833184,-0.01222678758325819,-0.011160774399224187,-0.006808153100109404
1964-12-31,0.03177107363625091,False,10563,8169,-0.04028971165902913,-0.011747312148065348,-0.010700716121286374,-0.020497776613427554
1965-01-29,0.037848982020657805,False,10583,8189,-0.040267177400706386,-0.014083513786580956,-0.01291311683981446,-0.0010265274078180564
1965-02-26,0.03637042534807749,False,10602,8208,-0.040185116449778485,-0.013502208532218453,-0.012377330453671554,-0.00232080073427976
1965-03-31,0.036290527689744015,False,10625,8231,-0.04013750452841913,-0.0134536750023145,-0.01232336660840448,0.01793152854241642
1965-04-30,0.03654430516510168,False,10646,8252,-0.040123754121590055,-0.013541766870884332,-0.012396344501569677,0.011351374798464153
1965-05-28,0.03764636503037283,False,10666,8272,-0.0400963750617426,-0.013943480387752392,-0.012755415529317603,-0.03714487547612866
1965-06-30,0.056070709644163386,False,10688,8294,-0.04009074593086609,-0.020877828096824303,-0.01924798876727855,0.02656890961820335
1965-07-30,0.056014262469482524,False,10709,8315,-0.040065131664985244,-0.0208272644179663,-0.01922358011141144,0.01185820518187497
1965-08-31,0.05683780713574442,False,10731,8337,-0.04004066184967192,-0.021087415598147682,-0.019500349516603364,0.007907788804568217
1965-09-30,0.05899498554962176,False,10752,8358,-0.04001209076764078,-0.021867374863850632,-0.020213155943042065,0.01873359807267816
1965-10-29,0.0612014967137249,False,10773,8379,-0.03997585020952417,-0.02267568215065133,-0.020908095881338712,0.024851443477084345
1965-11-30,0.06179568917003905,False,10793,8399,-0.039938270867003696,-0.02288167167894104,-0.021056070052731926,0.015174624961316274
1965-12-31,0.05330775253187929,False,10815,8421,-0.03991890527535006,-0.019737223508814204,-0.018205932471695926,0.023464092395244496
1966-01-31,0.05563664547759941,False,10836,8442,-0.039916859090568996,-0.020598693737004743,-0.018998871569028755,0.02457331462082557
1966-02-28,0.06505325941104015,False,10855,8461,-0.039915701035952246,-0.024070725800340437,-0.022160347374875287,-0.03622442054117636
1966-03-31,0.08573302187605475,False,10878,8484,-0.039880723290004985,-0.031761829609691025,-0.029354418057292112,0.05978581172931152
1966-04-29,0.08903348403831046,False,10898,8504,-0.03987078536623816,-0.03296083646275155,-0.030395468910654776,-0.08380266260586233
1966-05-31,0.13446140561514328,False,10919,8525,-0.04004536570502935,-0.050236335591627775,-0.04641729916252238,0.04573569193428351
1966-06-30,0.1398762927732934,False,10941,8547,-0.04003991118630568,-0.05220430891951371,-0.04827859865483305,0.01732043244742898
1966-07-29,0.14455140428235239,False,10961,8567,-0.03998932860691495,-0.05388466931397333,-0.04985457598153244,0.024377228972617404
1966-08-31,0.15621622348527084,False,10984,8590,-0.040093761776378745,-0.058225058834521545,-0.053918144550268714,-0.001756756189409736
1966-09-30,0.15302623304518764,True,11005,2395,-0.040177782847647836,-0.057098448642917306,-0.07494743242733322,-0.024343283862366172
1966-10-31,0.1546100602160159,False,11026,8618,-0.04028743032739912,-0.057621179331805945,-0.05336598827155936,0.01284421855036788
1966-11-30,0.12143201291257613,False,11046,8638,-0.04025390799789233,-0.0452179507679971,-0.04191190134966536,-0.010302825437934704
1966-12-30,0.11203589424822769,False,11067,8659,-0.04017289377956074,-0.04166760682185501,-0.03858333391494433,-0.06084257972598561
1967-01-31,0.11138330575090712,False,11088,8680,-0.04047420220834869,-0.0415958231829167,-0.03863654923623807,0.0039980027949513275
1967-02-28,0.0998553105247791,False,11107,8699,-0.04045370144442981,-0.03725440830503942,-0.034587227254631925,0.00549144342887109
1967-03-31,0.07696182950008439,False,11129,8721,-0.04042094586367897,-0.028678779021806117,-0.02661665897849553,0.008982688590005727
1967-04-28,0.06477505322267255,False,11149,8741,-0.04037807091182544,-0.02411808567704812,-0.02237625812407743,0.004531699058083483
1967-05-31,0.0673410662226257,False,11171,8763,-0.04030763659755715,-0.02503259116651898,-0.02324720433269103,0.044550791767389075
1967-06-30,0.07373396069654785,False,11193,8785,-0.040282107220262445,-0.027352277721332984,-0.025449500576850283,0.005092136867485886
1967-07-31,0.06120017908470582,False,11213,8805,-0.040222946057992856,-0.022784048951814972,-0.02113860429465816,-0.023878601633017915
1967-08-31,0.06460658046979474,False,11236,8828,-0.04015089297316879,-0.024067116184553757,-0.02236367832853161,0.0062581713847613685
1967-09-29,0.06703050648771845,False,11256,8848,-0.040134298648456385,-0.024952155936922883,-0.023172679659431504,0.001027826855335201
1967-10-31,0.0704361725252023,False,11278,8870,-0.04010194458070659,-0.02616038245265614,-0.0243247994599809,-0.026223332614557338
1967-11-30,0.08205874188652947,False,11298,8890,-0.04009609394075911,-0.030542775844401,-0.02836473755454527,0.04437134957955613
1967-12-29,0.08072170464007845,False,11318,8910,-0.04008320631708445,-0.02998048573492864,-0.027876859389756835,-0.03398340585100168
1968-01-31,0.09167701216771883,False,11340,8932,-0.04014111483699459,-0.03428531297285969,-0.03188116793800663,-0.018750226364507183
1968-02-29,0.09881208347160818,False,11359,8951,-0.04027754455700243,-0.037117907325216346,-0.03443035927569552,0.00017379076032830731
1968-03-29,0.1048278535504761,False,11380,8972,-0.04019198411809338,-0.039222769977616256,-0.03652574062840995,0.019117524821926635
1968-04-30,0.1055576703039626,False,11400,8992,-0.04014111483699459,-0.03947639301809226,-0.03676471656421121,0.005103113076374788
1968-05-31,0.09303925795060956,False,11422,9014,-0.040131023968551206,-0.034755153429451485,-0.03237912167674613,-0.012226678415116266
1968-06-28,0.09282060547098402,False,11439,9031,-0.04013342431755745,-0.034867260265111194,-0.03235096911932124,0.02405443928238382
1968-07-30,0.09077182294082273,False,11456,9048,-0.04010557950418717,-0.03399132215180222,-0.031630789746462516,0.029438067172286475
1968-08-30,0.08383489392848345,False,11474,9066,-0.040096187647753606,-0.03135537239999778,-0.029202494627976354,-0.0019225411295052952
1968-09-30,0.0709315173953023,False,11491,9083,-0.0400884840467316,-0.02651225211677771,-0.02469788706103833,-0.025545905727090257
1968-10-31,0.06800984046445094,False,11509,9101,-0.040065131664985244,-0.025396906159196427,-0.02369254101991441,0.004581373426786328
1968-11-29,0.06401143522840329,False,11526,9118,-0.040041037181355044,-0.023883063200229964,-0.022291807070674262,0.009516405742092005
1968-12-31,0.06451886297820252,False,11544,9136,-0.04003232379939707,-0.024047531741775048,-0.0224514919149566,-0.01697517807684079
1969-01-31,0.05980474897531191,False,11566,9158,-0.039983712608002125,-0.022440885132573876,-0.020854941338317185,-0.0020079208864741682
1969-02-28,0.05093342006973486,False,11584,9176,-0.03995971617519866,-0.019052666662668628,-0.01775885585203323,0.012840824555892416
1969-03-28,0.04956238089519178,False,11604,9196,-0.039919143421798906,-0.018532036491736407,-0.017276260491528955,0.00941806506063747
1969-04-30,0.04679206941352424,False,11625,9217,-0.03991826436749557,-0.01747686587023644,-0.01630809628211859,0.00882488558872585
1969-05-29,0.04605996786798783,False,11646,9238,-0.03991603486676629,-0.017185259472257495,-0.01604689465866041,-0.007201182591692112
1969-06-30,0.04505658841945393,False,11667,9259,-0.039903211943698134,-0.016809887556194756,-0.015709576723551093,0.02076080050968865
1969-07-31,0.04263921387643152,False,11688,9280,-0.03987302339834274,-0.015889644138828138,-0.014862055165473391,0.02289313068686205
1969-08-29,0.043479313702036185,False,11709,9301,-0.039842706823581354,-0.016190817312180323,-0.015153249424214496,0.014666277537946693
1969-09-30,0.041606676387330815,False,11730,9322,-0.03976894582841106,-0.015488085253116034,-0.014494190337201686,-0.018583905631749165
1969-10-31,0.04966904226980898,False,11753,9345,-0.03975806239653368,-0.018668192816714797,-0.01734435166208821,0.014368345082041767
1969-11-28,0.050853552874898234,False,11772,9364,-0.03972335524877752,-0.01910672273386668,-0.017756011479984957,0.05956894380071098
1969-12-31,0.06529841529470737,False,11794,9386,-0.03968505541426023,-0.02446229781201701,-0.0227899882187487,-0.005644321854897272
1970-01-30,0.08734809809034237,True,11815,2408,-0.03982215147381228,-0.03287866798804399,-0.04270537863352044,0.0338445556680087
1970-02-27,0.0923571095260136,True,11834,2422,-0.03975443458590788,-0.03474998018443849,-0.04508321651845806,-0.012682406257782497
1970-03-31,0.0943658896000036,False,11855,9421,-0.03988685655919403,-0.035537202327978384,-0.032993919458114356,0.0013741766180848103
1970-04-30,0.09119742540225613,True,11877,2436,-0.039871009169448614,-0.03433638328335118,-0.04465553498220385,0.0009655354795996551
1970-05-29,0.10568095684653914,True,11898,2455,-0.03981187379892775,-0.039782221603326264,-0.05162597320662453,0.022447140296946166
1970-06-30,0.10941916175880742,True,11920,2477,-0.03991551557438889,-0.04124577582264561,-0.05369430397928925,0.015158550639844393
1970-07-31,0.09934281654956267,True,11942,2499,-0.03991864762483918,-0.03752639988541616,-0.04862341360026239,0.013414042724621433
1970-08-31,0.10424601747788766,True,11963,2520,-0.0400348529283666,-0.03943758443963798,-0.05126157630524373,-0.032402542048969196
1970-09-30,0.1206574025909727,True,11984,2541,-0.040400583521614436,-0.045958324805495734,-0.06019383213861411,0.037219582507282745
1970-10-30,0.13122483423498793,True,12006,2563,-0.040391578477698836,-0.04998105131122324,-0.06527946429149731,0.024458397882158645
1970-11-30,0.126026667019326,True,12026,2583,-0.040315838622944494,-0.047994671601502156,-0.06252672432153987,0.007021715873364087
1970-12-31,0.11794278002489206,True,12048,2605,-0.04028590943964579,-0.04489058797385097,-0.05844183889364315,-0.035558407691717364
1971-01-29,0.11848003308574857,True,12068,2625,-0.040451688178004326,-0.04512662663248504,-0.05870805321232435,-0.02002490593809758
1971-02-26,0.11669210701671333,False,12087,9443,-0.04050197132662897,-0.04444764407785657,-0.040783913624371566,-0.010404422228127763
1971-03-31,0.09591291716969136,False,12110,9460,-0.040472906644446235,-0.036531133848703004,-0.033494721797476396,0.013554929211791134
1971-04-30,0.08230620778531882,False,12131,9481,-0.04044564837872788,-0.03134128250005508,-0.028739477299473005,0.004680344253741531
1971-05-28,0.07801198266933151,False,12151,9501,-0.04041980340098045,-0.029689248443295936,-0.027230766164411068,0.02276527572162057
1971-06-30,0.07029291856225692,False,12173,9520,-0.04036006082399424,-0.02674061032837302,-0.02452410423523793,0.009913994142198401
1971-07-30,0.0606045331637831,False,12194,9541,-0.040302715382324744,-0.023054876358800727,-0.02115454337420719,0.012787261451010945
1971-08-31,0.06495975862024186,False,12216,9563,-0.04034655325812084,-0.024775376016699987,-0.022715239826908915,0.005488300309833161
1971-09-30,0.06300725672492087,False,12237,9584,-0.04029779416709234,-0.024002300983177297,-0.02203101882641018,0.002080308176392931
1971-10-29,0.06313866897551837,False,12258,9605,-0.0402783050008791,-0.02404871400884183,-0.022074363706088528,0.005980805039430104
1971-11-30,0.06116846900160314,False,12279,9621,-0.040196407252364744,-0.023297334339102662,-0.021380406931160476,0.0143825404556579
1971-12-31,0.061752279310160564,False,12301,9643,-0.04015779495098715,-0.02350955157807713,-0.021563960523776866,-0.028572812568381956
1972-01-31,0.0592093087275986,False,12322,9664,-0.040290472102905796,-0.02273319158245478,-0.02086060197729227,0.017716694482276862
1972-02-29,0.050239070055088444,False,12342,9684,-0.04027160053497773,-0.019261738375900138,-0.017672097937857536,0.003380723716303935
1972-03-30,0.05094914955129365,False,12364,9706,-0.0401830960788968,-0.019523460282315174,-0.017880420763630556,0.03460894790173463
1972-04-28,0.05093558598858058,False,12384,9726,-0.04015492625378173,-0.019508563989395003,-0.017848565777688855,0.011626650511760594
1972-05-31,0.0531734189233689,False,12406,9748,-0.040137213084786155,-0.020309716926663193,-0.01860337253841807,0.008816890765389829
1972-06-30,0.045732187352018124,False,12428,9770,-0.040120119198109476,-0.017425883752841508,-0.015991359220003,0.0043619480901377905
1972-07-31,0.0436721623004871,False,12448,9790,-0.04009632820824535,-0.016634546889636243,-0.015270027994762674,0.0040663043452779934
1972-08-31,0.04926525266351617,False,12471,9813,-0.040148232626969094,-0.018942911948117036,-0.01741955940658306,0.001764882800118217
1972-09-29,0.04927165513761525,False,12491,9833,-0.04013575586662127,-0.018945373754289785,-0.01742708848661737,-0.003622051462642384
1972-10-31,0.049642783161302384,False,12513,9855,-0.04011103188940803,-0.019082801638900176,-0.01755231789097975,-0.025448847423506282
1972-11-30,0.04750472481764406,False,12533,9875,-0.04009621107450223,-0.018423309064056537,-0.016970888928145734,0.035926220024325106
1972-12-29,0.05327721464190944,False,12552,9894,-0.040087730085353435,-0.02066220733261716,-0.019047732790158235,0.013714410155606593
1973-01-31,0.05450844485031736,False,12573,9915,-0.04005722528100288,-0.021131289912048025,-0.01947294225472729,0.012727927914954362
1973-02-28,0.05053491782916136,False,12592,9934,-0.040040586783335295,-0.01957907459142087,-0.018039405347853064,0.021756467686606218
1973-03-30,0.05297034340081335,False,12614,9956,-0.0400070325097017,-0.02051115732527939,-0.018902979575513637,0.025661979576532934
1973-04-30,0.05843270454120784,False,12634,9976,-0.0399747270097416,-0.022608805551284913,-0.020850610424489872,0.022736022901163055
1973-05-31,0.06628516817509097,False,12656,9998,-0.03993184660084784,-0.025635018568635464,-0.023633791661754704,0.007504767880604835
1973-06-29,0.07150424882480828,False,12677,10019,-0.03991940148280617,-0.02763010830685797,-0.025490636104240693,-0.06378414637791441
1973-07-31,0.09454166742764851,False,12698,10037,-0.04029615376201487,-0.036895331463223324,-0.0338943515409399,0.0293109093697419
1973-08-31,0.09756565707255853,False,12721,10060,-0.040276023669249095,-0.03806739609494822,-0.03491319277479023,-0.01107859599732619
1973-09-28,0.10617573960185109,False,12740,10079,-0.04046642882493394,-0.041540512807294476,-0.03816417100128231,-0.002204507904528419
1973-10-31,0.10690199174945288,False,12763,10102,-0.04054136273447353,-0.041925182262501866,-0.03850040419052835,0.05458322151806505
1973-11-30,0.10520419839531166,True,12784,2661,-0.0405069501790479,-0.04118527491608383,-0.05220073874434999,0.06318812358513082
1973-12-31,0.11750739210790141,True,12804,2672,-0.04047679333615361,-0.045985162128597275,-0.05827560460700002,-0.035971378977999624
1974-01-31,0.11346029437649142,True,12826,2694,-0.040738230198348935,-0.0444843377588303,-0.056166130609614645,0.013753789545001283
1974-02-28,0.11201934690043543,True,12845,2713,-0.04072082528191177,-0.0438524544374251,-0.05533391666381254,-0.04092702454569175
1974-03-29,0.10628700165119014,True,12866,2734,-0.040777967270515136,-0.04159292322179085,-0.052427018465352915,0.009512690998716211
1974-04-30,0.10025375564037535,True,12887,2755,-0.04073740763610862,-0.039215837338591866,-0.04943220427046498,0.011840231366497145
1974-05-31,0.09448555868491276,True,12909,2777,-0.040715758799079245,-0.036932196144192325,-0.04648156727075486,0.010383304961504747
1974-06-28,0.07107360579005469,True,12929,2797,-0.0406670375802961,-0.027760056880568023,-0.03490802155137541,-0.013971694155259562
1974-07-31,0.056684332932478765,True,12951,2819,-0.04060542719622251,-0.02212509515937792,-0.027823588233261774,0.005495211137016787
1974-08-30,0.06457477526093373,True,12973,2841,-0.04059157947215177,-0.025196673465373177,-0.031686419687142996,0.029166859277860002
1974-09-30,0.07144904757937716,True,12993,2861,-0.0405627396776318,-0.02787467288412957,-0.03496092237428345,-0.04263235047252123
1974-10-31,0.08647227810113539,True,13016,2884,-0.04055594972823939,-0.03374023980490503,-0.04229706570410634,0.00609172775380018
1974-11-29,0.09131285298357565,True,13036,2904,-0.04052581780555506,-0.03562333143814784,-0.04456932697189248,0.0316213999621473
1974-12-31,0.09661850505984919,True,13057,2925,-0.040513452430260236,-0.037631821512467745,-0.047111890080241886,-0.09118647358794785
1975-01-31,0.11449908785662923,True,13079,2947,-0.04098100194214779,-0.04504492944931381,-0.0569265164061937,-0.019347376720689757
1975-02-28,0.11355655859526606,True,13098,2966,-0.041221891926559756,-0.04489290619358011,-0.056900789516987134,-0.029777169330331033
1975-03-31,0.10683128904960425,True,13118,2986,-0.041200215110842105,-0.04216791076856587,-0.053316855137128506,0.0077190420999726506
1975-04-30,0.09567454499499901,True,13140,3008,-0.041065778387392886,-0.03768734876511551,-0.04768755011028942,-0.022190441715649212
1975-05-30,0.08809941384595073,True,13161,3029,-0.04101975776249056,-0.034672895435217094,-0.04378865070930588,-0.00721695769929509
1975-06-30,0.08469504920596062,False,13182,10132,-0.04097644982136499,-0.03331670528962678,-0.030496773707678098,0.017060609941424776
1975-07-31,0.05899697212569549,True,13204,3063,-0.0409650644458756,-0.023186142751708702,-0.02923990372336958,-0.017325681422678763
1975-08-29,0.05955356580424123,True,13225,3084,-0.040925739941399454,-0.023404646055129576,-0.029448221009180684,-0.015266952956271895
1975-09-30,0.06173347746563523,True,13246,3105,-0.04091707132118713,-0.02425537764221342,-0.03046129262470091,0.008168168679509202
1975-10-31,0.06270539753482227,True,13269,3128,-0.04089336114193262,-0.02462495193280646,-0.030919875383633007,0.006386327591878738
1975-11-28,0.06208993219516427,False,13288,10141,-0.040871056264923815,-0.024372167472796222,-0.02235571058114354,-0.016963912923219193
1975-12-31,0.06426019607813296,True,13310,3156,-0.040831828073581544,-0.025223537831854326,-0.031616828614132925,0.010179833431817276
1976-01-30,0.06198066795380717,False,13331,10168,-0.04076609251686025,-0.024321974018316234,-0.022273326554925244,0.0009614340202153127
1976-02-27,0.05582578758960861,False,13350,10187,-0.04073493994938769,-0.02190088529809495,-0.02005877390110209,0.013137365574233728
1976-03-31,0.049598859664311816,False,13373,10210,-0.04071069231624673,-0.019468035246821325,-0.01784311865486068,-0.013295450558818644
1976-04-30,0.05221790803929335,False,13394,10231,-0.0406460864738676,-0.020489930883380126,-0.018764622390406868,-0.0002240428547515272
1976-05-28,0.05176692380275361,False,13414,10251,-0.04060202887762895,-0.020307648597230818,-0.018599737651765025,-0.002722179645035405
1976-06-30,0.04713095288661261,False,13436,10273,-0.04059094947329539,-0.018460751814114443,-0.016933750182453234,-0.009075503206990798
1976-07-30,0.043038557596649284,False,13457,10294,-0.04055368641177526,-0.016844659250263534,-0.01545757951616668,0.0030843511612266283
1976-08-31,0.0398298400699789,False,13479,10316,-0.04052205473748233,-0.015623971209961734,-0.014345196900805659,0.0029921851230807484
1976-09-30,0.03654556607852857,False,13500,10337,-0.04051230988116518,-0.014309014335426357,-0.013160601688116693,-0.01671067696510653
1976-10-29,0.0322329520832346,False,13521,10358,-0.0404787366820073,-0.012653323136385007,-0.01163095739553272,0.002773289271927881
1976-11-30,0.03405037209782146,False,13541,10378,-0.04046578104298271,-0.013363992845043556,-0.012283017490370801,0.010932437567624964
1976-12-31,0.033710326014443966,False,13563,10400,-0.04042437325177454,-0.013225860582798081,-0.01214338245224645,0.017525001386716088
1977-01-31,0.035636307328342796,False,13584,10421,-0.04040058352161443,-0.013974615984208776,-0.012834375759903772,-0.0017172236369525917
1977-02-28,0.033689986642919584,False,13603,10440,-0.0403207598381769,-0.013189179057858495,-0.012132050298577477,-0.0026230938421927252
1977-03-31,0.03523672629516113,False,13626,10463,-0.04028743032739912,-0.013789065724063397,-0.012684724700749255,0.009729041486887136
1977-04-29,0.03325807210287601,False,13646,10483,-0.040270628509272904,-0.013009814232136237,-0.011951984526432655,0.010334131375398847
1977-05-31,0.03232018811826596,False,13667,10504,-0.04023437841568764,-0.0126341990983008,-0.011613274777355706,0.0033917075089784365
1977-06-30,0.03132116217511891,False,13689,10526,-0.04017565457068808,-0.012233475899832036,-0.011251320886064398,0.006386950744641684
1977-07-29,0.03205011076424072,False,13708,10545,-0.04015110132417451,-0.012518632493609173,-0.011513448136726091,-0.0008206969091459904
1977-08-31,0.03380067928311648,False,13731,10568,-0.04013575586662127,-0.013245814615696147,-0.012174434925143057,0.0145838240565348
1977-09-30,0.032465080317166925,False,13752,10589,-0.04012399160256969,-0.012707530221668864,-0.011691710019421929,-0.008502973188166618
1977-10-31,0.03311114132735535,False,13773,10610,-0.0401045956510649,-0.012960172778934282,-0.011924306814845452,0.008406990187010521
1977-11-30,0.03501097427950412,False,13794,10631,-0.040096187647753606,-0.013699051515683807,-0.012606753011964377,0.019954242254543564
1977-12-30,0.03750815378021291,False,13815,10652,-0.04008546820121894,-0.014668342782503637,-0.013490961111512295,-0.01700527762954618
1978-01-31,0.03853345351769161,False,13836,10673,-0.040051295493016115,-0.015119749476999216,-0.013914373647716237,0.005887271848429743
1978-02-28,0.03740692556198785,False,13855,10692,-0.040040361584325425,-0.014674199335403806,-0.013500402913361046,0.0017858151568572733
1978-03-31,0.037888163850998385,False,13877,10712,-0.0399994451227931,-0.01483900201575393,-0.013668454681722238,0.00406513377953166
1978-04-28,0.04005751265368459,False,13897,10732,-0.039971357410393905,-0.015688633351348086,-0.014451064414803389,0.022396393033142337
1978-05-31,0.04018262310999744,False,13919,10754,-0.03992484299876467,-0.015726306881323746,-0.014481096844678526,0.028041176021414094
1978-06-30,0.04129845323980185,False,13941,10776,-0.039919208370830406,-0.01615748347790475,-0.014874135632550802,0.024731949602832204
1978-07-31,0.04095335102284184,False,13961,10796,-0.03991877537728705,-0.0160127410347708,-0.01474799760770228,0.015886014592384257
1978-08-31,0.04307730910816158,False,13984,10819,-0.03991610905139163,-0.016828186945631023,-0.015510371882640046,-0.009320104121044337
1978-09-29,0.05846625967171238,False,14004,10839,-0.040032323799397064,-0.022963860710799772,-0.02116264195694057,0.012750702966591865
1978-10-31,0.08305537140968129,False,14026,10861,-0.04015301378897812,-0.03281559964052242,-0.030376192103143462,0.009716868167192416
1978-11-30,0.10225602691284318,False,14047,10882,-0.04015205755657631,-0.040450748336918876,-0.037441938454720596,0.027062663023194933
1978-12-29,0.10396150364437844,False,14067,10902,-0.04013692164115318,-0.04107233919699293,-0.03802161541651263,0.00517649314446178
1979-01-31,0.10298824243572716,False,14089,10924,-0.040126405191948364,-0.04061036633483083,-0.03764935777571238,-0.003948296537413243
1979-02-28,0.10312015205574568,False,14108,10943,-0.04010966031080189,-0.0406052710825085,-0.03767130454641367,0.014044075600932127
1979-03-30,0.09733149623837141,False,14130,10965,-0.0400962813547481,-0.0382986879343731,-0.035507023809303664,-0.00012624588747489618
1979-04-30,0.07557337626439689,False,14150,10985,-0.04008923800810976,-0.02972452536663998,-0.027531290695532788,-0.00990852223509453
1979-05-31,0.04762869723181716,False,14172,11007,-0.04005920187699847,-0.018723540661409434,-0.017324800270167667,-0.00615118088107669
1979-06-29,0.043904202987870164,False,14193,11028,-0.04004051171699867,-0.017252999329538908,-0.015960457707846112,-0.006165103248315762
1979-07-31,0.04623686667584759,False,14214,11049,-0.0400070325097017,-0.018164959444611134,-0.016780667998530212,-0.03175708236507557
1979-08-31,0.04593495923585986,False,14237,11072,-0.039971357410393905,-0.0181806668356092,-0.016822427212584968,0.02809550775024494
1979-09-28,0.05105404979039476,False,14256,11091,-0.03993184660084784,-0.020185763934752236,-0.018683620473422417,-0.0009174600261756538
1979-10-31,0.06682507792737774,False,14279,11114,-0.03991930492681829,-0.02641680090790858,-0.024450669768344896,0.0426772269896305
1979-11-30,0.07587646802533779,False,14300,11135,-0.03991879702696422,-0.02994464578862412,-0.02774382844545413,0.03663364395556035
1979-12-31,0.0777127716659244,False,14320,11155,-0.039916348080777514,-0.030611991198187246,-0.028398915013895656,0.00344382942735999
1980-01-31,0.08297366907640098,False,14342,11177,-0.0399134340590132,-0.03265485540691913,-0.03028481062022935,0.03339901144091861
1980-02-29,0.09637266417402866,False,14362,11197,-0.03987436621760549,-0.037911395832398546,-0.03512946639799092,-0.05830373322026794
1980-03-31,0.13944762113424564,False,14383,11218,-0.040096445341988474,-0.055449251526679906,-0.05141023543044895,0.0027118651798443416
1980-04-30,0.1393917644626113,False,14404,11239,-0.04009642191523985,-0.05541586718299305,-0.05138356620214749,-0.03548623559119546
1980-05-30,0.13629325617946073,False,14425,11260,-0.040096398488491225,-0.054164458254286424,-0.050135262302626785,0.012862234496327618
1980-06-30,0.13640623622107648,False,14446,11281,-0.04009225385362242,-0.054144412333138624,-0.05016402758125401,-0.001959125601209477
1980-07-31,0.13118084311361972,False,14468,11303,-0.04006710826098083,-0.052045075356091236,-0.048215887393927404,0.004482597502856178
1980-08-29,0.1188295478405944,False,14489,11324,-0.04004081198234517,-0.04712983496196137,-0.04363925479989723,0.025466912746919368
1980-09-30,0.0777274705622157,False,14510,11345,-0.040017149025579846,-0.030806286297016833,-0.02850386573345924,0.06210057944330294
1980-10-31,0.07892165634349109,False,14533,11368,-0.03997585020952417,-0.031242307620959378,-0.028925862841743068,0.09115801012065439
1980-11-28,0.09105975269019846,False,14551,11386,-0.03994351927098644,-0.03601348662645458,-0.033350682611740914,-0.0517514283954581
1980-12-31,0.10928974480709573,False,14573,11408,-0.03997585020952417,-0.04334351006583131,-0.04012274946502953,-0.05006575319157547
1981-01-30,0.1221502582887163,False,14594,11429,-0.04014536392976368,-0.04863447666757687,-0.04526113648832866,-0.00790617676960148
1981-02-27,0.12356855069150931,False,14613,11448,-0.04014632016216548,-0.04916367065876074,-0.04576381485202403,-0.0012544260918846417
1981-03-31,0.1207414454112593,False,14635,11470,-0.04013459009208936,-0.04801526201482644,-0.04468261774898513,-0.012575787311064679
1981-04-30,0.11296412740334917,False,14656,11491,-0.040120773483398126,-0.04492009983379565,-0.04176079498582951,0.0031434994884720346
1981-05-29,0.09730175825749557,False,14676,11511,-0.04010155685522271,-0.0386854105135308,-0.035901987484056964,-0.019558946659786525
1981-06-30,0.07925171241052213,False,14698,11533,-0.04009609394075911,-0.03150447178813596,-0.029172805375378134,-0.04227395531678979
1981-07-31,0.06396488536689572,False,14720,11555,-0.04018839954825296,-0.025482081896790618,-0.023816653703185996,-0.0017161376385438354
1981-08-31,0.05710432838235743,False,14741,11576,-0.04015779495098715,-0.02274850412739261,-0.02119370222895638,-0.008496611367152518
1981-09-30,0.057201881087951226,False,14762,11597,-0.040138378859318063,-0.022775402228755688,-0.02120216163684301,0.009522696566469424
1981-10-30,0.05974993355644936,False,14784,11619,-0.04013042784091282,-0.023785175027897534,-0.022143099785423066,0.014394132070153942
1981-11-30,0.060140721645155805,False,14804,11639,-0.04011371203859147,-0.023916450970426273,-0.022280135451107182,0.001137789187305005
1981-12-31,0.05830120547638884,False,14826,11661,-0.0400963750617426,-0.023213002435357597,-0.021615383722509582,0.013607028801702059
1982-01-29,0.0616834772041923,False,14846,11681,-0.04009225385362242,-0.02455195613730712,-0.022861766087043368,0.03418530906016137
1982-02-26,0.07032006029576564,False,14865,11700,-0.0400730380489676,-0.02796448744746076,-0.02606021569765338,0.04611666276883719
1982-03-31,0.08278196228647952,False,14888,11723,-0.04009074593086609,-0.03296009979184576,-0.030806865868437956,-0.007706763199036737
1982-04-30,0.0855464888817777,False,14909,11744,-0.04006513166498524,-0.03404410490482478,-0.03171508900599577,-0.02464357766698322
1982-05-28,0.08780949652514877,False,14929,11764,-0.04004081198234517,-0.034919437368067095,-0.03254436185186013,0.029932679609183444
1982-06-30,0.08889666900396276,False,14951,11786,-0.040014619896610315,-0.035350234595765404,-0.032941328664238226,0.03838552343458557
1982-07-30,0.08554813849523621,True,14972,3165,-0.03997697340930673,-0.03401378403688488,-0.04205023908167159,0.024807638516208597
1982-08-31,0.09117355055058521,False,14994,11816,-0.04008622216259711,-0.036301011386090425,-0.03375573830134984,-0.00502517943918257
1982-09-30,0.08639896295673993,False,15015,11835,-0.040102569787170105,-0.0344256704195252,-0.03201978384145752,-0.044523993514392735
1982-10-29,0.10473031881933771,False,15036,11856,-0.040259838189320524,-0.04197635678999571,-0.03913477941665591,0.01403529153153138
1982-11-30,0.10237591669919309,False,15057,11877,-0.040214354423821236,-0.04099311966084875,-0.03821574498562655,-0.006084720478325867
1982-12-31,0.11270577057098774,False,15079,11899,-0.04018923811268388,-0.04507944246267895,-0.04201854604070704,-0.04777925946042083
1983-01-31,0.12139727641096455,False,15100,11920,-0.04042752898089854,-0.048808196238476466,-0.04559268627289975,0.005595547954768687
1983-02-28,0.11147456176186628,False,15119,11939,-0.04041523355018636,-0.044802569172609094,-0.041828211521830264,-0.016851647687199822
1983-03-31,0.11381553707644725,False,15142,11962,-0.04032240024325437,-0.04571237756739845,-0.04257683548028603,0.028265524556132293
1983-04-29,0.09729742935967081,False,15162,11982,-0.040290472102905796,-0.03905739053974638,-0.036395823677152835,-0.00024345756297672327
1983-05-31,0.09785504381481896,False,15183,12003,-0.04027386560525862,-0.039226502438753634,-0.03659127732147119,0.0417403151099669
1983-06-30,0.08865530553779703,False,15205,12025,-0.04024442087796356,-0.035523341826378126,-0.033112809563431767,-0.027155844991022304
1983-07-29,0.0833815480786975,False,15225,12045,-0.04020097801471678,-0.03342384981798561,-0.03119171621236334,-0.03000616247861676
1983-08-31,0.08968812541245437,False,15248,12068,-0.040382573433783236,-0.03611940116890347,-0.03378297829329383,0.0006327520902866812
1983-09-30,0.08545881159950762,False,15269,12089,-0.04031091740771209,-0.03440223679229362,-0.03217287614191816,-0.012287577261791416
1983-10-31,0.08240800737792497,False,15290,12110,-0.040284388551892446,-0.03316432817836118,-0.03101128117476198,0.0019657739345724234
1983-11-30,0.07780354336404055,False,15311,12131,-0.040265233349296714,-0.03129221556433021,-0.029255681386270514,0.0037876873424769197
1983-12-30,0.07010652466069144,False,15332,12152,-0.0402268821130472,-0.028179929267845762,-0.02634971463146663,-0.013946478671646001
1984-01-31,0.056767534383661014,False,15353,12173,-0.04019426949926941,-0.022806064158779647,-0.021328085164018743,-0.001530149051730878
1984-02-29,0.04515719743296892,False,15373,12193,-0.0401697013641211,-0.018131928459688876,-0.016960385193866535,-0.009678894798703541
1984-03-30,0.04271523007078547,False,15395,12215,-0.04014440769736187,-0.017130780782740013,-0.016031082830451307,0.017006231807015215
1984-04-30,0.040238051642694325,False,15415,12235,-0.04013459009208936,-0.016127765059901458,-0.015065837193842642,-0.0014176236855406588
1984-05-31,0.04765706831100856,False,15437,12257,-0.040119968953605235,-0.019154463273023718,-0.017911826452273266,0.005025861415553834
1984-06-29,0.05293065198918428,False,15458,12278,-0.04009953099132792,-0.021261324756143053,-0.01988354145522724,0.032432413255854886
1984-07-31,0.058062653056850044,False,15479,12299,-0.040096070514010484,-0.02331046946806513,-0.021806518154451712,-0.05364464930728996
1984-08-31,0.0800774744856513,False,15502,12322,-0.04020349370800955,-0.032277442745690436,-0.03018511949575251,0.013826708482676864
1984-09-28,0.08027026846846931,False,15521,12341,-0.040187560983822035,-0.03234698816354453,-0.030254755128168033,0.015393807953885785
1984-10-31,0.07910016434875554,False,15544,12364,-0.04015492625378173,-0.031858600390175976,-0.029798881778204972,0.0035675766096467942
1984-11-30,0.07694634494243463,False,15565,12385,-0.04013750452841913,-0.0309766651551978,-0.028969375921504458,0.016177503489879896
1984-12-31,0.07784522181868414,False,15585,12405,-0.04012962331111993,-0.03133118544574695,-0.029299054410112723,-0.03869031580848903
1985-01-31,0.07198695881894261,False,15607,12427,-0.040178631173971566,-0.029080367261321186,-0.027225558864945733,-0.0008376401740901596
1985-02-28,0.05655603946529617,False,15626,12446,-0.04015301378897812,-0.022840269741935114,-0.021386483482833948,0.015905300470905548
1985-03-29,0.05461894909278408,False,15647,12467,-0.04013692164115318,-0.02204432855910051,-0.020645403814515798,0.015295587052676973
1985-04-30,0.05277682673295297,False,15668,12488,-0.04012720972174126,-0.021275673997307853,-0.01992336848926172,0.017516608522932797
1985-05-31,0.051040965508110624,False,15690,12510,-0.04010763444690709,-0.02057128785589611,-0.01924055717359146,0.02718700591939638
1985-06-28,0.04917114112973319,False,15710,12530,-0.0400962813547481,-0.019810742887208896,-0.018534226218632464,0.014559903310407574
1985-07-31,0.0484002264457527,False,15732,12552,-0.040147276394567284,-0.019559824643153003,-0.01830804434197986,0.013660657567281964
1985-08-30,0.04729212027389067,False,15754,12574,-0.04014536392976368,-0.01912849919728265,-0.017905015501246048,0.0041922690475164615
1985-09-30,0.04875985397845384,False,15773,12593,-0.040135172979355316,-0.019721091979709934,-0.01845299316491747,0.021189478605831535
1985-10-31,0.04904106524128672,False,15796,12616,-0.040120773483398126,-0.019828102855665927,-0.018554030846939188,-0.0019142837153648395
1985-11-29,0.04931646053804085,False,15816,12636,-0.04010155685522271,-0.019927511102480085,-0.018653548024058733,0.003252600961432206
1985-12-31,0.04722371099352675,False,15837,12657,-0.04009611736750773,-0.019073564106139907,-0.01785901810573339,-0.010489368863204396
1986-01-31,0.04257516459158013,False,15859,12679,-0.04008245235570629,-0.017192030353420335,-0.016097071083330066,0.0059824116259799
1986-02-28,0.04343179296322153,False,15878,12698,-0.040047342301024934,-0.01751366958019066,-0.01640986069321203,0.006142743960756203
1986-03-31,0.048311085270361494,False,15898,12718,-0.04004013638531555,-0.01947385006428405,-0.018253406666767183,0.0008980170039611934
1986-04-30,0.05366844734106008,False,15920,12740,-0.039991857735884484,-0.021627381206475872,-0.020233736895018287,-0.008909592358720908
1986-05-30,0.056800221126331346,False,15941,12761,-0.03996686461126364,-0.02294777972009943,-0.021491836442823955,0.018231373518801552
1986-06-30,0.055959563972569876,False,15962,12782,-0.03994141465756764,-0.022600204953680078,-0.021170514260577155,-0.012650291233676336
1986-07-31,0.06324425286142717,False,15984,12804,-0.039920331855348275,-0.025531675089151332,-0.023919477922426935,-0.020837052207767215
1986-08-29,0.0708014836002759,False,16005,12825,-0.03991998081873347,-0.0286192737984681,-0.02681054092512887,-0.06323609044673362
1986-09-30,0.07775302952297189,False,16026,12846,-0.04011168617469668,-0.03152713474197847,-0.02978816041215362,0.016375682947333603
1986-10-31,0.07599589567864923,False,16049,12869,-0.04009630478149673,-0.030799678336560752,-0.029093871556669527,-0.009768429382145172
1986-11-28,0.07370791327937681,False,16068,12888,-0.04009074593086609,-0.02986780178186487,-0.028209575030813203,0.013978025760888801
1986-12-31,0.07162668217920004,False,16090,12910,-0.04006315506898965,-0.029015949495731885,-0.027389122570201947,-0.002150352726184801
1987-01-30,0.0640378837876466,False,16111,12931,-0.04004066184967192,-0.02593504151704899,-0.024434701817012308,-0.022699788979703706
1987-02-27,0.05791140820253063,False,16130,12950,-0.040017149025579846,-0.023453946160860092,-0.022100892646405825,0.011721105947958499
1987-03-31,0.047848313658896406,False,16152,12972,-0.03997697340930673,-0.019376752379902704,-0.018224679423137297,-0.0014021988664139062
1987-04-30,0.05084305104928434,False,16173,12993,-0.03995225953167232,-0.020584031044423606,-0.019359637181854565,0.004284109424554927
1987-05-29,0.05019386416684944,False,16193,13013,-0.03992922495941924,-0.020317528061263797,-0.019101075444422418,-0.009872131322602895
1987-06-30,0.05102850811066431,False,16215,13035,-0.03992022966881713,-0.020650301544746792,-0.019411920590525357,0.02117011107493294
1987-07-31,0.050098328914247564,False,16237,13057,-0.03991940148280617,-0.02026669480950839,-0.019028447133544183,-0.012892946049924636
1987-08-31,0.051246730237158866,False,16258,13078,-0.03991884032631855,-0.02073759533126657,-0.019494658771661337,0.005504507603056208
1987-09-30,0.05394017426742456,False,16279,13099,-0.039916475833225384,-0.021820169724295325,-0.02048375066568155,-0.03014710509083829
1987-10-30,0.1354666772309712,False,16301,13121,-0.04008094443294996,-0.055040495740179864,-0.05201573111814944,-0.013648662808747769
1987-11-30,0.14194359950346525,False,16321,13141,-0.040041412513038166,-0.057623315216919005,-0.05442287111406761,0.04209674893853399
1987-12-31,0.14453002954403674,False,16343,13163,-0.0400348529283666,-0.05860871496597022,-0.05537924305552829,-0.0442529500416754
1988-01-29,0.1482452092986486,False,16363,13183,-0.04013123237070572,-0.060083685379989524,-0.05675362229971624,-0.004417393559185689
1988-02-29,0.1475955950562215,False,16383,13203,-0.040114724970538876,-0.059811123790771074,-0.05649964742674481,-0.007713810328625725
1988-03-31,0.1454702900251461,False,16406,13226,-0.0400963750617426,-0.05893460042549597,-0.05563424056801077,0.006281667725031026
1988-04-29,0.0795098866808406,False,16426,13246,-0.04009225385362242,-0.03220180549219254,-0.030364711729773893,0.006108115684340554
1988-05-31,0.06141718977615398,False,16447,13267,-0.04006908485697642,-0.02487208551438965,-0.023393341050553046,-0.005816438008639957
1988-06-30,0.05536348688440887,False,16469,13289,-0.04004081198234517,-0.02241589202435409,-0.0210873558296702,-0.0010075748664453155
1988-07-29,0.041405702022790446,False,16489,13309,-0.04001967815454938,-0.01676792220645486,-0.01580452494210909,0.006007900335465166
1988-08-31,0.03901990671439533,False,16512,13332,-0.03997697340930673,-0.015797686557165933,-0.014862076353622095,-0.005707545441883455
1988-09-30,0.035729403017684375,False,16533,13353,-0.03995225953167232,-0.014462587419269635,-0.013604775183065366,0.008930488472031373
1988-10-31,0.03440047674088417,False,16554,13374,-0.03992811680504211,-0.013921469645844377,-0.013090501947512363,-0.0003108405410527926
1988-11-30,0.03309192046406664,False,16575,13395,-0.03992022966881713,-0.01338737929297428,-0.012588604997883406,0.005596004479162753
1988-12-30,0.029871757899395758,False,16596,13416,-0.03991944976080011,-0.01208222100480777,-0.011347034346715622,0.0019689592741636286
1989-01-31,0.03092718933236761,False,16617,13437,-0.03991886197599572,-0.012511233829532451,-0.011767554990435792,0.0020915706469037953
1989-02-28,0.0294073215373334,False,16636,13456,-0.039916859090568996,-0.01189437056801711,-0.011186881875871137,0.019968163827993823
1989-03-31,0.028955427815870943,False,16658,13478,-0.03991558975901423,-0.011711099121947234,-0.010996857817333203,0.0008877464891947628
1989-04-28,0.029054773101852182,False,16678,13498,-0.039880723290004985,-0.01174679266741208,-0.011028572998835468,0.0058983215481571705
1989-05-31,0.029502772751050253,False,16700,13520,-0.039870337759817236,-0.011919761993494957,-0.01118770853029426,0.005171384900536369
1989-06-30,0.03190943183449234,False,16722,13542,-0.03979796831341741,-0.01288715722961149,-0.012085673095657983,0.025046396416570804
1989-07-31,0.0345045226021186,False,16742,13562,-0.03972852312400461,-0.013931698151679037,-0.01306667247964161,-0.011984444729328358
1989-08-31,0.039496519340318,False,16765,13585,-0.03970835070051532,-0.015943444999037312,-0.014956226823608724,-0.0022146098241496714
1989-09-29,0.04527892048183254,False,16785,13605,-0.039655749970740437,-0.01825351990677292,-0.017138838941990902,0.012160720201895181
1989-10-31,0.05732195670072779,False,16807,13627,-0.0396024486197929,-0.023103666897218197,-0.021688347307048654,0.01382992546730688
1989-11-30,0.05905831287803701,False,16828,13648,-0.039569489581173276,-0.023796571683888167,-0.02234089713669626,0.01893864106622134
1989-12-29,0.0579667325282365,False,16848,13668,-0.03954009755596506,-0.023350918481811905,-0.02192296277290753,-0.02623986061760486
1990-01-31,0.061519533158177576,False,16870,13690,-0.039516659636416186,-0.02478172617436044,-0.023266355229815634,0.011419245886050478
1990-02-28,0.06146498580492889,False,16889,13709,-0.039493474485515274,-0.02475269277837474,-0.023241922871794687,-0.004009175055374348
1990-03-30,0.05793577133343535,False,16911,13731,-0.03946187110776589,-0.0233221297661068,-0.02189577557488414,0.009892827344442079
1990-04-30,0.04781425561482799,False,16931,13751,-0.03943062255221891,-0.01924201612843242,-0.01805108686497504,0.019857946576830043
1990-05-31,0.04659702994827151,False,16953,13773,-0.039395058928569184,-0.01873963598838033,-0.017571229566464622,-0.0023324506559491143
1990-06-29,0.05309791709662549,False,16974,13794,-0.03936656091118646,-0.021374023011331105,-0.020065091347889762,0.04766752170036126
1990-07-31,0.050869143495837585,False,16995,13815,-0.03935716512645293,-0.02046977817752392,-0.01919905316370972,0.014630205361882975
1990-08-31,0.052570399275639085,False,17018,13838,-0.039350551699711564,-0.02113776776762011,-0.019819906558715673,0.035844544231862674
1990-09-28,0.058065184060675436,False,17037,13857,-0.03933700162408695,-0.023337722502637766,-0.021887980925625973,0.01790685729593644
1990-10-31,0.061888003360910875,False,17060,13880,-0.039267619675299265,-0.024857797931508652,-0.023326398651424215,-0.06256003605235427
1990-11-30,0.0782119663478685,False,17081,13901,-0.03936063500590914,-0.031503245131916165,-0.029577432022753713,-0.022318439722084138
1990-12-31,0.086640432131887,False,17101,13921,-0.03942129807565642,-0.034923288367292214,-0.03278265400714951,-0.0016692250764737127
1991-01-31,0.09512681556743147,False,17123,13943,-0.039416924884475214,-0.038349572129948904,-0.03600878909655501,-0.047860475320933515
1991-02-28,0.10170950083448507,False,17142,13962,-0.03971611579593369,-0.04116871404438556,-0.03873728817653578,-0.0072293434858072825
1991-03-28,0.09884125454485143,False,17162,13982,-0.039664140136398136,-0.03999468112093239,-0.037628270569591386,0.014571405849964414
1991-04-30,0.09563146260514953,False,17184,14004,-0.039606725520179464,-0.038683297988764465,-0.03638136672743346,0.007695594181113652
1991-05-31,0.08915771912739866,False,17206,14026,-0.039573203915501565,-0.036060252217047346,-0.03390396344550224,-0.009385562212935072
1991-06-28,0.07731078165430816,False,17226,14046,-0.03954159722798631,-0.03126870351593268,-0.029411296637872224,0.033583374022224444
1991-07-31,0.0692500443321166,False,17248,14068,-0.039519701870063026,-0.028003939200487153,-0.026337930536600315,0.023437915738777182
1991-08-30,0.057790325834001954,False,17270,14090,-0.03949266787728487,-0.023356131156914255,-0.021963253381896777,0.001664639726547179
1991-09-30,0.05587150973439069,False,17290,14110,-0.03946406351566434,-0.022569096460629455,-0.02121907667508655,0.0015668942812481212
1991-10-31,0.05575618351358093,False,17313,14133,-0.03942875765690641,-0.02251581124105523,-0.021165469620490575,0.025761727118537303
1991-11-29,0.05926164358166346,False,17333,14153,-0.039395058928569184,-0.023906595747019203,-0.02248023139748771,0.04263618283608572
1991-12-31,0.06446004778155313,False,17354,14174,-0.03936656091118646,-0.025984218619050866,-0.024424245847431903,-0.004679453094353803
1992-01-31,0.08146702596756626,False,17376,14196,-0.03945090906827364,-0.03295094368599109,-0.030998665507283196,-0.015079024638242622
1992-02-28,0.0827783971818742,False,17395,14215,-0.03942689276159391,-0.033479982222362724,-0.03148999906524194,-0.011900167640377268
1992-03-31,0.08362927334372885,False,17417,14237,-0.03938631254620677,-0.033811922504268954,-0.03179909901172582,0.005519168801877861
1992-04-30,0.08942341885658431,False,17438,14258,-0.03936317467959942,-0.0361313530825922,-0.03397372711838354,-0.003023395123157302
1992-05-29,0.08473374109526921,False,17458,14278,-0.03935642158085517,-0.0342232058705484,-0.032173905737846877,-0.013481538329795484
1992-06-30,0.08052433868092373,False,17480,14300,-0.03934994860141205,-0.032515770223810914,-0.030564393720124698,0.01151626506802983
1992-07-31,0.0660765035394588,False,17502,14322,-0.03933035497274081,-0.026638399045269132,-0.025054111040329233,-0.0009074688396095709
1992-08-31,0.06040689894374741,False,17523,14343,-0.03926235971812009,-0.024348349348066227,-0.0228789168671892,0.0013712093946434134
1992-09-30,0.058146371167942315,False,17544,14364,-0.039245397253577105,-0.023430531072838108,-0.022018839341333717,0.01924510434147142
1992-10-30,0.04578423134661225,False,17566,14386,-0.03923826348777762,-0.018443685093477043,-0.017329704132816422,-0.01165312625944881
1992-11-30,0.04242900140234404,False,17586,14406,-0.03923133477416807,-0.0170881381301876,-0.016059722295804834,0.002085031459402753
1992-12-31,0.04200060951938808,False,17608,14428,-0.03920097202462925,-0.016909499631190962,-0.01589124917348909,0.022953674152981884
1993-01-29,0.046140390982306524,False,17628,14448,-0.03911599430501082,-0.01857442210209075,-0.01745423596694048,0.009277227453690085
1993-02-26,0.05488399402375991,False,17647,14467,-0.03903543358110423,-0.022088862169347648,-0.020757195949830984,0.013742503157403663
1993-03-31,0.060771025991010814,False,17670,14490,-0.03902229890433013,-0.0244427753283919,-0.022979229600337006,0.046124866416676014
1993-04-30,0.07281217920101082,False,17691,14511,-0.03909809237860795,-0.0293304846965292,-0.02756866360610002,-0.01888312312267204
1993-05-28,0.07341047445698819,False,17711,14531,-0.039033443108108135,-0.029571492314238387,-0.027795194398477906,0.006189803173812125
1993-06-30,0.07281127934599224,False,17733,14553,-0.0390202428972342,-0.029319757535648472,-0.027555169478034113,0.01083329124337129
1993-07-30,0.06935838637108072,False,17754,14574,-0.038996576759457724,-0.027923429804692746,-0.02624118096892884,0.03387997756736416
1993-08-31,0.06712007270556339,False,17776,14596,-0.03895705519919285,-0.02701797452529942,-0.025387618777421666,0.007470881017700881
1993-09-30,0.06462173504325085,False,17797,14617,-0.038944397562877,-0.026002798601226743,-0.024438586292371643,0.0018535245933197775
1993-10-29,0.05641383092824058,False,17818,14638,-0.03893639023619812,-0.022707929861568044,-0.02134312241456947,-0.03211326613576648
1993-11-30,0.0631621063613312,False,17839,14659,-0.038944054127946916,-0.025535754427083033,-0.02405676331735459,0.008694586230563184
1993-12-31,0.061370768285887646,False,17861,14681,-0.038935098390877165,-0.02479432023240744,-0.023364307496353442,-0.006174398402170156
1994-01-31,0.06261642084948733,False,17882,14702,-0.03890330064187788,-0.02528868783462952,-0.023821579633434342,0.003762244030765416
1994-02-28,0.058933770284957256,False,17901,14721,-0.038899994752623734,-0.023797270679130345,-0.022418551326136973,0.01053372907357164
1994-03-31,0.05772063062718659,False,17924,14744,-0.03889433943588913,-0.02331843614637289,-0.0219723438496173,-0.00380159259059043
1994-04-29,0.06917995547844845,False,17943,14763,-0.03889962759467878,-0.027992218208869966,-0.02648211209854452,-0.018654336778381353
1994-05-31,0.06306348801010066,False,17964,14784,-0.03889433943588913,-0.025509425794082094,-0.02412004594736605,-0.0016468781720823111
1994-06-30,0.06359935722945718,False,17986,14806,-0.03887626966336413,-0.025723054436366154,-0.024288503343279595,0.0037934504585821482
1994-07-29,0.060861123223286885,False,18006,14826,-0.038854608716077044,-0.024612656008538358,-0.02318163613897864,0.008102944918058075
1994-08-31,0.059541797084066164,False,18029,14849,-0.038842302382771594,-0.024064774659568553,-0.02267381879134182,0.008127209206183705
1994-09-30,0.054848383020833995,False,18050,14870,-0.03882210486070245,-0.022155808085221648,-0.020874547306897882,0.006005835031408502
1994-10-31,0.032514575193289985,False,18071,14891,-0.03880123570600663,-0.013130478507698244,-0.012369209037132747,-0.0015312904654783965
1994-11-30,0.03507578081811023,False,18092,14912,-0.03873470308472459,-0.014161163530963923,-0.013338968028093588,0.01397279673749785
1994-12-30,0.03376485273179952,False,18113,14933,-0.03867621483281651,-0.013619368702839177,-0.012830698295273214,-0.017362956675368024
1995-01-31,0.03998620762213029,False,18134,14954,-0.03866314035938203,-0.016173437265500953,-0.015287938163191642,-0.005196594659243603
1995-02-28,0.04036601342714079,False,18153,14973,-0.03864259601549456,-0.016326174069401768,-0.015396948518874215,0.01609073186045995
1995-03-31,0.048173375219099084,False,18176,14996,-0.0386151511011977,-0.019483864615638297,-0.018365335327982114,0.010199150237037546
1995-04-28,0.05043258787728535,False,18195,15015,-0.03858083097383689,-0.020414072384285185,-0.01931300643813799,-0.006063078730623062
1995-05-31,0.05196845966545583,False,18217,15037,-0.03854349210106087,-0.021029995353260948,-0.019895239529747564,0.0012884874563132698
1995-06-30,0.05380563539258792,False,18239,15059,-0.03849745204505852,-0.02176574533424985,-0.020583172590412088,0.01072207923141777
1995-07-31,0.05460446868160252,False,18259,15079,-0.0384696783275655,-0.022085386537599557,-0.020873061019289,0.006765253456906928
1995-08-31,0.05760727315192163,False,18282,15102,-0.03845098723964408,-0.023298863191592148,-0.02194262999459505,0.011567221325755384
1995-09-29,0.057151779674828256,False,18302,15122,-0.03841316677500221,-0.02310405969479025,-0.021766943509716526,0.018672901678296272
1995-10-31,0.06362291914082623,False,18324,15144,-0.03840171365325766,-0.025702889266986422,-0.024219150776571656,-0.012398799674264382
1995-11-30,0.06389645623976428,False,18345,15165,-0.03838258986852465,-0.025804946690650747,-0.024308207338053667,0.0072839647094204985
1995-12-29,0.06470832651212759,False,18365,15185,-0.03833267104475726,-0.02612745776779834,-0.02461256002055547,-0.019096856941967943
1996-01-31,0.06739392613581814,False,18387,15207,-0.03828520549354177,-0.027194649044147468,-0.02563268060323308,-0.0001311722180360464
1996-02-29,0.06585968235574867,False,18407,15227,-0.03825626198238152,-0.026549918174644103,-0.025033250714117154,-0.027444997982625008
1996-03-29,0.06590991184943364,False,18428,15248,-0.038225271897748665,-0.026611433043129493,-0.02507383323372312,-0.012966838630658617
1996-04-30,0.062022681012675614,False,18449,15269,-0.038175154119375415,-0.025023979893121367,-0.023588506844635752,0.006538655716738395
1996-05-31,0.06177957202830165,False,18471,15291,-0.038149711690666055,-0.024904305846748583,-0.023478358323447395,0.00931082770183922
1996-06-28,0.06182233253444996,False,18491,15311,-0.038121716287845164,-0.024916223498443118,-0.0234785017296534,-0.012510730163620476
1996-07-31,0.06079272719659902,False,18513,15333,-0.03809954350556492,-0.024493580952586455,-0.023077379754892574,0.002732299070771438
1996-08-30,0.06125114333626851,False,18535,15355,-0.038069238677750215,-0.024672670657425795,-0.023232651760051837,0.022690104913563047
1996-09-30,0.059531215341198186,False,18555,15375,-0.03805352607645838,-0.023971013450509063,-0.022555380719337055,0.015674175324880135
1996-10-31,0.05415594224090381,False,18578,15398,-0.03804951815867934,-0.021802801861811515,-0.020509366465840666,-0.012482688240695095
1996-11-29,0.05540779584138057,False,18598,15418,-0.03804418980243605,-0.022302976434105323,-0.020975988146579992,-0.019086278429009118
1996-12-31,0.05647996033993039,False,18619,15439,-0.03802755886796637,-0.022734328209266023,-0.021389353550360098,0.006584843826434428
1997-01-31,0.05475179339528626,False,18641,15461,-0.03799462818177035,-0.022029536445983284,-0.020726412223138663,-0.001988706882616653
1997-02-28,0.05941282285837051,False,18660,15480,-0.03797010619298107,-0.023905388952298674,-0.022491300120831455,0.003002089151995513
1997-03-31,0.06123065376100531,False,18680,15500,-0.037965441807436155,-0.024617996819469246,-0.023168745187646767,0.01422177789784329
1997-04-30,0.06574411000234251,False,18702,15522,-0.03792031546114383,-0.0264213519091111,-0.024872184833959615,-0.020167099268354916
1997-05-30,0.06689451158353808,False,18723,15543,-0.037911353552121704,-0.026882845186734405,-0.025310922361580935,0.012738024760309496
1997-06-30,0.06403456691506634,False,18744,15564,-0.0378853031548716,-0.025717324444941906,-0.024224736312686086,0.024237554460239785
1997-07-31,0.06115317031847254,False,18766,15586,-0.03785578084929331,-0.024541183696245958,-0.023128342209816376,-0.0169991277234105
1997-08-29,0.05875043489200833,False,18787,15607,-0.037831056203179565,-0.02354982850587669,-0.022216012121035335,0.0025425231290796546
1997-09-30,0.05859968737118067,False,18808,15628,-0.037777770133806565,-0.023476341731257698,-0.022149234264677624,0.00597525333510962
1997-10-31,0.06122117934179406,False,18831,15651,-0.03773971059250414,-0.024496494385438335,-0.02313743603382471,0.006309250492141594
1997-11-28,0.06210908210559959,False,18850,15670,-0.037711147668180324,-0.02482317892951165,-0.023449371427289246,0.029355530281768072
1997-12-31,0.06415991521191491,False,18872,15692,-0.03769190829907216,-0.025620619642552744,-0.024194932459312764,-0.00946249332768856
1998-01-30,0.06605679011275153,False,18892,15712,-0.037655514894509044,-0.026374132582147578,-0.0249008226769909,-0.013920257518201473
1998-02-27,0.06313570020202601,False,18911,15731,-0.03762922464543933,-0.025193052638936272,-0.02379780374202562,0.0043781794222363946
1998-03-31,0.06085756222524946,False,18933,15753,-0.03761018576134689,-0.024263855816892308,-0.022935847377947283,0.009197922906697409
1998-04-30,0.05435854302683352,False,18954,15774,-0.03760258927903362,-0.021659792643444885,-0.02048518734710981,-0.0008370574578605572
1998-05-29,0.05227373030500226,False,18974,15794,-0.03758239839954697,-0.020824679709592064,-0.019696408046363943,0.04463655008836209
1998-06-30,0.0533745647289054,False,18996,15816,-0.03757041073610279,-0.021262800472056403,-0.020099169884441687,0.030264094840777966
1998-07-31,0.055731965692949616,False,19018,15838,-0.03754000984293305,-0.022191913003337338,-0.02097957357450351,-0.0065415783026547825
1998-08-31,0.061488752792686514,False,19039,15859,-0.03753106607577787,-0.024481785492611843,-0.023132231162130285,-0.010892725148614057
1998-09-30,0.07184730029722838,False,19060,15880,-0.03744775386191902,-0.02860601536233999,-0.027045417810938596,0.027202354453985667
1998-10-30,0.09274426688480596,False,19082,15902,-0.03763691894493942,-0.037032980668069725,-0.0350351670659325,-0.009234199759903694
1998-11-30,0.10092797986683433,False,19102,15922,-0.03778262920719888,-0.04045878891517698,-0.038188453661103926,0.05631411551722976
1998-12-31,0.11324647314596649,False,19124,15944,-0.037758982676770816,-0.04537936560944063,-0.0428419536895041,-0.03449375757340045
1999-01-29,0.12017078580087637,False,19143,15963,-0.037911353552121704,-0.04831146243575201,-0.04554611154250054,-0.011674173847609381
1999-02-26,0.12184720201957905,False,19162,15982,-0.0378886070615696,-0.04896815552883966,-0.04614953531192067,-0.011713536366918298
1999-03-31,0.12007194376706035,False,19185,16005,-0.03785606866902236,-0.04822168399288222,-0.0454678856802091,-0.02500114041678181
1999-04-30,0.15128093548097893,False,19206,16026,-0.03805122690947327,-0.0609579900105255,-0.05755172013369417,-0.02879198430390595
1999-05-28,0.15140403799106583,False,19226,16046,-0.03823132133649132,-0.06109822352933558,-0.05766888832800999,0.003877710335238538
1999-06-30,0.14743610900997117,False,19248,16068,-0.03817650367269367,-0.05943522536130659,-0.0561456190143072,0.0200311625769638
1999-07-30,0.14091791255905017,False,19269,16089,-0.03815156124844412,-0.05679558416197881,-0.0536333330317001,0.017547203789905375
1999-08-31,0.14229064396509042,False,19291,16111,-0.038121716287845164,-0.05733107462035368,-0.054130269541262516,0.02885559621901801
1999-09-30,0.14246083925065203,False,19312,16132,-0.03809982893626073,-0.057386190666562926,-0.054176429881175436,0.02625745611451591
1999-10-29,0.1020872630644985,False,19333,16153,-0.038073241732357106,-0.041108655518958565,-0.038793324009885576,0.04305473135024407
1999-11-30,0.09360790735830021,False,19354,16174,-0.03805379060770632,-0.03768619725809445,-0.03554710837535217,0.08310451222644089
1999-12-31,0.09640215516263172,False,19376,16196,-0.03804980295047833,-0.03880494861490308,-0.03659331817474179,-0.017824110038688668
2000-01-31,0.11672338925853774,False,19396,16216,-0.03804476641050014,-0.046968639892022,-0.04427119243782767,0.10850491124455597
2000-02-29,0.12897340873218835,False,19416,16236,-0.03803018653836196,-0.05186233356089132,-0.048890959028190316,0.028547921625747374
2000-03-31,0.1855792320277248,False,19439,16259,-0.03819199998466409,-0.07478595558766442,-0.07060646208262475,-0.16928428912591909
2000-04-28,0.2530478269418651,False,19458,16278,-0.038670339426286296,-0.10236590862901582,-0.09727109896396993,-0.05657440415975179
2000-05-31,0.2674806636749657,False,19480,16300,-0.038896506752146634,-0.10818477658468241,-0.10271135018133899,0.080626012470838
2000-06-30,0.27197713698029863,False,19502,16322,-0.03888173253902536,-0.10999927195015162,-0.10427646154668943,0.011950628329440605
2000-07-31,0.26743315486304264,False,19522,16342,-0.038855548846923015,-0.10811197148149683,-0.10247667431271412,-0.007118103589477065
2000-08-31,0.2566284760504964,False,19545,16365,-0.038846692804088125,-0.1036730242877798,-0.09824653672693938,0.0008762065185907719
2000-09-29,0.22736297288696802,False,19565,16385,-0.03882600833743555,-0.0918218276888547,-0.0870274217276658,0.014909778279270647
2000-10-31,0.16000216648533283,False,19587,16407,-0.03885437368336555,-0.06463562067822995,-0.06125446560944815,-0.0018451883169190442
2000-11-30,0.1394262620886042,False,19608,16428,-0.03890225667685025,-0.05632266726348609,-0.0534108189749448,0.014806328041846006
2000-12-29,0.14712426747481241,False,19628,16448,-0.03889870969981638,-0.059415347981287,-0.056324318967579334,-0.17622132863782092
2001-01-31,0.20157230008113758,False,19649,16469,-0.03931777211766114,-0.08165848633658006,-0.07798561465052055,0.09847417529639846
2001-02-28,0.22400027999982536,False,19668,16488,-0.03928333246418125,-0.09072020111629521,-0.08655737138589586,0.02890105829753775
2001-03-30,0.2512422260687884,True,19690,3186,-0.03925614839805103,-0.10174431426484162,-0.12463365333420906,-0.0214715141517835
2001-04-30,0.2916098283666038,True,19710,3206,-0.03945264835344532,-0.11816355067585463,-0.14465879731355613,0.009478300480410429
2001-05-31,0.30289305333731265,False,19732,16504,-0.03949105466082405,-0.12269707816378334,-0.11700447363646406,0.015710347086134613
2001-06-29,0.2994434806102817,True,19753,3236,-0.03947134228251146,-0.12127218241329052,-0.14820117523532114,0.04805343334388823
2001-07-31,0.2685700182820117,True,19774,3257,-0.03944802968993116,-0.10875987965525585,-0.13260333762827353,0.02177622302601323
2001-08-31,0.2577973591796474,True,19797,3280,-0.039425027866281416,-0.10437234276819254,-0.1272143790412238,0.09722173992140526
2001-09-28,0.24592007286921527,True,19812,3295,-0.03939724552415978,-0.0995517363287653,-0.12129422714278348,-0.0759396330133939
2001-10-31,0.19097252284032945,True,19835,3318,-0.039534848703890714,-0.07730174216239107,-0.09416080152180432,-0.07587252850325388
2001-11-30,0.17990046848188074,True,19856,3339,-0.03987123297265907,-0.07281984837862801,-0.08847605194026704,0.00995008466378322
2001-12-31,0.1695291927663202,True,19876,3359,-0.039818725582184106,-0.06860423460755603,-0.08325388672281916,0.007404710047674845
2002-01-31,0.1574266544140482,True,19897,3380,-0.03974355115403049,-0.06368511742881915,-0.07727159176830878,0.028495544446550225
2002-02-28,0.157343256862187,True,19916,3399,-0.03972128809868669,-0.06364058015693928,-0.07720949037052445,-0.035015189336753516
2002-03-28,0.13530787944536035,True,19936,3419,-0.03987123297265907,-0.05472567351887145,-0.06622653971526803,0.04604786047657283
2002-04-30,0.12488607352303206,True,19958,3441,-0.03981187379892775,-0.0504912155940643,-0.06096474617870191,-0.007501851314079988
2002-05-31,0.13323369964089474,True,19980,3463,-0.039732667722153114,-0.053829313015188555,-0.06497249048146764,0.05415978248037656
2002-06-28,0.1399655071794482,True,20000,3483,-0.039719220948595854,-0.056528890929214835,-0.06816440578626466,-0.003829262185855109
2002-07-31,0.1694160304103486,True,20022,3505,-0.03971611579593369,-0.0684086376580217,-0.08220667196925163,0.024159829785289855
2002-08-30,0.1813748136870171,True,20044,3527,-0.03990934521288717,-0.07320233710299412,-0.08791462801595076,0.032946569734351394
2002-09-30,0.18661491473084393,True,20064,3547,-0.03987391861118457,-0.0752316198007353,-0.09018920492039575,-0.006673711129588256
2002-10-31,0.1977918052903107,True,20087,3570,-0.03995956207146798,-0.07972016740958111,-0.09515297253744957,-0.06289945943478759
2002-11-29,0.20628607747494782,True,20107,3590,-0.040286669883522454,-0.08342163788987725,-0.10065905917848764,0.07815944831272925
2002-12-31,0.20547734084321848,True,20128,3611,-0.04029595876985437,-0.08309272601263319,-0.10025976446672322,-0.060353164498551326
2003-01-31,0.1920991431526964,True,20149,3632,-0.040449674911578845,-0.07763995745272766,-0.09363481630460047,0.02090548278767912
2003-02-28,0.17983050909119994,True,20168,3651,-0.04042151709502823,-0.07264437686015256,-0.08744046449772686,0.017815618377137188
2003-03-31,0.17639843083202342,True,20189,3672,-0.04047355442639746,-0.07123691357056205,-0.08558251940289652,-0.022640898762524286
2003-04-30,0.1694826575198777,True,20210,3693,-0.04055291000269919,-0.06842736654266841,-0.08208862888128803,-0.05273064770378011
2003-05-30,0.1385530460148753,True,20231,3714,-0.04078259124524852,-0.05592984096068365,-0.06686886522939436,-0.0005617798666925911
2003-06-30,0.12227744452678163,True,20252,3735,-0.04088801051863859,-0.04932439453270571,-0.05876509390464425,0.02208667695823019
2003-07-31,0.1017669337260397,True,20274,3757,-0.04086880581764852,-0.041022840428061536,-0.04881909412226989,-0.00505509583422703
2003-08-29,0.09748183994980886,True,20295,3778,-0.04081274350566721,-0.03928596912459648,-0.04661573498683085,0.0011511100536212293
2003-09-30,0.08477975701781736,False,20316,16519,-0.040778965855787774,-0.03415648746407634,-0.03273057081570832,0.05106436949156312
2003-10-31,0.08014359612595477,False,20339,16542,-0.040745642755228136,-0.03228178482130744,-0.030909443179943992,-0.003144271954542921
2003-11-28,0.07838559051254351,False,20358,16561,-0.04072835945146521,-0.031560783839252836,-0.03023208548009769,-0.048659832230079636
2003-12-31,0.08518825458946881,False,20380,16573,-0.040875273868066504,-0.03438899023495287,-0.03301062763963325,0.031204263703733526
2004-01-30,0.09004917056808548,False,20400,16593,-0.04086655537037322,-0.036349804835767226,-0.03486943763810613,-0.005282089087914388
2004-02-27,0.09914681477485879,False,20419,16612,-0.040797475851335745,-0.04002441162365397,-0.038421972155227704,-0.013821604992607206
2004-03-31,0.1024905724444944,False,20442,16635,-0.0407736905934882,-0.04136927118331669,-0.039685645351870136,-0.013649848745856508
2004-04-30,0.09991082824198867,False,20463,16656,-0.040740697885069864,-0.0402782064276404,-0.038629321539771166,-0.00613788065118015
2004-05-28,0.09788814596262489,False,20483,16676,-0.040740697885069864,-0.039462779152946804,-0.03784727573435462,-0.00035122573115187183
2004-06-30,0.09157456415402783,False,20504,16697,-0.04072209190261989,-0.03691068241605306,-0.035380719385329294,0.005471111807215268
2004-07-30,0.08958149094539654,False,20525,16718,-0.040683798465438896,-0.0360970127590832,-0.03458569327136016,-0.013498549381385061
2004-08-31,0.07970689606301427,False,20547,16740,-0.040609958287680596,-0.03210882079450603,-0.03074309424062248,0.012959630082248319
2004-09-30,0.07552813939188598,False,20568,16761,-0.04059372478623813,-0.030417299855095416,-0.029117245268444707,0.0006427612908634917
2004-10-29,0.0758171948834838,False,20589,16782,-0.04059177715975979,-0.030524037510895573,-0.029215469531642942,0.008341515977682956
2004-11-30,0.07588365094010804,False,20610,16803,-0.040576301600753685,-0.030547371074074427,-0.02921714962849858,-0.023010340278510677
2004-12-31,0.07969223600828476,False,20632,16825,-0.0405514051196482,-0.032070119043454005,-0.030646939798028697,0.020195642685943316
2005-01-31,0.07899692348440006,False,20652,16845,-0.040531790906001425,-0.031771638500471676,-0.030367139072795448,0.011606980020901991
2005-02-28,0.08000669971946199,False,20671,16864,-0.0405204148221151,-0.03216635131255618,-0.030749163274776597,-0.003951634317210018
2005-03-31,0.08467693711985666,False,20693,16886,-0.04051497582905363,-0.03403602561203772,-0.032504522740709224,-0.004189496711236029
2005-04-29,0.08383535483314995,False,20714,16907,-0.040490354004318135,-0.03367937869878764,-0.03215083842675527,-0.019550588726152895
2005-05-31,0.08532335483324692,False,20735,16928,-0.04046966773469009,-0.034258156023208135,-0.03270779894423077,0.008279368771523687
2005-06-30,0.08054221054825948,False,20757,16950,-0.04043356878017499,-0.03229648319978389,-0.030850803702488324,-0.005990931045500969
2005-07-29,0.08206910648959304,False,20777,16970,-0.04041637601288488,-0.03289327338079166,-0.03141888929235667,0.004448073737658209
2005-08-31,0.0788553916989838,False,20800,16993,-0.04032854317028963,-0.03156970685634211,-0.030173374860571124,0.011412808789069029
2005-09-30,0.06954706607758633,False,20821,17014,-0.040297420405778106,-0.027814337541598302,-0.026589949606451294,-0.025045658764843215
2005-10-31,0.07662602795395414,False,20842,17035,-0.040293143715321035,-0.03064321106430734,-0.02931789805737103,-0.01010302665311169
2005-11-30,0.07776899227841493,False,20863,17056,-0.04028971165902912,-0.031056498035306083,-0.029731229994041968,0.008248877213769878
2005-12-30,0.07860586441226988,False,20884,17077,-0.04027278657326338,-0.03138689602047139,-0.02999074024692342,0.023035802354246515
2006-01-31,0.0780826198330983,False,20904,17097,-0.04024692641580875,-0.031169984330912254,-0.02974895363481333,-0.028535858855721075
2006-02-28,0.08122721218902047,False,20923,17116,-0.040202655143578625,-0.03240645009351693,-0.03093766760475959,-0.0011748690528111672
2006-03-31,0.08287066742822914,False,20946,17139,-0.04018011947561331,-0.033046776755536925,-0.031550827564892386,0.015749166445609974
2006-04-28,0.0742402370685881,False,20965,17158,-0.04015397002137992,-0.029589614663118533,-0.028246834196756238,-0.006489229857682632
2006-05-31,0.08409704965098452,False,20987,17180,-0.04029264077623194,-0.033693066436860104,-0.03222724188129583,-0.04486987580634216
2006-06-30,0.0985042057985351,False,21009,17202,-0.040295749964722405,-0.039556121268837716,-0.03779132448143273,-0.017544480701849663
2006-07-31,0.09909128881995709,False,21029,17222,-0.040292439600596294,-0.03975740101118859,-0.03800459329358339,-0.013687797022014059
2006-08-31,0.09673794043703925,False,21052,17245,-0.04028286766413911,-0.03877473727943099,-0.03708646851675887,-0.0167533775595049
2006-09-29,0.09453962978560976,False,21072,17265,-0.04026415431730148,-0.037866083424963344,-0.03622105667124771,0.00671177108657095
2006-10-31,0.08979907171012488,False,21094,17287,-0.04022187103735682,-0.03592612719043481,-0.034378247936614315,-0.005612699177713232
2006-11-30,0.07516829650856906,False,21115,17308,-0.040192592370407565,-0.030031506834792342,-0.028768494534089476,0.008723169203592507
2006-12-29,0.050878800300323046,False,21135,17328,-0.04016672476083761,-0.020316831964037163,-0.019456845737924496,-0.0005359730418224018
2007-01-31,0.04357780168847614,False,21155,17348,-0.04014440769736187,-0.01739857874538419,-0.01664347590357699,-0.0008129753187507971
2007-02-28,0.040324499748913854,False,21174,17367,-0.04013488153572234,-0.01609207711848101,-0.01537257302463385,0.015268201783254831
2007-03-30,0.03701353698311137,False,21196,17389,-0.04012280530349646,-0.014763444212586789,-0.014098057561062537,-0.0012255444211255462
2007-04-30,0.036812823852567365,False,21216,17409,-0.04011742810779978,-0.014676037710597785,-0.014018510325649325,0.00047737906162126365
2007-05-31,0.03767398041089038,False,21238,17431,-0.04009953099132791,-0.015009891491237258,-0.01433769692801955,0.003164370162515917
2007-06-29,0.040767869701520486,False,21259,17452,-0.040096070514010484,-0.016240954846302287,-0.015508857678534977,0.024859874362944012
2007-07-31,0.044089893626546105,False,21280,17473,-0.040081698394328125,-0.017563995910359228,-0.016766493975206194,-0.004812899948704374
2007-08-31,0.07373952535784423,False,21303,17496,-0.04009451573775691,-0.029407911088540052,-0.028085771545931427,0.015161450041891733
2007-09-28,0.07616313123815323,False,21322,17515,-0.040078967836954374,-0.03035865785641173,-0.028999588628113082,0.008633008435908973
2007-10-31,0.08628464985152429,False,21345,17538,-0.04004111224769167,-0.03437405070869493,-0.032829477576013975,-0.01708541844680178
2007-11-30,0.1061546471898435,False,21366,17559,-0.040027265541457996,-0.04228922552560992,-0.04038187087803276,0.04877839456238253
2007-12-31,0.11553197721843139,False,21386,17579,-0.039983712608002125,-0.04601814815430288,-0.04392738379932281,0.022855298125808776
2008-01-31,0.15475697179771952,False,21407,17600,-0.04011864719985878,-0.0617918760425865,-0.05915507776481742,0.047598212854466526
2008-02-29,0.1545279889211018,False,21427,17620,-0.04013692164115318,-0.06177394456461531,-0.05915830345967175,0.060949381334396646
2008-03-31,0.17946022890880356,False,21447,17640,-0.04017863117397157,-0.07166469669196678,-0.06864908853749359,0.02508980940213279
2008-04-30,0.19209633291658684,False,21469,17662,-0.040197623756993095,-0.07670994004730149,-0.07347701396712794,0.010032665843962008
2008-05-30,0.1909557854583101,False,21490,17683,-0.04023189318873759,-0.07624330526814926,-0.07297252571812997,0.05387578590962283
2008-06-30,0.20214592115598112,False,21511,17704,-0.04019594662813125,-0.08067701689116337,-0.07707625520144988,0.09471846999577593
2008-07-31,0.2568858052909895,False,21533,17726,-0.040441621845876914,-0.10277793660600111,-0.09834499346718674,-0.045129715476913135
2008-08-29,0.2772694446923428,False,21554,17747,-0.04057025810099913,-0.1109278430872154,-0.1061485105954162,0.021738327154389836
2008-09-30,0.2915711801944769,True,21575,3809,-0.040708159074830476,-0.11648956139162603,-0.13928607659199072,0.05063966359863792
2008-10-31,0.2972755244550081,True,21598,3831,-0.040704359212706084,-0.11870569603931448,-0.1417986847921769,0.0935248480740356
2008-11-28,0.34888510727745337,True,21617,3850,-0.040705625833414215,-0.13929088896301328,-0.16624786724919602,-0.043448660662649075
2008-12-31,0.3624581536122482,True,21639,3872,-0.04097226920648247,-0.14473315796935862,-0.17270579927521637,-0.0227183091574491
2009-01-30,0.3602361616495492,True,21659,3892,-0.04122999811933778,-0.14382004128125167,-0.1714206747751666,-0.02296227157845543
2009-02-27,0.36579236777166385,True,21678,3911,-0.041254504677266525,-0.14595605206660317,-0.17357526637599,-0.055508683645268286
2009-03-31,0.4076197090426323,True,21700,3933,-0.041626388670500905,-0.163190296136836,-0.19394965260401298,-0.2003374707285397
2009-04-30,0.447780520523169,True,21721,3954,-0.04206067856400031,-0.1797622028932012,-0.21334852196755485,-0.09064739086042028
2009-05-29,0.44051190004357443,True,21741,3974,-0.04243070294585938,-0.17676750541572886,-0.20957979437361193,-0.03611160903024879
2009-06-30,0.4292720455841495,True,21763,3996,-0.042505169318558134,-0.1720794379782942,-0.20349943151946825,0.019690980963803284
2009-07-31,0.39331608459354944,True,21785,4018,-0.042691664184606085,-0.15759803244795736,-0.18616233599258944,-0.07457668231087589
2009-08-31,0.3638762816123087,True,21806,4039,-0.042994592364906076,-0.1456337813056278,-0.17207064178351522,-0.04171368213792792
2009-09-30,0.30443421515986036,True,21827,4060,-0.043080704127957226,-0.12170029819296566,-0.1435856537828842,0.007992510047208023
2009-10-30,0.21418486669230433,True,21849,4082,-0.04306267710048104,-0.08553056705221072,-0.10086041486986334,0.030661162780205586
2009-11-30,0.15961407907825725,True,21869,4102,-0.04305546654790857,-0.06373003820349792,-0.07512150647115425,0.012278136164201259
2009-12-31,0.12881517922977934,True,21891,4124,-0.0430364355299227,-0.05141050747464786,-0.060380366211343926,-0.014874253388367453
2010-01-29,0.11433797199530946,True,21910,4143,-0.04306244532170246,-0.04563407410837972,-0.05319706667837868,0.030945476489100843
2010-02-26,0.10261397097861562,True,21929,4162,-0.04305546654790857,-0.04093444978108727,-0.04772688868000666,0.038070733052764094
2010-03-31,0.09364054164730236,True,21952,4185,-0.04303519680920855,-0.037335419961429216,-0.04339461810940501,0.029190083580320936
2010-04-30,0.09444422015136854,True,21973,4206,-0.0430093707038621,-0.03763348879594267,-0.04372191674106799,-0.005001575710097961
2010-05-28,0.11303388023066434,True,21993,4226,-0.042987601801358764,-0.04504096977459125,-0.05216698964943822,-0.001381778789735999
2010-06-30,0.11960332570627027,True,22015,4248,-0.04293817051631037,-0.047647249351113495,-0.05512058580489259,0.0038884229152691407
2010-07-30,0.1168752688980871,True,22036,4269,-0.042935210368484245,-0.04655954639293092,-0.05371238047972419,-0.005700217282301634
2010-08-31,0.1092137961981002,True,22058,4291,-0.0429126758299524,-0.04348784461228971,-0.05004213693362663,0.004863818784677232
2010-09-30,0.10456839522532689,False,22079,17768,-0.0428600238545162,-0.04163397214844141,-0.04002053320624855,0.004835723752339094
2010-10-29,0.09815720941428686,False,22100,17787,-0.04282727584729905,-0.03903710216417936,-0.03753824112847203,-0.006812624211831597
2010-11-30,0.0739225032043705,False,22121,17808,-0.04281838326189891,-0.029396578092437137,-0.02823289273766614,-0.014150385644990049
2010-12-31,0.06030610980655412,False,22143,17830,-0.04280175313374031,-0.02397981854448425,-0.02298586382600163,-0.003467940138193404
2011-01-31,0.05792728269132053,False,22163,17850,-0.04275897569811845,-0.023029396943682015,-0.022079166373425826,0.02708814255841352
2011-02-28,0.06126815029034387,False,22182,17869,-0.04269169623487713,-0.024354488459886685,-0.023336378521383074,-0.002536682094720799
2011-03-31,0.06763789352131068,False,22205,17892,-0.04269041166544778,-0.026868874921810094,-0.025755202241225725,-0.011296328621976381
2011-04-29,0.07151650662609407,False,22225,17912,-0.04268477744280648,-0.02839455023450679,-0.02721628419067132,-0.027411373511946557
2011-05-31,0.08054929919000015,False,22246,17933,-0.04267424682203069,-0.03197283782114092,-0.03067984898413074,-0.006410461287764013
2011-06-30,0.08611517218237537,False,22268,17955,-0.042649249893156126,-0.03416558789496888,-0.03278889046879169,0.019755328112209813
2011-07-29,0.08540642505104729,False,22288,17975,-0.04259040466127033,-0.033874174429439616,-0.03249877796613264,0.008821804778064157
2011-08-31,0.10501693958595519,False,22311,17998,-0.04257242788501997,-0.04166286835558099,-0.03998329292982101,0.00951413319496508
2011-09-30,0.1144508006088213,False,22332,18019,-0.0424721574132356,-0.0453910473606064,-0.04354456059127092,-0.012389848001797432
2011-10-31,0.13501074090604853,False,22353,18040,-0.04266682810963851,-0.053580997637425784,-0.05142177943773455,0.020256495760163196
2011-11-30,0.14170019505985224,False,22374,18061,-0.0426414501605554,-0.05621352770042272,-0.053946317149706595,0.018394781081712885
2011-12-30,0.14951759709144666,False,22395,18082,-0.04254845885001946,-0.05929575063115381,-0.0568819695759217,-0.045738388230919136
2012-01-31,0.1585263359823855,False,22415,18102,-0.04280948797093537,-0.06291032235542983,-0.06037666402977672,-0.011686066510011361
2012-02-29,0.1487072807901489,False,22435,18122,-0.04277821771590483,-0.05899241187744734,-0.056611966562006705,0.01402275361224481
2012-03-30,0.14476883034686772,False,22457,18144,-0.04270665553603808,-0.05741071069456404,-0.055074844241348904,0.032992014594904306
2012-04-30,0.13129129506559137,False,22477,18164,-0.042691535983521864,-0.05203918900889405,-0.04993950433814137,0.03688289299833847
2012-05-31,0.12445204891844966,False,22499,18186,-0.042686626120120065,-0.049296482623462555,-0.04730623258876088,0.0011197174452119985
2012-06-29,0.11591528492826209,False,22520,18207,-0.042679872873591804,-0.04587191178277811,-0.044026081132497855,0.03794285010189946
2012-07-31,0.10716400365794562,False,22541,18228,-0.0426583495811903,-0.04236913663969263,-0.040683361952797405,-0.017655926388698062
2012-08-31,0.10679952059817584,False,22564,18251,-0.042614373696270844,-0.042208366826108276,-0.040517149732397686,-0.03186177367263365
2012-09-28,0.10558939643733262,False,22583,18270,-0.04262036595502096,-0.041732098199287006,-0.04006001780557327,0.00015711005741048112
2012-10-31,0.10086070315043508,False,22604,18291,-0.04250150132907785,-0.03982618177553252,-0.03823783236451483,-0.0033848580496290692
2012-11-30,0.09513805463640813,False,22625,18312,-0.04243745699550232,-0.03754966415611968,-0.036046060434021955,-0.030895292918395878
2012-12-31,0.08681968071814239,False,22645,18332,-0.04242938741158908,-0.034248641637910034,-0.032880728396728974,-0.004758907906946108
2013-01-31,0.07564887837899636,False,22666,18353,-0.04241000667731826,-0.029799466375458748,-0.02864158178372804,-0.001113197074246286
2013-02-28,0.0669451226005314,False,22685,18372,-0.04236578752638498,-0.026368261111412904,-0.025335733386789672,0.007280532008019813
2013-03-28,0.06301153672146219,False,22705,18392,-0.04235335852962922,-0.02481476143620411,-0.023840232321701824,0.00918258174692932
2013-04-30,0.06408099874377879,False,22727,18414,-0.0423208136967926,-0.025218968780219925,-0.024238811881605166,0.005563149336341278
2013-05-31,0.06321717867795253,False,22749,18436,-0.0422843707108907,-0.024899841481532035,-0.023922644665000783,0.0029963890936142157
2013-06-28,0.06552782370871303,False,22769,18456,-0.04226957451525004,-0.025801654658602048,-0.024791575314328445,0.0140465823942717
2013-07-31,0.06452275133625482,False,22791,18478,-0.042245866305990476,-0.02539207762812759,-0.02440450040652886,-0.0009561829765654117
2013-08-30,0.06616245702813775,False,22813,18500,-0.04221014452737625,-0.026030820672242376,-0.02502081411078478,0.02256150039404048
2013-09-30,0.0679606015276511,False,22833,18520,-0.04217242673464085,-0.026730492454972662,-0.025694629851374592,0.0034105603487823988
2013-10-31,0.06815772883540187,False,22856,18543,-0.04211181661057828,-0.02680358471547843,-0.025748929227793083,0.0012258156497515493
2013-11-29,0.07493056839501601,False,22876,18563,-0.04206981934002621,-0.029465628980985602,-0.028302020411795813,0.0067528425873819575
2013-12-31,0.07223469747981348,False,22897,18584,-0.04204056183762912,-0.02840510260267434,-0.02724834916872118,0.015719956368355437
2014-01-31,0.07759589370578944,False,22918,18605,-0.042031994972893186,-0.03050447416310736,-0.029251210112689687,0.00523387860918012
2014-02-28,0.07654415405503004,False,22937,18624,-0.042027198368151095,-0.030084467712372543,-0.028852933157890087,-0.0025575616427492287
2014-03-31,0.07912410505023215,False,22958,18645,-0.04201484095298232,-0.031114560353123325,-0.0298820335188969,-0.041214805496131546
2014-04-30,0.09287527292019214,False,22979,18666,-0.042014175403674116,-0.03659282140226151,-0.03516857186203574,-0.00587241134290073
2014-05-30,0.08678085410964893,False,23000,18687,-0.04198164616481052,-0.03418144128609976,-0.032846494580745934,-0.002524841561663105
2014-06-30,0.08524245045750485,False,23021,18708,-0.04194735800169458,-0.033574856690935684,-0.032252127668616376,0.0012679246471420935
2014-07-31,0.07980244106542213,False,23043,18730,-0.041928163164049764,-0.03140703372684711,-0.030187228607836684,0.006045096792088422
2014-08-29,0.07869156803622718,False,23064,18751,-0.04190507035820339,-0.03096438638939836,-0.02976055127035593,-0.0020252580786247476
2014-09-30,0.07242814591027559,False,23085,18772,-0.04189725796117103,-0.02849095723850095,-0.027386435838329524,-0.02098865966981378
2014-10-31,0.05597971061018599,False,23108,18795,-0.04185981511503794,-0.02201507529749926,-0.021153277953735308,-0.0048174964685830934
2014-11-28,0.06145972600004143,False,23127,18814,-0.0418349586171247,-0.024168825658294334,-0.02321759418389349,0.039585652298656626
2014-12-31,0.07035024150633862,False,23149,18836,-0.041819032372948636,-0.02766412257935841,-0.026549288258036804,0.04739006242197363
2015-01-30,0.08701184930801188,False,23169,18856,-0.041798989923256834,-0.03421129719513691,-0.032807426456666615,-0.035154356191196
2015-02-27,0.09723172239552363,False,23188,18875,-0.04185981511503794,-0.03829743791324211,-0.036811651765366,0.026441289207474794
2015-03-31,0.10293817639729283,False,23210,18897,-0.04183408377705241,-0.04053043149029452,-0.038952957279389855,-0.04250509697182525
2015-04-30,0.11225034378566584,False,23231,18918,-0.04183379216369498,-0.04419522809220838,-0.04247579621052717,0.033482525957527765
2015-05-29,0.11370076657613253,False,23251,18938,-0.041816071458655624,-0.0447454367876054,-0.04301656774119151,0.0018413534786347885
2015-06-30,0.10881492030048166,False,23273,18960,-0.04179785144128998,-0.04281191787665252,-0.04115598353986793,0.05085489105895502
2015-07-31,0.10876058183000023,False,23295,18982,-0.041783331125568424,-0.04277684844789292,-0.0411294980039015,-0.004488696156004668
2015-08-31,0.12231227444537272,False,23316,19003,-0.041775449232472145,-0.04810030301562152,-0.046239867031831236,0.04730296222335739
2015-09-30,0.1291706121375918,False,23337,19024,-0.0417408638596986,-0.050794827665812746,-0.0487984685884731,-0.07056105477330676
2015-10-30,0.1448799541689608,False,23359,19046,-0.04187538233686867,-0.05706601884285158,-0.05486090020901336,0.02435514950803941
2015-11-30,0.15115021667202527,False,23379,19066,-0.0418402631923106,-0.05953434149662337,-0.05721158699175393,0.05129920350497574
2015-12-31,0.16119799949130942,False,23401,19088,-0.0418308760301207,-0.06344198146995099,-0.060990485745257506,0.0396248478602963
2016-01-29,0.1725596518308964,False,23420,19107,-0.04183116764347813,-0.06790410889094656,-0.06527773560461053,-0.009790713844484045
2016-02-29,0.1814236959164932,False,23440,19127,-0.0419489903094813,-0.07137154449901109,-0.06861467123640679,-0.05926402422149657
2016-03-31,0.1979117605398936,False,23462,19149,-0.042095413512898736,-0.07787871525832431,-0.07488089704680859,-0.028198382244255193
2016-04-29,0.18680023811548044,False,23483,19170,-0.04228957840794116,-0.07348345703478512,-0.07066176694228554,0.06417133272185738
2016-05-31,0.18711812440274242,False,23504,19191,-0.0423271349946143,-0.073588721829899,-0.07076664849704073,0.028239108191224993
2016-06-30,0.18994944843299807,False,23526,19213,-0.042286974559415935,-0.07469712411788355,-0.07182254831064867,-0.022589975913043125
2016-07-29,0.17878408743509638,False,23546,19233,-0.04227121731582745,-0.07030407054620712,-0.06756303444203321,-0.02198335334824386
2016-08-31,0.1560912102586183,False,23569,19256,-0.04224929370738046,-0.06137190309336971,-0.058966027177716825,-0.0034704365089629485
2016-09-30,0.12593307937154632,False,23590,19277,-0.04221479072029233,-0.04949961222743405,-0.047522420432546876,0.00673145495698102
2016-10-31,0.11427348038805937,False,23611,19298,-0.042176648058800725,-0.04490688311955567,-0.04308298461944735,-0.052836895995537425
2016-11-30,0.1153748423184196,False,23632,19319,-0.04224415260529548,-0.04534861690564402,-0.04358427006242671,-0.01633435010383455
2016-12-30,0.09271434063832948,False,23653,19340,-0.04221014452737625,-0.03643387985687105,-0.03498001157425584,-0.020054642912162413
2017-01-31,0.08841621661211362,False,23673,19360,-0.04217242673464085,-0.03473632441657349,-0.03333180358673996,0.0028951248460793444
2017-02-28,0.08204880986339896,False,23692,19379,-0.042123476564557776,-0.032230274762130584,-0.03092855617347858,0.0018873807750425797
2017-03-31,0.08836461282662984,False,23715,19402,-0.04207164749523139,-0.034694919011361416,-0.03330535612045847,-0.011133273781202213
2017-04-28,0.08825123409902091,False,23734,19421,-0.04204433372382371,-0.03463910897655658,-0.03325793124749332,0.005542362768199416
2017-05-31,0.07809298355166229,False,23756,19443,-0.04203241117091003,-0.030642110670678558,-0.029428799257107355,-0.0032517460840818524
2017-06-30,0.0863982296114926,False,23778,19465,-0.0420269375989188,-0.03389164071430439,-0.03254711714433515,0.024697136028510647
2017-07-31,0.08758426890715135,False,23798,19485,-0.04201484095298232,-0.034324668015976605,-0.032974426695375675,0.029895023796223663
2017-08-31,0.0842656713021394,False,23821,19508,-0.041980004157429085,-0.0330013902180299,-0.031712429974590305,-0.02470367511654814
2017-09-29,0.08623972541700373,False,23841,19528,-0.04194735800169458,-0.03376294690916984,-0.03244019382417672,0.024631471169505037
2017-10-31,0.08430136416452702,False,23863,19550,-0.041928163164049764,-0.032993669356731134,-0.03169923145172526,0.00947063720953345
2017-11-30,0.09406984298913336,False,23884,19571,-0.04190507035820339,-0.03681314769793203,-0.03535836602797889,-0.0028709439536153125
2017-12-29,0.09312623346834235,False,23904,19591,-0.04189882050576405,-0.03644387699911661,-0.035003688165622215,-0.0007669519685929993
2018-01-31,0.08901069868279994,False,23925,19612,-0.04186514745759995,-0.034820052170672085,-0.03345489625667188,0.014653734492775738
2018-02-28,0.08939576007842992,False,23944,19631,-0.04183583345719698,-0.03495121336802263,-0.03358883095686517,7.579614233077514e-05
2018-03-29,0.09585907072364203,False,23965,19652,-0.04182495420153467,-0.037460738492351583,-0.036003536202393195,-0.003572154657916271
2018-04-30,0.10143347297613449,False,23986,19673,-0.04179984378473198,-0.039628990176681374,-0.03807907299066597,0.02010592331308758
2018-05-31,0.09556562394501593,False,24008,19695,-0.041789452801462346,-0.03732682005924662,-0.03585855448505782,-0.0038844574577642232
2018-06-29,0.08674185702416223,False,24029,19716,-0.04177667877889284,-0.03386262068905657,-0.0324729034829016,0.01138490093054112
2018-07-31,0.09218281662001983,False,24050,19737,-0.0417742446918072,-0.035977692328141485,-0.03448333399373807,0.033779890189722384
2018-08-31,0.09376606806302694,False,24073,19760,-0.04174900060261195,-0.03658693335856425,-0.03506650923252234,-0.0221522083310024
2018-09-28,0.09318113886404371,False,24092,19779,-0.0417312072191377,-0.036353390504960385,-0.034813550708984835,-0.02007127311542911
2018-10-31,0.1015913075021687,False,24115,19802,-0.04172329270290868,-0.03963352875971372,-0.03794980266513751,-0.010606222771195273
2018-11-30,0.10760460436245377,False,24136,19823,-0.04171534460762638,-0.041972624691583645,-0.040155143978638556,0.012993961381201347
2018-12-31,0.10696937580448063,False,24155,19842,-0.0416694945155132,-0.04171363597925578,-0.03987345928981305,-0.05331955232007224
2019-01-31,0.1140526502980102,False,24176,19863,-0.04174278928101974,-0.04450945122404306,-0.04266284629876801,-0.0027899820511015916
2019-02-28,0.11139136986319995,False,24195,19882,-0.041730871802984515,-0.04346361275029656,-0.04165520407021741,0.006944868318751851
2019-03-29,0.1050145742266292,False,24216,19903,-0.04172279925521086,-0.04096870113327939,-0.03922671966899297,-0.0333047703876902
2019-04-30,0.10016444079612392,False,24237,19924,-0.04171501211368669,-0.03907019191028463,-0.037376441254755685,0.030417737546983625
2019-05-31,0.10148598642177262,False,24259,19946,-0.04165686948053757,-0.03957273185919857,-0.037823064237630294,0.0033349818155175015
2019-06-28,0.11298357827578404,False,24279,19966,-0.04162766068589821,-0.04399496745869258,-0.042080682521957506,0.0298648159306254
2019-07-31,0.10946610580449188,False,24301,19988,-0.04156625867371999,-0.04255152038444743,-0.04076369932412308,0.08107127238995537
2019-08-30,0.12085874929023638,False,24323,20010,-0.041551020991816304,-0.046960107303461576,-0.044946856028363145,-0.11253047704347163
2019-09-30,0.15176206429803268,False,24343,20030,-0.04177449847542399,-0.059249130663256266,-0.05686421018368966,0.022294286024354015
2019-10-31,0.15400276984522132,False,24366,20053,-0.041774389711016796,-0.06010853933086458,-0.057609108450671194,-0.026712916437091172
2019-11-29,0.15963060408330296,False,24386,20073,-0.04179984378473198,-0.062289888606159756,-0.05971435963082785,-0.005741142578765568
2019-12-31,0.14936415420039778,False,24407,20094,-0.04179032732659005,-0.05827484819887464,-0.055863439166615174,0.018778734023722432
2020-01-31,0.14406368869357822,False,24428,20115,-0.04177685442838151,-0.05619739655631411,-0.05383545387492106,0.00027880930586476893
2020-02-28,0.14239627916487224,False,24447,20134,-0.0417743534562144,-0.05553598531354832,-0.05316243620359539,0.08307552502003435
2020-03-31,0.1372674708734747,False,24469,20152,-0.0417572823647349,-0.05349116446959408,-0.051196976564355456,-0.007066089419797694
2020-04-30,0.19886281663498642,False,24490,20163,-0.04178770375120694,-0.07757265471752266,-0.07436146557953616,0.07334383471101646
2020-05-29,0.2514917760882058,False,24510,20183,-0.042020165347448,-0.09822309509958826,-0.0944446058954157,-0.10655493101813829
2020-06-30,0.3270962468754422,False,24532,20205,-0.042310278200423095,-0.12801467845994044,-0.12304359555185138,0.015811946116737863
2020-07-31,0.35024787017196873,False,24554,20227,-0.04230606400187529,-0.13704456146920715,-0.1317143105871782,-0.04878530795946279
2020-08-31,0.3651693351857467,False,24575,20248,-0.04236112912797407,-0.14280705506196456,-0.13725877042023318,-0.010287426921789078
2020-09-30,0.3703837605511344,False,24596,20269,-0.04240852033120926,-0.14476835852280492,-0.1392106209588903,0.013838606614023918
2020-10-30,0.350271884569687,False,24618,20291,-0.04237300105540339,-0.1368549150442406,-0.13160829002887584,-0.09562655776248818
2020-11-30,0.39611612115641054,False,24638,20311,-0.04277140244303399,-0.1549823795601104,-0.14894372256063795,-0.03609848431652152
2020-12-31,0.3440583857428853,False,24660,20333,-0.04276810081900272,-0.13453075277779122,-0.12932164652784048,-0.02681048693056365
2021-01-29,0.32528690991185,False,24679,20352,-0.042800087192907774,-0.12713273469675798,-0.12225990791888024,0.016483559947017445
2021-02-26,0.31501326346679437,False,24698,20371,-0.04283012315580955,-0.12307900036715655,-0.11836050441848228,-0.04549556774224228
2021-03-31,0.3293336545207611,False,24721,20394,-0.04321337646932033,-0.12866443693490326,-0.1236920054697874,0.007990042606876191
2021-04-30,0.32292894871782557,False,24742,20415,-0.04316585571329185,-0.12607536098071087,-0.12122226225797363,-0.03284153988672234
2021-05-28,0.22368345061716127,False,24762,20435,-0.043211129708242535,-0.0873103657693988,-0.08393148990453005,-0.024314995537692896
2021-06-30,0.21202179208751165,False,24784,20457,-0.04316068464434652,-0.08273474341945941,-0.07942624549967342,-0.04636919975938625
2021-07-30,0.21411407090614115,False,24805,20478,-0.043254976534790046,-0.08353858584997473,-0.08010958966702215,0.018740103867290303
2021-08-31,0.1981465368862147,False,24827,20500,-0.043199895902853586,-0.07729500888149525,-0.07412133804972461,0.008267972270833868
2021-09-30,0.14516959020400944,False,24848,20521,-0.04315034250645583,-0.05661667163860148,-0.05428961208966111,0.010341584641573753
2021-10-29,0.1351667373283828,False,24869,20542,-0.043105092465697714,-0.05267253873946111,-0.05049441049308149,0.004174392226613977
2021-11-30,0.12070734261013301,False,24890,20563,-0.04307994452656189,-0.04696204745691189,-0.04508843590096669,-0.034658341628833855
2021-12-31,0.12318293453234515,False,24912,20585,-0.04306753297116838,-0.04787268136045437,-0.045963063463778736,-0.005805411473498001
2022-01-31,0.1120069997812638,False,24932,20605,-0.04306477321998191,-0.04351808747700142,-0.04174594087910023,0.006245296587521487
2022-02-28,0.13066475699284805,False,24951,20624,-0.04306221354292389,-0.050760988402991904,-0.04866630937908942,0.06873325949476827
2022-03-31,0.14551492074698055,False,24974,20647,-0.0430526982933901,-0.056524774821940446,-0.054188767935637164,0.03900731661719625
2022-04-29,0.15742428834204725,False,24994,20667,-0.04303271936778024,-0.0611416791308097,-0.05856659687329268,0.005659006093854391
2022-05-31,0.17477129329498034,False,25015,20688,-0.043006924434042255,-0.06785750738392089,-0.06488342607966298,0.056480990749219195
2022-06-30,0.20371626385735633,False,25036,20709,-0.04306105464903101,-0.07908477389549523,-0.07555648093152427,-0.04444184821990571
2022-07-29,0.23068616256724203,False,25056,20729,-0.043074817326418074,-0.08951186685101384,-0.08553239263997794,-0.07590153889587803
2022-08-31,0.2391144372052847,False,25079,20752,-0.04328725041888746,-0.09276759654311366,-0.08863632728918718,-0.012839683049595374
2022-09-30,0.23675262397701113,False,25100,20773,-0.043282382219581896,-0.0918297610879067,-0.08774231827333169,0.034750271463037885
2022-10-31,0.23895351313592364,False,25121,20794,-0.043265376551157475,-0.0926678652507642,-0.08853266761540865,-0.049942009785286845
2022-11-30,0.2687250029305051,False,25142,20815,-0.04331365892076937,-0.10421066300168944,-0.0995181109636682,-0.0032720605611055165
2022-12-30,0.25244024179991587,True,25163,4327,-0.043310735578919755,-0.09788861152331417,-0.11436596786296598,-0.08309851155692682
