asof,caps,weighting,series,spread,abs_spread,z,placebo_mean,placebo_sd,placebo_p5,placebo_p95,n_placebo,n_obs
2024-08-31,weight_pct,equal,mkt,-0.22702862342954253,0.22702862342954253,3.234852791848344,0.09365385779766928,0.041230551809952685,0.029423043460976777,0.164109166047208,500,249
2024-08-31,weight_pct,equal,d10y,0.036253444003117315,0.036253444003117315,8.713452792287711,0.005835371038420044,0.0034909322044666784,0.0004170483964116806,0.011614873449730048,500,249
2024-08-31,weight_pct,equal,wti,-0.01850801504646251,0.01850801504646251,1.0446836915256756,0.01045779243411821,0.007705894786763257,0.0009683485164625838,0.02475171308521797,500,249
2024-08-31,weight_pct,equal,usd,0.8595204186676024,0.8595204186676024,8.087896410519914,0.17351932106363366,0.08481823490118992,0.03423443734687175,0.31479405166953506,500,249
2024-08-31,weight_pct,equal,ig,0.0012397560834803145,0.0012397560834803145,-0.9463141597100013,0.00502298362735111,0.003997855791389795,0.00034020321118539466,0.013034955427024564,500,249
2024-08-31,weight_pct,equal,concentration,0.38503780702967033,0.38503780702967033,12.420601666512226,0.08408670933955299,0.02422999350357768,0.04555719318526584,0.12498458155224415,500,249
2024-08-31,weight_pct,equal,pc1,-0.0031236077267700326,0.0031236077267700326,9.19310911535687,0.0007914337738331381,0.00025368718283143765,0.0003989553233748264,0.0012527963295211571,500,249
2024-08-31,weight_pct,equal,pc2,-0.00043848945454883674,0.00043848945454883674,4.510758428281279,0.00010086251537645729,7.48492619457399e-05,9.13016693044946e-06,0.0002475212421683662,500,249
2024-08-31,weight_pct,value,mkt,0.5505787959093769,0.5505787959093769,2.6801271949746743,0.22925473385040582,0.119891347941047,0.03222496416512883,0.4288622634512121,500,249
2024-08-31,weight_pct,value,d10y,0.038910288152309624,0.038910288152309624,1.7009140033867687,0.023550476309237112,0.009030328289665955,0.009528997309880547,0.039271396830410976,500,249
2024-08-31,weight_pct,value,wti,-0.009342372447899677,0.009342372447899677,-0.8539917340569081,0.023682887560947406,0.016792334798046312,0.0026886868962926664,0.052353546661744646,500,249
2024-08-31,weight_pct,value,usd,0.6904164152226213,0.6904164152226213,0.04199810849212151,0.6809713482536732,0.22489267512416433,0.3243941160728315,1.037887932414593,500,249
2024-08-31,weight_pct,value,ig,-0.01878233768025154,0.01878233768025154,0.11948263977833182,0.017229856861947168,0.012993358877779942,0.0014187171496179618,0.04472471619055739,500,249
2024-08-31,weight_pct,value,concentration,1.0763727554254623,1.0763727554254623,5.617483623792599,0.30909668583719674,0.13658714844107464,0.14016123842696318,0.5660116534622637,500,249
2024-08-31,weight_pct,value,pc1,-0.004862005601060592,0.004862005601060592,2.8060040150694667,0.002585994670349844,0.0008111217655026776,0.0013949424820045519,0.004125766703047892,500,249
2024-08-31,weight_pct,value,pc2,0.0009145081927088433,0.0009145081927088433,3.020698878095533,0.00027516001309536094,0.00021165571459296655,2.1837083603867997e-05,0.0006707310378602486,500,249
2024-08-31,market_value,equal,mkt,-0.22702862342954253,0.22702862342954253,0.9462555213199662,0.18898046848770733,0.04020917615229388,0.12065587802476961,0.254080078715323,500,249
2024-08-31,market_value,equal,d10y,0.036253444003117315,0.036253444003117315,7.016710259462657,0.013516636104574738,0.0032403800438930725,0.008519525027709873,0.01892263368454203,500,249
2024-08-31,market_value,equal,wti,-0.01850801504646251,0.01850801504646251,0.5130335615640298,0.014005746752270551,0.008775777320427891,0.0018374455528148868,0.03023528296807864,500,249
2024-08-31,market_value,equal,usd,0.8595204186676024,0.8595204186676024,6.636299101632989,0.3464890171252119,0.07730685336592939,0.21814845646518122,0.47121553402930794,500,249
2024-08-31,market_value,equal,ig,0.0012397560834803145,0.0012397560834803145,-1.0567921649074807,0.005525884354906149,0.0040557911136681005,0.00046846271513347056,0.013139263324970086,500,249
2024-08-31,market_value,equal,concentration,0.38503780702967033,0.38503780702967033,10.489762497389323,0.17076953565025174,0.020426417798567447,0.13745892677289742,0.20442989809213583,500,249
2024-08-31,market_value,equal,pc1,-0.0031236077267700326,0.0031236077267700326,7.081393584797182,0.0016189377507257764,0.00021248218419529514,0.0012373808295937615,0.001959931866895851,500,249
2024-08-31,market_value,equal,pc2,-0.00043848945454883674,0.00043848945454883674,4.955253531501632,9.07988130620423e-05,7.016606502098205e-05,7.0292680570401445e-06,0.00022121735192296105,500,249
2024-08-31,market_value,value,mkt,0.5505787959093769,0.5505787959093769,2.5907918390369393,0.2268908728418094,0.12493783490837695,0.02958112022576821,0.43723836543157263,500,249
2024-08-31,market_value,value,d10y,0.038910288152309624,0.038910288152309624,1.7591504427010465,0.022456702481760262,0.009353143012195187,0.007763782351202634,0.03845147475545364,500,249
2024-08-31,market_value,value,wti,-0.009342372447899677,0.009342372447899677,-0.705168308127258,0.02209937087355925,0.01809071434242247,0.0015398975388800377,0.05662444772855981,500,249
2024-08-31,market_value,value,usd,0.6904164152226213,0.6904164152226213,0.19004422298609558,0.6453858619435267,0.2369477617974701,0.25421220731338195,1.0322230914886759,500,249
2024-08-31,market_value,value,ig,-0.01878233768025154,0.01878233768025154,0.19027374400978997,0.016301134680693427,0.013040175419213115,0.0014734508299016212,0.04271947521771975,500,249
2024-08-31,market_value,value,concentration,1.0763727554254623,1.0763727554254623,5.880093214462887,0.28937511877371463,0.13384101373019397,0.1261992614918751,0.5426917592145215,500,249
2024-08-31,market_value,value,pc1,-0.004862005601060592,0.004862005601060592,2.995456651533803,0.0024407796732110387,0.0008082994379537362,0.0013036631920852343,0.0038467170335461376,500,249
2024-08-31,market_value,value,pc2,0.0009145081927088433,0.0009145081927088433,3.1193986858997684,0.0002802967014401796,0.0002033120979807459,2.9936355906627614e-05,0.0006449173466365632,500,249
2024-09-30,weight_pct,equal,mkt,-0.10393224639899862,0.10393224639899862,-0.16473064451437153,0.11126230247538998,0.04449722210460892,0.04025738585082013,0.18541609309248344,500,249
2024-09-30,weight_pct,equal,d10y,0.018644322232490552,0.018644322232490552,2.547353464114172,0.00887413963963939,0.003835424777318325,0.002136676960879482,0.014974981491694812,500,249
2024-09-30,weight_pct,equal,wti,-0.03133860895825031,0.03133860895825031,3.2933861441769916,0.009300854302994316,0.0066915186044068245,0.0008591305692258324,0.022217946347666374,500,249
2024-09-30,weight_pct,equal,usd,0.6158859360069486,0.6158859360069486,3.8200018425141318,0.2556193405914822,0.09431058158295473,0.08930897901574127,0.41020756816596043,500,249
2024-09-30,weight_pct,equal,ig,0.013565663247347325,0.013565663247347325,1.9779250190471027,0.005340055035579158,0.004158705781339976,0.00037086903688457674,0.013835630663845905,500,249
2024-09-30,weight_pct,equal,concentration,0.381510516463172,0.381510516463172,12.040925651339878,0.09459028497745978,0.023828752024042655,0.052067349004975325,0.13139432221738565,500,249
2024-09-30,weight_pct,equal,pc1,-0.002646152136004211,0.002646152136004211,7.156033136472531,0.0008677219214112175,0.0002485217970175089,0.00045654928135331797,0.0012588806543953868,500,249
2024-09-30,weight_pct,equal,pc2,0.0002631048034480245,0.0002631048034480245,1.352617651456889,0.00013096226349529772,9.769393428394013e-05,9.922678064128211e-06,0.00030498903158526135,500,249
2024-09-30,weight_pct,value,mkt,0.24922163817254095,0.24922163817254095,-0.0423989977872254,0.2568379695078448,0.17963470206360949,0.0259083808318894,0.4961848059511958,500,249
2024-09-30,weight_pct,value,d10y,0.03708387819154989,0.03708387819154989,1.4359120900623745,0.022183291654462162,0.010377088291275868,0.00536000136641339,0.039572837810358384,500,249
2024-09-30,weight_pct,value,wti,-0.02716893510271906,0.02716893510271906,0.04994124088554704,0.02617729809106846,0.01985607474037714,0.002196140771427603,0.06335992277689001,500,249
2024-09-30,weight_pct,value,usd,0.9848599203245506,0.9848599203245506,0.8775041940173747,0.7224674439588503,0.29902133591455504,0.20356101477478247,1.2012230106345774,500,249
2024-09-30,weight_pct,value,ig,-0.0005938287096043,0.0005938287096043,-1.1276060433544224,0.019371052598341945,0.01665229093033133,0.0011842813239694222,0.051685227787095854,500,249
2024-09-30,weight_pct,value,concentration,1.0558463771814468,1.0558463771814468,5.521926001144154,0.28409098043959613,0.13976199546715068,0.08366332407940762,0.5220726497029973,500,249
2024-09-30,weight_pct,value,pc1,-0.005392329419899999,0.005392329419899999,3.544221168416402,0.002276087844122142,0.0008792457997676902,0.0006602928091017169,0.003738155627160646,500,249
2024-09-30,weight_pct,value,pc2,0.0011026815069896344,0.0011026815069896344,2.983663509084117,0.0003357979106223119,0.00025702750797214715,2.6688678460367984e-05,0.0007985244813314091,500,249
2024-09-30,market_value,equal,mkt,-0.10393224639899862,0.10393224639899862,-2.5730967322593017,0.2144498489421485,0.042951203954975356,0.14378507843883065,0.2830158976471043,500,249
2024-09-30,market_value,equal,d10y,0.018644322232490552,0.018644322232490552,-0.13731233953855856,0.019136193952551072,0.0035821377868403255,0.013377627967534104,0.0253394553883559,500,249
2024-09-30,market_value,equal,wti,-0.03133860895825031,0.03133860895825031,2.7143881616281074,0.010640379094415967,0.007625375823706589,0.0008169348811162083,0.02497660284361036,500,249
2024-09-30,market_value,equal,usd,0.6158859360069486,0.6158859360069486,2.0335093314113566,0.44438870849390966,0.08433559898838101,0.31253265938136027,0.5822713852422183,500,249
2024-09-30,market_value,equal,ig,0.013565663247347325,0.013565663247347325,2.4785821956253895,0.004847289880763334,0.003517484060835914,0.00047246367391797303,0.011551628906683035,500,249
2024-09-30,market_value,equal,concentration,0.381510516463172,0.381510516463172,9.05749878244628,0.18843043623458144,0.021317152214559047,0.15380922548997755,0.2242633320848782,500,249
2024-09-30,market_value,equal,pc1,-0.002646152136004211,0.002646152136004211,4.40736391586347,0.0016941642754326523,0.0002159993771208815,0.0013309004697908075,0.0020256159690309355,500,249
2024-09-30,market_value,equal,pc2,0.0002631048034480245,0.0002631048034480245,0.20594344882855312,0.00023993694209461947,0.00011249622886859656,4.415931276459415e-05,0.0004174671575804527,500,249
2024-09-30,market_value,value,mkt,0.24922163817254095,0.24922163817254095,0.05645961357556708,0.23979360152130147,0.16698726849450962,0.023357267579516127,0.5167335225128986,500,249
2024-09-30,market_value,value,d10y,0.03708387819154989,0.03708387819154989,1.4809059364959303,0.021580157047774818,0.010469078934519942,0.0048631748318296855,0.040376091888235044,500,249
2024-09-30,market_value,value,wti,-0.02716893510271906,0.02716893510271906,0.05412717318337917,0.02582370728482859,0.024853095751609485,0.0015031213556836143,0.0658775180158554,500,249
2024-09-30,market_value,value,usd,0.9848599203245506,0.9848599203245506,0.9850104056432235,0.6749019561479386,0.31467481196222064,0.12761428811730785,1.13911336791801,500,249
2024-09-30,market_value,value,ig,-0.0005938287096043,0.0005938287096043,-1.2274779601599188,0.019689087586732712,0.015556498362415105,0.0018060710975209033,0.052634013133961204,500,249
2024-09-30,market_value,value,concentration,1.0558463771814468,1.0558463771814468,5.733986261926895,0.2708574952059118,0.13690107477023167,0.07249409182261056,0.5025126111286967,500,249
2024-09-30,market_value,value,pc1,-0.005392329419899999,0.005392329419899999,3.5294519496432324,0.002166325734508406,0.0009140239706954183,0.0005325854221849891,0.0036124050266673306,500,249
2024-09-30,market_value,value,pc2,0.0011026815069896344,0.0011026815069896344,2.6443916297466297,0.0003667375222321308,0.00027830370376267507,2.838203698569294e-05,0.0008859220734886816,500,249
2024-10-31,weight_pct,equal,mkt,0.1529002022181698,0.1529002022181698,1.2959544018269804,0.09854278706609429,0.04194392570868603,0.030076770528888123,0.16658158252064356,500,250
2024-10-31,weight_pct,equal,d10y,-0.001575494287398285,0.001575494287398285,-1.7748720108538694,0.008302104717823396,0.003789912956703295,0.0021764481863890133,0.014416331224193323,500,250
2024-10-31,weight_pct,equal,wti,-0.03890886188627146,0.03890886188627146,4.243496234005679,0.009435147826097353,0.006945620411768854,0.0007778088316141987,0.022064609770912104,500,250
2024-10-31,weight_pct,equal,usd,0.048142798927257716,0.048142798927257716,-2.1747287971553777,0.23720756639548077,0.08693717014991775,0.10551352473777469,0.38132005936391244,500,250
2024-10-31,weight_pct,equal,ig,0.007417501740024403,0.007417501740024403,0.39652587513778953,0.005749986369102543,0.004205312882399948,0.0005976028350297065,0.013332283784589066,500,250
2024-10-31,weight_pct,equal,concentration,0.3006156365699978,0.3006156365699978,9.394475208082378,0.07328232621824526,0.024198617306070504,0.03290172367610037,0.11363030139240847,500,250
2024-10-31,weight_pct,equal,pc1,-0.0015054279186635295,0.0015054279186635295,3.5057954610591624,0.0006855176258294426,0.00023387282627902587,0.0002688713201328872,0.0010505067470126083,500,250
2024-10-31,weight_pct,equal,pc2,0.0008386223504535339,0.0008386223504535339,6.574266647161636,0.00015065543153178082,0.00010464542371714949,1.3400714796538095e-05,0.00035523259610083425,500,250
2024-10-31,weight_pct,value,mkt,0.788339619185687,0.788339619185687,2.337561110838213,0.22878876501868722,0.23937378645316085,0.016679301695119605,0.6716683953479957,500,250
2024-10-31,weight_pct,value,d10y,0.02000873258509544,0.02000873258509544,0.4333439450016465,0.01559579165218205,0.010183460467866055,0.0012275487657460759,0.03377897293672254,500,250
2024-10-31,weight_pct,value,wti,0.01330823021956978,0.01330823021956978,-0.49259631712058605,0.02602431593237113,0.025814414909010562,0.002135258452112597,0.06727612790701733,500,250
2024-10-31,weight_pct,value,usd,0.21028006164309895,0.21028006164309895,-0.8931688794159017,0.48421015851253696,0.3066946276146319,0.047560762706444715,1.044388107416069,500,250
2024-10-31,weight_pct,value,ig,-0.008611440488980552,0.008611440488980552,-0.6896018720772424,0.022458727939092978,0.020080118704436156,0.002289021883771194,0.06097072031506502,500,250
2024-10-31,weight_pct,value,concentration,0.9958805449403051,0.9958805449403051,4.761888299864795,0.21911308282379752,0.16312173096092206,0.0184071637721607,0.4645029973347815,500,250
2024-10-31,weight_pct,value,pc1,-0.0032917009154202342,0.0032917009154202342,2.227884727618,0.0014058922172200396,0.0008464570338055395,0.00013367339046811976,0.0029270159207203114,500,250
2024-10-31,weight_pct,value,pc2,0.00167545607287887,0.00167545607287887,4.07253471872705,0.0003960159134525772,0.00031416310671163693,3.3398045784213126e-05,0.0010009178797990733,500,250
2024-10-31,market_value,equal,mkt,0.1529002022181698,0.1529002022181698,-2.2009447890053635,0.24937857985571374,0.043834983103389805,0.17598841944954963,0.31837724398000006,500,250
2024-10-31,market_value,equal,d10y,-0.001575494287398285,0.001575494287398285,-5.148959498167635,0.02017507827147684,0.0036122995317204583,0.014102009313865582,0.026315069299195505,500,250
2024-10-31,market_value,equal,wti,-0.03890886188627146,0.03890886188627146,3.0758632968854043,0.012790036262461798,0.008491543057280011,0.0014571911238047263,0.028680737681633556,500,250
2024-10-31,market_value,equal,usd,0.048142798927257716,0.048142798927257716,-4.9611807669346994,0.47399439647606867,0.08583674281474053,0.3246150271341532,0.6100156465981333,500,250
2024-10-31,market_value,equal,ig,0.007417501740024403,0.007417501740024403,0.5879874908805658,0.005024179141465173,0.004070363121118457,0.0004575407680448119,0.013104567655899062,500,250
2024-10-31,market_value,equal,concentration,0.3006156365699978,0.3006156365699978,5.832344782728477,0.17445774928660457,0.021630732061140988,0.138474532730991,0.2098016505881069,500,250
2024-10-31,market_value,equal,pc1,-0.0015054279186635295,0.0015054279186635295,-0.43843066020390065,0.001602638289226842,0.00022172347736379346,0.0012380519013816716,0.0019684689389022642,500,250
2024-10-31,market_value,equal,pc2,0.0008386223504535339,0.0008386223504535339,4.775711480665855,0.00026970356293296743,0.00011912754567016785,7.127866132333989e-05,0.0004584756906179234,500,250
2024-10-31,market_value,value,mkt,0.788339619185687,0.788339619185687,2.9621596144134466,0.21665959665158901,0.19299433418522904,0.01705961722104492,0.4904511830687273,500,250
2024-10-31,market_value,value,d10y,0.02000873258509544,0.02000873258509544,0.19262749808420943,0.017954737770240745,0.010663040507107483,0.0019143828566728464,0.03637593429047505,500,250
2024-10-31,market_value,value,wti,0.01330823021956978,0.01330823021956978,-0.5280245758115318,0.027121852081816205,0.026160944954154806,0.002554077858417201,0.07611711103075823,500,250
2024-10-31,market_value,value,usd,0.21028006164309895,0.21028006164309895,-1.0663689267630876,0.5388740310394314,0.3081428585825019,0.05562885003620068,1.0533769948042897,500,250
2024-10-31,market_value,value,ig,-0.008611440488980552,0.008611440488980552,-0.6938892696234297,0.021084897742269106,0.01797614950877946,0.0012323209057179165,0.048475287356195766,500,250
2024-10-31,market_value,value,concentration,0.9958805449403051,0.9958805449403051,5.116968222367563,0.2306104258595315,0.14955537846328304,0.04124940091061955,0.4679803257491382,500,250
2024-10-31,market_value,value,pc1,-0.0032917009154202342,0.0032917009154202342,1.8870829860787028,0.001610710651341404,0.0008907876741403268,0.00017965957090182084,0.003124176310446977,500,250
2024-10-31,market_value,value,pc2,0.00167545607287887,0.00167545607287887,4.653561115844511,0.000365183994031447,0.00028156331167247166,2.5469447650162482e-05,0.0009337287033568764,500,250
2024-11-30,weight_pct,equal,mkt,0.06318707607304284,0.06318707607304284,-1.1197270800711838,0.10918078662970754,0.04107582229210779,0.03988897728084457,0.17642075880858352,500,249
2024-11-30,weight_pct,equal,d10y,0.02760613164156004,0.02760613164156004,7.548192390946698,0.0044066394493474945,0.0030735162792138175,0.0003553274827730789,0.009681202860356883,500,249
2024-11-30,weight_pct,equal,wti,-0.00038107833860267365,0.00038107833860267365,-1.26081410288748,0.009448545669574811,0.007191755953717591,0.0006572928862514872,0.022886345512717975,500,249
2024-11-30,weight_pct,equal,usd,0.5291882918188329,0.5291882918188329,5.716782002165689,0.11730070456891253,0.07204885319990949,0.012382108734104226,0.2455664185450636,500,249
2024-11-30,weight_pct,equal,ig,-0.02061352915028546,0.02061352915028546,1.3345069986517901,0.011375929328985991,0.006922106688561335,0.0010745659266274872,0.023233338154002813,500,249
2024-11-30,weight_pct,equal,concentration,0.3917764083339904,0.3917764083339904,13.72816750141364,0.0761263692120555,0.022992874984183523,0.037970767928498676,0.11312439130063932,500,249
2024-11-30,weight_pct,equal,pc1,-0.002228867554946874,0.002228867554946874,6.464212637599687,0.0007406693547950255,0.00023022110867696504,0.0003498554043455814,0.0011278968918714152,500,249
2024-11-30,weight_pct,equal,pc2,-0.00016339895731331188,0.00016339895731331188,-0.09332678405014361,0.0001749540367026925,0.00012381311010537118,1.5190292569049967e-05,0.0004056524124716332,500,249
2024-11-30,weight_pct,value,mkt,0.719373386888573,0.719373386888573,2.1380510630234895,0.2322443488530464,0.2278378877194173,0.02012296263769164,0.6044766425344167,500,249
2024-11-30,weight_pct,value,d10y,0.05142812661932916,0.05142812661932916,3.116071231104043,0.014478654070614442,0.01185771113955675,0.00129570662416607,0.0370091266987219,500,249
2024-11-30,weight_pct,value,wti,0.08138947792085588,0.08138947792085588,1.7716169727423396,0.02892945357461205,0.029611380537317482,0.001645065652583546,0.08506810523427358,500,249
2024-11-30,weight_pct,value,usd,0.583765960117427,0.583765960117427,1.0201923700241942,0.34531856221577717,0.23372787810204362,0.037448668451471566,0.7662139192955091,500,249
2024-11-30,weight_pct,value,ig,-0.06979323144770923,0.06979323144770923,1.5682716929169558,0.029058535399563573,0.025974259582776688,0.0023574409528908753,0.07692118140892285,500,249
2024-11-30,weight_pct,value,concentration,1.043575727051833,1.043575727051833,4.851005841899093,0.22224691013128067,0.16931103438931644,0.0321128231398413,0.4523079418560519,500,249
2024-11-30,weight_pct,value,pc1,-0.003511356013162639,0.003511356013162639,2.6938382424552447,0.00142216848826926,0.0007755430493069364,0.00020478146103626495,0.0027409788723005007,500,249
2024-11-30,weight_pct,value,pc2,0.00031205818343529694,0.00031205818343529694,-0.285604489288511,0.0004158782788766737,0.00036351002640053084,3.400509594872032e-05,0.0010997200890424399,500,249
2024-11-30,market_value,equal,mkt,0.06318707607304284,0.06318707607304284,-3.5599209254939193,0.20354976084543588,0.03942859622729359,0.1356570422661838,0.2646312886311357,500,249
2024-11-30,market_value,equal,d10y,0.02760613164156004,0.02760613164156004,3.1226904304289724,0.015845491008699548,0.0037661884502732798,0.010196754849715934,0.02227379322804785,500,249
2024-11-30,market_value,equal,wti,-0.00038107833860267365,0.00038107833860267365,-1.3298471679743908,0.011216600293481238,0.008147945279594133,0.0009818440049440282,0.02604113253289727,500,249
2024-11-30,market_value,equal,usd,0.5291882918188329,0.5291882918188329,2.5025654434221094,0.3179423339017791,0.08441176172727274,0.1869370323585671,0.46243609005734715,500,249
2024-11-30,market_value,equal,ig,-0.02061352915028546,0.02061352915028546,2.999868044801874,0.006688101936194203,0.0046420132506231485,0.0007011850194261513,0.015112449844621038,500,249
2024-11-30,market_value,equal,concentration,0.3917764083339904,0.3917764083339904,11.103827632805771,0.15853822601396328,0.021005205595135065,0.12487282143640135,0.19620306500611923,500,249
2024-11-30,market_value,equal,pc1,-0.002228867554946874,0.002228867554946874,3.521363288436269,0.0014789048133157792,0.00021297511225095166,0.0011279797112276862,0.0018412375353088202,500,249
2024-11-30,market_value,equal,pc2,-0.00016339895731331188,0.00016339895731331188,0.33015098662086856,0.00013018136906238581,0.00010061332419724599,1.4403210154982876e-05,0.00033582812868458164,500,249
2024-11-30,market_value,value,mkt,0.719373386888573,0.719373386888573,2.828168389453007,0.20560719616847511,0.1816603964021622,0.01543050675819934,0.5088509268041091,500,249
2024-11-30,market_value,value,d10y,0.05142812661932916,0.05142812661932916,3.4112728313552716,0.01442130731455237,0.010848390361692141,0.00101408826571283,0.03590798280669751,500,249
2024-11-30,market_value,value,wti,0.08138947792085588,0.08138947792085588,2.0262440029244932,0.027398027345891453,0.026646075446509977,0.0013981821769327627,0.07860321538212982,500,249
2024-11-30,market_value,value,usd,0.583765960117427,0.583765960117427,0.9897633994939034,0.3525202808115434,0.23363733133001952,0.03054146197110175,0.7743417887041238,500,249
2024-11-30,market_value,value,ig,-0.06979323144770923,0.06979323144770923,1.7536468905589244,0.027026152735220372,0.024387508649964352,0.0017654416139568996,0.07489657191406122,500,249
2024-11-30,market_value,value,concentration,1.043575727051833,1.043575727051833,5.697463795918771,0.20850772445552723,0.14656837366732983,0.02454811183611255,0.45161421827566156,500,249
2024-11-30,market_value,value,pc1,-0.003511356013162639,0.003511356013162639,2.550473392633739,0.0014463169396566502,0.0008096689341948132,0.00018379346203836714,0.002900840901680705,500,249
2024-11-30,market_value,value,pc2,0.00031205818343529694,0.00031205818343529694,-0.3618743690304939,0.0004636871451696366,0.00041900995127279206,2.7445369776166042e-05,0.001318002076454858,500,249
2024-12-31,weight_pct,equal,mkt,0.04210888454160523,0.04210888454160523,-1.5735748558445843,0.10570684977624681,0.04041623123197826,0.039913608964327094,0.17662998779941194,500,250
2024-12-31,weight_pct,equal,d10y,0.04234448946570642,0.04234448946570642,13.580743416269703,0.0038361521894288314,0.002835510258602241,0.0003335494528368986,0.008920885012408807,500,250
2024-12-31,weight_pct,equal,wti,0.053003825801540574,0.053003825801540574,6.217149625371839,0.00970441584328481,0.006964511483132608,0.000663349495455146,0.022918490620588063,500,250
2024-12-31,weight_pct,equal,usd,0.7832738123176922,0.7832738123176922,11.579409430013225,0.08783601606247919,0.06005814031004678,0.008699278329486717,0.20866402583765126,500,250
2024-12-31,weight_pct,equal,ig,-0.02021480243321046,0.02021480243321046,1.0857355853549153,0.01230264566438511,0.007287369849113817,0.00186912303351169,0.02537542331549536,500,250
2024-12-31,weight_pct,equal,concentration,0.4501696849646664,0.4501696849646664,17.866706681679876,0.0750997945223245,0.02099267073248201,0.0430313907742538,0.10755953599938865,500,250
2024-12-31,weight_pct,equal,pc1,-0.0024271314892856427,0.0024271314892856427,7.315322853284765,0.0007817999986761696,0.00022491577249672277,0.00042007437663634824,0.0011686686771767132,500,250
2024-12-31,weight_pct,equal,pc2,-0.0005113025677404243,0.0005113025677404243,1.9784955631894732,0.00023012303783130934,0.00014211784708570885,2.49556131402515e-05,0.00046963254191472955,500,250
2024-12-31,weight_pct,value,mkt,0.7028045257847111,0.7028045257847111,2.3257846331316174,0.21723465752572843,0.20877679787795897,0.014592890236750023,0.5219491538858739,500,250
2024-12-31,weight_pct,value,d10y,0.05044878036444384,0.05044878036444384,3.371926307479037,0.01480746429129661,0.010570016312068768,0.0012757524225337883,0.03466301161365656,500,250
2024-12-31,weight_pct,value,wti,0.10619705893364415,0.10619705893364415,2.8407331021043705,0.028399230433243633,0.027386532174659105,0.0020884844164809515,0.0746943454844074,500,250
2024-12-31,weight_pct,value,usd,0.5145637996487856,0.5145637996487856,0.95464484230006,0.3269900402472055,0.19648538502512825,0.035385725672535985,0.6712375102006348,500,250
2024-12-31,weight_pct,value,ig,-0.08563528147615015,0.08563528147615015,2.2141294537642198,0.02911012059599812,0.025529293593946897,0.002810350810339805,0.07837286232701689,500,250
2024-12-31,weight_pct,value,concentration,0.9097842331552592,0.9097842331552592,3.8971145410702484,0.2656923953115745,0.16527403314833042,0.03930322613112409,0.5221424312958732,500,250
2024-12-31,weight_pct,value,pc1,-0.002548891759836352,0.002548891759836352,1.1989853620495523,0.0016028370637212281,0.0007890460768411156,0.00032082083746092155,0.0029536078917601232,500,250
2024-12-31,weight_pct,value,pc2,-7.594932237779426e-05,7.594932237779426e-05,-0.9651061741645165,0.00048611550052111714,0.00042499591145855013,3.827625062396549e-05,0.0012811953774981226,500,250
2024-12-31,market_value,equal,mkt,0.04210888454160523,0.04210888454160523,-4.684348079587255,0.21843210352572115,0.03764093017606241,0.1550172523193056,0.27880615060909275,500,250
2024-12-31,market_value,equal,d10y,0.04234448946570642,0.04234448946570642,6.971165278362477,0.018503773879899814,0.003419903937696737,0.01267053489477167,0.02397187471706491,500,250
2024-12-31,market_value,equal,wti,0.053003825801540574,0.053003825801540574,5.585151981827486,0.010911713779094195,0.007536430908129676,0.0010977715359971932,0.025807328276424086,500,250
2024-12-31,market_value,equal,usd,0.7832738123176922,0.7832738123176922,6.634387160915951,0.3402327215832497,0.06677950502262756,0.23188066519989053,0.4585969436698377,500,250
2024-12-31,market_value,equal,ig,-0.02021480243321046,0.02021480243321046,3.0939191968013526,0.00601152202257471,0.004590708259388224,0.00037298516153699786,0.015223800647548094,500,250
2024-12-31,market_value,equal,concentration,0.4501696849646664,0.4501696849646664,16.183485376474987,0.16299788482191643,0.01774474369780661,0.1318278239348554,0.19249629591580425,500,250
2024-12-31,market_value,equal,pc1,-0.0024271314892856427,0.0024271314892856427,3.8281778989591544,0.0017025608892200187,0.00018927296985404675,0.0013897925599205135,0.0019966226462694993,500,250
2024-12-31,market_value,equal,pc2,-0.0005113025677404243,0.0005113025677404243,3.474586264785156,0.00015335264703207486,0.00010301943697186707,1.2311457070271108e-05,0.0003398732257639276,500,250
2024-12-31,market_value,value,mkt,0.7028045257847111,0.7028045257847111,2.211925979157972,0.2296094336523531,0.2139289906584,0.014606802328670941,0.6089588251156992,500,250
2024-12-31,market_value,value,d10y,0.05044878036444384,0.05044878036444384,2.9778073264927953,0.015211837171942915,0.01183318439678981,0.0014500773616009746,0.03870841816295731,500,250
2024-12-31,market_value,value,wti,0.10619705893364415,0.10619705893364415,2.4521341830763306,0.03046532654332314,0.030884008270424906,0.002543992810997646,0.08166705771661352,500,250
2024-12-31,market_value,value,usd,0.5145637996487856,0.5145637996487856,1.0510355592439358,0.29992225882406987,0.20421910461252,0.025591442891541454,0.6573553656547739,500,250
2024-12-31,market_value,value,ig,-0.08563528147615015,0.08563528147615015,2.1592324766141866,0.029456506619143803,0.026017937144544177,0.0018127813085363558,0.07532386906649911,500,250
2024-12-31,market_value,value,concentration,0.9097842331552592,0.9097842331552592,3.8607626361030083,0.24070402342022088,0.173302601791235,0.02560643681115526,0.5204203623269251,500,250
2024-12-31,market_value,value,pc1,-0.002548891759836352,0.002548891759836352,1.484803682850361,0.001379931869569485,0.0007872824561041146,0.00014484159425119121,0.002708024727422274,500,250
2024-12-31,market_value,value,pc2,-7.594932237779426e-05,7.594932237779426e-05,-0.9319152396215319,0.00048528675819136465,0.00043924320411350927,3.1985203052889565e-05,0.0013893800664775853,500,250
2025-01-31,weight_pct,equal,mkt,0.09873481456413798,0.09873481456413798,-0.19926523783388778,0.1066667537701622,0.03980593550710775,0.038666299647839714,0.1739278676201961,500,249
2025-01-31,weight_pct,equal,d10y,0.03975794139084543,0.03975794139084543,10.358448318987087,0.0053409781438647766,0.0033225983455354205,0.0005029104705898009,0.011035734588648696,500,249
2025-01-31,weight_pct,equal,wti,0.05278714547739216,0.05278714547739216,5.853287371398904,0.009383584929806676,0.007415245108188198,0.0006898370680715631,0.024674610171917737,500,249
2025-01-31,weight_pct,equal,usd,0.6180732703253302,0.6180732703253302,7.048933047602967,0.115458374843055,0.07130368413035112,0.011558833314065153,0.24345456550193376,500,249
2025-01-31,weight_pct,equal,ig,-0.023955744185814636,0.023955744185814636,1.9478985576565424,0.010812787100084504,0.00674724925179986,0.00106141136667997,0.022623826590119737,500,249
2025-01-31,weight_pct,equal,concentration,0.44147596502932857,0.44147596502932857,17.555757807779273,0.0726485576249985,0.021008914080649713,0.04010575501362236,0.10697715055025035,500,249
2025-01-31,weight_pct,equal,pc1,-0.002267632282882108,0.002267632282882108,6.426212648744077,0.0008406150711715515,0.00022206193441006794,0.0004431947921562498,0.0012012562316464968,500,249
2025-01-31,weight_pct,equal,pc2,-0.00037242961149949467,0.00037242961149949467,1.8572205885379343,0.00016148864894747,0.00011357884133628111,1.2801721704186655e-05,0.0003754584074623993,500,249
2025-01-31,weight_pct,value,mkt,0.956945388123679,0.956945388123679,3.2739076013905337,0.21074261700746866,0.22792420005967,0.012772033615685007,0.5224653162136595,500,249
2025-01-31,weight_pct,value,d10y,0.04413972109414609,0.04413972109414609,2.2144438737716596,0.01734901704792769,0.012098163499889587,0.0015251539668666625,0.03949988295244675,500,249
2025-01-31,weight_pct,value,wti,0.12318624433637274,0.12318624433637274,3.071154154208784,0.02770402223774823,0.03109001284346908,0.0020283864387537764,0.06636960475972829,500,249
2025-01-31,weight_pct,value,usd,-0.01699922747002168,0.01699922747002168,-1.8277416081420892,0.4304945045389363,0.22623289595581025,0.07998036119065201,0.8224058489915983,500,249
2025-01-31,weight_pct,value,ig,-0.0945178412915349,0.0945178412915349,2.243311961046285,0.029090497251703568,0.029165512945117045,0.0023484426046527277,0.07478474493574488,500,249
2025-01-31,weight_pct,value,concentration,1.0480461427153358,1.0480461427153358,4.652463841720922,0.2590752914363945,0.16958129673225036,0.030581122048605257,0.5067000751624021,500,249
2025-01-31,weight_pct,value,pc1,-0.0024016941033973256,0.0024016941033973256,0.5046658300697635,0.0019656124467614337,0.0008640998273562713,0.00040768584964734,0.00327453056364164,500,249
2025-01-31,weight_pct,value,pc2,0.0007401942355529435,0.0007401942355529435,0.8656814102978788,0.00043390981129398036,0.0003538073252070544,4.3487813519558723e-05,0.0011192160721354514,500,249
2025-01-31,market_value,equal,mkt,0.09873481456413798,0.09873481456413798,-2.8211240587785373,0.20815873229032417,0.038787346974582707,0.14723135493844322,0.2721708580707524,500,249
2025-01-31,market_value,equal,d10y,0.03975794139084543,0.03975794139084543,6.554296631316209,0.017407337536378152,0.0034100690145265696,0.011464014162943424,0.02278154796903132,500,249
2025-01-31,market_value,equal,wti,0.05278714547739216,0.05278714547739216,5.617640543765554,0.009938170136126927,0.007627575137184407,0.0009897071438892092,0.02469131355216703,500,249
2025-01-31,market_value,equal,usd,0.6180732703253302,0.6180732703253302,3.5105606802576483,0.37148722705637377,0.07024121379119956,0.258514618283992,0.490258152790482,500,249
2025-01-31,market_value,equal,ig,-0.023955744185814636,0.023955744185814636,3.105027761951891,0.007260814534358955,0.005376740863972459,0.00046666985635145536,0.0169374702301389,500,249
2025-01-31,market_value,equal,concentration,0.44147596502932857,0.44147596502932857,16.834427178050632,0.14002188659259038,0.01790699946296869,0.1123860776283956,0.17007568651013433,500,249
2025-01-31,market_value,equal,pc1,-0.002267632282882108,0.002267632282882108,2.657801176247636,0.0017432575312594585,0.00019729645554712914,0.0014163031084084732,0.0020719762842421824,500,249
2025-01-31,market_value,equal,pc2,-0.00037242961149949467,0.00037242961149949467,1.9072216056637323,0.0001676805268835043,0.00010735463776624722,1.4511217998017696e-05,0.0003446685509904276,500,249
2025-01-31,market_value,value,mkt,0.956945388123679,0.956945388123679,3.087456064347487,0.20977116017009703,0.24200319369127357,0.018022745239379474,0.49798465565408606,500,249
2025-01-31,market_value,value,d10y,0.04413972109414609,0.04413972109414609,2.119991080937528,0.017106024806874988,0.012751797179880555,0.001284835991100725,0.040071697796191456,500,249
2025-01-31,market_value,value,wti,0.12318624433637274,0.12318624433637274,2.802615369795227,0.030084439650593056,0.03321961539538055,0.0018293456183440487,0.08035044853022408,500,249
2025-01-31,market_value,value,usd,-0.01699922747002168,0.01699922747002168,-1.654339602341127,0.4021807658221437,0.23283099661462198,0.055647786873687335,0.804074591302147,500,249
2025-01-31,market_value,value,ig,-0.0945178412915349,0.0945178412915349,2.2343706611806238,0.02905905388741372,0.02929629740552235,0.0015023666234871473,0.0737605016738783,500,249
2025-01-31,market_value,value,concentration,1.0480461427153358,1.0480461427153358,4.416821524694701,0.236883691774483,0.1836529835778053,0.02134871980251583,0.47523640904462916,500,249
2025-01-31,market_value,value,pc1,-0.0024016941033973256,0.0024016941033973256,0.7910343369427829,0.0017001978600826744,0.000886808840720895,0.0002566856048047273,0.0031872551244434577,500,249
2025-01-31,market_value,value,pc2,0.0007401942355529435,0.0007401942355529435,0.7452587704845982,0.00045622555518787255,0.000381033664562475,2.6103193033884088e-05,0.0011603735670271344,500,249
2025-02-28,weight_pct,equal,mkt,-0.013177297646157382,0.013177297646157382,-2.515899067681322,0.11291247196165928,0.03964196163378638,0.045142333459458076,0.17640172793261064,500,249
2025-02-28,weight_pct,equal,d10y,0.041327195305086196,0.041327195305086196,14.299739357748816,0.0034705427724053754,0.002647366611767428,0.0002192344097099972,0.008458224570485652,500,249
2025-02-28,weight_pct,equal,wti,0.06104135431411098,0.06104135431411098,7.311332710906436,0.009638653589033899,0.0070305514408336,0.0009777140236027582,0.023017086497278957,500,249
2025-02-28,weight_pct,equal,usd,0.8060947142610935,0.8060947142610935,10.637643847974276,0.09197730481471725,0.06713116359713109,0.005968236471979857,0.22031295023894998,500,249
2025-02-28,weight_pct,equal,ig,0.0025482609648568924,0.0025482609648568924,-2.0534147535369875,0.019269136658949946,0.008142960726902104,0.004617149812093271,0.0317798979921923,500,249
2025-02-28,weight_pct,equal,concentration,0.3779172119401492,0.3779172119401492,16.321816647577165,0.05272522774523827,0.019923761626325025,0.019401904659813025,0.08527397327145651,500,249
2025-02-28,weight_pct,equal,pc1,-0.0021681261865547606,0.0021681261865547606,6.458410211109748,0.0007449845762742689,0.0002203547875965521,0.0003875450439413568,0.0011128973758654515,500,249
2025-02-28,weight_pct,equal,pc2,-0.0006145889369641148,0.0006145889369641148,2.639386443172488,0.0002349522087863479,0.0001438352194161653,1.621504915303385e-05,0.0004923192696893732,500,249
2025-02-28,weight_pct,value,mkt,0.576924167695529,0.576924167695529,2.2973482939477115,0.21658652163327166,0.1568493758702392,0.028873848025951016,0.4721782446961177,500,249
2025-02-28,weight_pct,value,d10y,0.038530450653096265,0.038530450653096265,2.6429695430765205,0.013373850912917111,0.009518308603320447,0.0010682613950506762,0.031287121962593846,500,249
2025-02-28,weight_pct,value,wti,0.0896439629986747,0.0896439629986747,3.1281919367868563,0.023784802780730134,0.021053426883259684,0.0015559982077917702,0.06409821605552454,500,249
2025-02-28,weight_pct,value,usd,0.3241262998001918,0.3241262998001918,-0.4864943831326131,0.4203297937416204,0.1977484165838859,0.09476929195348466,0.7503075976960073,500,249
2025-02-28,weight_pct,value,ig,-0.02086202604160911,0.02086202604160911,-0.7605435491180479,0.04154985846315141,0.027201377811346385,0.0031777438039587505,0.09392163427535313,500,249
2025-02-28,weight_pct,value,concentration,0.9729774411660799,0.9729774411660799,5.165516213165517,0.244448732665917,0.1410369609611017,0.04390075093311182,0.4807403786190488,500,249
2025-02-28,weight_pct,value,pc1,-0.003059297398441574,0.003059297398441574,1.1426934202776302,0.0021417699161146585,0.0008029515756763453,0.0008476416566275275,0.0034390200082746545,500,249
2025-02-28,weight_pct,value,pc2,0.0008503902411748363,0.0008503902411748363,0.8097777215050473,0.0005066424814296293,0.00042449643972214965,3.69984898115532e-05,0.0013113890193450408,500,249
2025-02-28,market_value,equal,mkt,-0.013177297646157382,0.013177297646157382,-5.243661304763833,0.21161802737966653,0.037843925875461676,0.14969236632650887,0.26993647500859547,500,249
2025-02-28,market_value,equal,d10y,0.041327195305086196,0.041327195305086196,7.83447189058346,0.012387637788428689,0.0036938747015534032,0.006275961257511489,0.018895392569027183,500,249
2025-02-28,market_value,equal,wti,0.06104135431411098,0.06104135431411098,7.154235164445723,0.010156563476121218,0.00711254098703255,0.0009905304648427575,0.023666059147756602,500,249
2025-02-28,market_value,equal,usd,0.8060947142610935,0.8060947142610935,5.827044255128763,0.37520273490286044,0.07394692068435499,0.26117656128803535,0.4952502679236132,500,249
2025-02-28,market_value,equal,ig,0.0025482609648568924,0.0025482609648568924,-2.985774224937261,0.02529973643620999,0.007619958428648826,0.012953026899459154,0.03769929064433229,500,249
2025-02-28,market_value,equal,concentration,0.3779172119401492,0.3779172119401492,14.660063395419279,0.11251541284347721,0.018103727926551814,0.08454785006554162,0.1420119395093087,500,249
2025-02-28,market_value,equal,pc1,-0.0021681261865547606,0.0021681261865547606,2.7171990437931077,0.0016441524442853772,0.00019283598066409434,0.001310842487564843,0.0019459942062552502,500,249
2025-02-28,market_value,equal,pc2,-0.0006145889369641148,0.0006145889369641148,5.521617740182307,0.00011482647741266858,9.051015174674977e-05,8.140108856282832e-06,0.0003003303984007012,500,249
2025-02-28,market_value,value,mkt,0.576924167695529,0.576924167695529,1.9855930781810949,0.21734732079582836,0.18109291921438983,0.014618202044534416,0.5422618519132015,500,249
2025-02-28,market_value,value,d10y,0.038530450653096265,0.038530450653096265,2.339544561317671,0.014111864623956145,0.010437324611328265,0.0015438346646075632,0.03409252167825794,500,249
2025-02-28,market_value,value,wti,0.0896439629986747,0.0896439629986747,2.342975202009079,0.027917875550137115,0.026345173177935503,0.001603021578349224,0.07368678474123484,500,249
2025-02-28,market_value,value,usd,0.3241262998001918,0.3241262998001918,-0.47526031486476716,0.4325284993203889,0.22809015634104093,0.09168651083506696,0.812719841511732,500,249
2025-02-28,market_value,value,ig,-0.02086202604160911,0.02086202604160911,-0.6623943227935747,0.03963186485525052,0.02833635218140411,0.003904766899646829,0.09017611246740609,500,249
2025-02-28,market_value,value,concentration,0.9729774411660799,0.9729774411660799,4.846176560495698,0.24431561325795587,0.1503580851444653,0.03741034703250969,0.5041682550159193,500,249
2025-02-28,market_value,value,pc1,-0.003059297398441574,0.003059297398441574,1.1651511884909935,0.002050195758926502,0.0008660692702223273,0.0004938118452580089,0.0033281996549393684,500,249
2025-02-28,market_value,value,pc2,0.0008503902411748363,0.0008503902411748363,0.7588992434547239,0.0005213526916432014,0.00043357211430830134,4.018311552883399e-05,0.0013351218751583563,500,249
2025-03-31,weight_pct,equal,mkt,0.018100812405091628,0.018100812405091628,-2.435019543774905,0.12188624344384712,0.04262201151694307,0.05020687151422945,0.19640036871353866,500,249
2025-03-31,weight_pct,equal,d10y,0.021085425704839143,0.021085425704839143,7.4628689413087725,0.003184637814064056,0.002398646958904762,0.0002877942820445693,0.007676569367175734,500,249
2025-03-31,weight_pct,equal,wti,0.020483426821348197,0.020483426821348197,1.3781055091030077,0.010283443841159645,0.007401452873392545,0.0008291522959545868,0.024934498284723293,500,249
2025-03-31,weight_pct,equal,usd,0.7985275419823665,0.7985275419823665,10.054612254901915,0.10901200115586801,0.06857703940699848,0.012459265141247318,0.23963611550291497,500,249
2025-03-31,weight_pct,equal,ig,0.020841372004065058,0.020841372004065058,-0.6358252143467693,0.02696668306454325,0.009633639752351096,0.011703775855330067,0.0430893266000983,500,249
2025-03-31,weight_pct,equal,concentration,0.33200853960689514,0.33200853960689514,12.342848678389217,0.0582898556393712,0.022176297473918728,0.022525891381971492,0.09656700714050177,500,249
2025-03-31,weight_pct,equal,pc1,-0.002074823779607035,0.002074823779607035,4.996027128296607,0.000836609432074115,0.0002478397966496008,0.0004317254996376704,0.0012347367972356544,500,249
2025-03-31,weight_pct,equal,pc2,-0.00018383567997129013,0.00018383567997129013,-0.7067012304715675,0.0002860507098863164,0.00014463683591836994,5.433431671505543e-05,0.0005279532989400095,500,249
2025-03-31,weight_pct,value,mkt,0.09761416975034165,0.09761416975034165,-0.775739025874554,0.23142425830955268,0.17249369194537556,0.02470825854902672,0.5098880001150673,500,249
2025-03-31,weight_pct,value,d10y,0.005178073801316534,0.005178073801316534,-0.6814384386968202,0.013020217278339054,0.011508220011802973,0.001004729466623283,0.03787224938576667,500,249
2025-03-31,weight_pct,value,wti,-0.0347577514011538,0.0347577514011538,0.11912495174826725,0.031008720932189832,0.03147141227713866,0.0012057437469908969,0.1030304554222563,500,249
2025-03-31,weight_pct,value,usd,0.6864792955538237,0.6864792955538237,1.627100071182086,0.36801602435753966,0.19572445286965104,0.06387982074633644,0.6800982222377988,500,249
2025-03-31,weight_pct,value,ig,0.01653014194156556,0.01653014194156556,-1.0609705431597571,0.04905658343198864,0.03065725217361229,0.005413458455932539,0.09946110963777705,500,249
2025-03-31,weight_pct,value,concentration,0.5256140350765626,0.5256140350765626,1.1149538384505948,0.29701941453685565,0.2050260850775449,0.037666297454124885,0.7328200309491211,500,249
2025-03-31,weight_pct,value,pc1,-0.0032428553691993007,0.0032428553691993007,1.547691170031641,0.002037974870013035,0.0007785018888242629,0.0006621032975278132,0.0032070263868575347,500,249
2025-03-31,weight_pct,value,pc2,0.0006851243527285413,0.0006851243527285413,0.22748147307053204,0.000592813931549209,0.00040579313969323094,4.467579403121752e-05,0.0012965917630662915,500,249
2025-03-31,market_value,equal,mkt,0.018100812405091628,0.018100812405091628,-5.391418710288327,0.22215799718543358,0.037848513674321765,0.16017277879172495,0.2841218868255795,500,249
2025-03-31,market_value,equal,d10y,0.021085425704839143,0.021085425704839143,3.8353321384696453,0.0076889891073292985,0.0034929012961196168,0.002130409575580114,0.01367151478381376,500,249
2025-03-31,market_value,equal,wti,0.020483426821348197,0.020483426821348197,1.6082209354434558,0.009428707540855395,0.006873880968005518,0.0008302548605688516,0.02197591897221194,500,249
2025-03-31,market_value,equal,usd,0.7985275419823665,0.7985275419823665,6.92305450891901,0.3266130920398916,0.0681656412403665,0.21818930901712305,0.4437015286056367,500,249
2025-03-31,market_value,equal,ig,0.020841372004065058,0.020841372004065058,-2.127768644716337,0.03963663238186889,0.00883331955496013,0.024638293196297754,0.05339396730445229,500,249
2025-03-31,market_value,equal,concentration,0.33200853960689514,0.33200853960689514,11.914697935749881,0.09521110817834252,0.019874396539927824,0.06367846091926763,0.12758349425284068,500,249
2025-03-31,market_value,equal,pc1,-0.002074823779607035,0.002074823779607035,2.2834809744283033,0.0016162115739284855,0.00020083907455956305,0.0012894068076760709,0.0019521655225916766,500,249
2025-03-31,market_value,equal,pc2,-0.00018383567997129013,0.00018383567997129013,-0.07987037951465764,0.00019365444129044337,0.0001229337005635652,2.0012321783112557e-05,0.0004111489129331597,500,249
2025-03-31,market_value,value,mkt,0.09761416975034165,0.09761416975034165,-0.6988416646547978,0.2508497239284153,0.21927077609742462,0.023901115128608756,0.6318917090302402,500,249
2025-03-31,market_value,value,d10y,0.005178073801316534,0.005178073801316534,-0.7623618022506,0.015117917632528658,0.013038223848398879,0.0012914840986256923,0.04167971496993817,500,249
2025-03-31,market_value,value,wti,-0.0347577514011538,0.0347577514011538,-0.16825758802571514,0.04150557642766899,0.04010413500925681,0.0029928070535996222,0.12173772668982026,500,249
2025-03-31,market_value,value,usd,0.6864792955538237,0.6864792955538237,1.497906149592566,0.35229584618212345,0.22310039214579558,0.055862066603784066,0.7379839730649832,500,249
2025-03-31,market_value,value,ig,0.01653014194156556,0.01653014194156556,-0.9297353928349795,0.0483423814697065,0.03421644456401517,0.005148950591840359,0.10936973910457734,500,249
2025-03-31,market_value,value,concentration,0.5256140350765626,0.5256140350765626,0.9518266760483076,0.31152480869758414,0.22492459159456554,0.04575139233243117,0.7712946966093854,500,249
2025-03-31,market_value,value,pc1,-0.0032428553691993007,0.0032428553691993007,1.5453472225848306,0.0018700696815847555,0.0008883347816928484,0.00024034172771826898,0.0032417662204900196,500,249
2025-03-31,market_value,value,pc2,0.0006851243527285413,0.0006851243527285413,0.17589476018323735,0.0006114165883886741,0.0004190446848051789,5.182440992476903e-05,0.0014000915668888603,500,249
2025-04-30,weight_pct,equal,mkt,-0.15236232574013805,0.15236232574013805,3.1193792465511807,0.05442216365661167,0.0313973243849109,0.007031376361100888,0.10783232934265183,500,248
2025-04-30,weight_pct,equal,d10y,0.004330392669353067,0.004330392669353067,0.37366559311989656,0.003391792018096839,0.002511873366288404,0.0002629590608865233,0.007972870437861311,500,248
2025-04-30,weight_pct,equal,wti,-0.028037896051079706,0.028037896051079706,1.7636343830167134,0.011764910612178221,0.009226960868763734,0.0009815584711603163,0.028800457674431616,500,248
2025-04-30,weight_pct,equal,usd,0.5732455407361885,0.5732455407361885,13.248345783916129,0.05402492374532959,0.03919135456301326,0.003176927399003902,0.12931100772072435,500,248
2025-04-30,weight_pct,equal,ig,0.04428001664733684,0.04428001664733684,2.877928125484075,0.01952094883682589,0.008603087614061387,0.00552250310891057,0.03371239735275475,500,248
2025-04-30,weight_pct,equal,concentration,0.25627807872079117,0.25627807872079117,8.70280101931828,0.061287768439199995,0.022405465763121107,0.024250298675141665,0.09682476870541254,500,248
2025-04-30,weight_pct,equal,pc1,-0.00233612744099922,0.00233612744099922,7.852822364191804,0.0005087563503248689,0.00023270246109309778,0.00013134234554604626,0.0009261707092980147,500,248
2025-04-30,weight_pct,equal,pc2,0.000519998315265574,0.000519998315265574,1.2566390230820252,0.0003103545650188073,0.0001668289352757769,4.30718804247131e-05,0.0005705194606734547,500,248
2025-04-30,weight_pct,value,mkt,-0.14015560829786566,0.14015560829786566,-0.14231661216522784,0.15523745821772872,0.10597392455037653,0.015095991271760272,0.34766542295984615,500,248
2025-04-30,weight_pct,value,d10y,0.0019149822880749554,0.0019149822880749554,-1.0602098798372948,0.01307661433100647,0.010527757055654336,0.001085644566284934,0.03443019815917759,500,248
2025-04-30,weight_pct,value,wti,-0.07122884944621848,0.07122884944621848,1.4891293811344477,0.03278688326156531,0.02581506125100247,0.0028377845417624607,0.08282455775360359,500,248
2025-04-30,weight_pct,value,usd,0.2862053066997189,0.2862053066997189,0.7530073168512009,0.19559582262304442,0.12033015091482767,0.015425727163564053,0.40846677192308284,500,248
2025-04-30,weight_pct,value,ig,0.034820559555768876,0.034820559555768876,-0.425377326066318,0.045105400863302385,0.024178160605415205,0.00682384132001642,0.08466719444663884,500,248
2025-04-30,weight_pct,value,concentration,0.34845353716229954,0.34845353716229954,0.05090854818603,0.3380344740983746,0.20466234915699402,0.05615658885869078,0.7470798788291925,500,248
2025-04-30,weight_pct,value,pc1,-0.0027940056313332214,0.0027940056313332214,1.677948579373631,0.0017838485173881616,0.0006020191121244883,0.0007668413211590487,0.002740758000274012,500,248
2025-04-30,weight_pct,value,pc2,0.0009200515002084056,0.0009200515002084056,0.25252885801917024,0.0008195762128495808,0.000397876457158007,0.0001244271050909908,0.0014342839768984588,500,248
2025-04-30,market_value,equal,mkt,-0.15236232574013805,0.15236232574013805,2.103859952689126,0.08520188577777586,0.03192248603644867,0.03302523074917068,0.1346672420677099,500,248
2025-04-30,market_value,equal,d10y,0.004330392669353067,0.004330392669353067,-0.33607188899941154,0.005456426001409797,0.003350572805744851,0.0005851111149250886,0.011476148658301348,500,248
2025-04-30,market_value,equal,wti,-0.028037896051079706,0.028037896051079706,2.172203105329702,0.010787788916498793,0.007941295679145368,0.0009527148063387867,0.0255488378694899,500,248
2025-04-30,market_value,equal,usd,0.5732455407361885,0.5732455407361885,6.940497317828954,0.18544328767582532,0.05587528318239751,0.09907049174830161,0.27705628873754673,500,248
2025-04-30,market_value,equal,ig,0.04428001664733684,0.04428001664733684,2.061431374834682,0.028726046745165625,0.007545228083771926,0.015548791945479092,0.04120445322450398,500,248
2025-04-30,market_value,equal,concentration,0.25627807872079117,0.25627807872079117,6.601914336265391,0.11892381688398798,0.02080521722044981,0.08425572089735389,0.15154681728428593,500,248
2025-04-30,market_value,equal,pc1,-0.00233612744099922,0.00233612744099922,6.543476212461071,0.0010464729787064537,0.0001970901124140732,0.0007163925924178879,0.0013619698240926637,500,248
2025-04-30,market_value,equal,pc2,0.000519998315265574,0.000519998315265574,1.3999148061778721,0.000314172692284526,0.00014702724913882788,7.293960440962383e-05,0.000547113988322036,500,248
2025-04-30,market_value,value,mkt,-0.14015560829786566,0.14015560829786566,-0.164789372067197,0.16003984555436318,0.12066456111252867,0.009703036542773739,0.3920963741254885,500,248
2025-04-30,market_value,value,d10y,0.0019149822880749554,0.0019149822880749554,-1.1604724271947486,0.015629764518187095,0.011818274961745857,0.0011654658463711093,0.038299106968101786,500,248
2025-04-30,market_value,value,wti,-0.07122884944621848,0.07122884944621848,1.1121663089888327,0.03770031483988837,0.0301470511517417,0.0022439818270670775,0.09425903563358183,500,248
2025-04-30,market_value,value,usd,0.2862053066997189,0.2862053066997189,0.6909555762805182,0.19910897001620484,0.12605200634223432,0.021030048594498214,0.4196043371463558,500,248
2025-04-30,market_value,value,ig,0.034820559555768876,0.034820559555768876,-0.21627151090557245,0.04056033099002215,0.026539655686593652,0.004220232348460789,0.09067372948789258,500,248
2025-04-30,market_value,value,concentration,0.34845353716229954,0.34845353716229954,0.021279986134889507,0.3436613293932543,0.2251978802367837,0.05054110493585974,0.806535479687984,500,248
2025-04-30,market_value,value,pc1,-0.0027940056313332214,0.0027940056313332214,1.7579070182332788,0.0015875199811634698,0.0006863193773367414,0.0005120975336415448,0.00276526046350814,500,248
2025-04-30,market_value,value,pc2,0.0009200515002084056,0.0009200515002084056,0.4095631259355377,0.0007361808470361332,0.0004489433777815543,9.925185680855037e-05,0.0015312566371379916,500,248
2025-05-31,weight_pct,equal,mkt,-0.27656368559614525,0.27656368559614525,7.7635089009962535,0.044518407898586514,0.029889226721667245,0.004849878937979534,0.10248889506860939,500,247
2025-05-31,weight_pct,equal,d10y,-0.003107754738528451,0.003107754738528451,-0.04602847886477393,0.003220536608830233,0.002450262817355351,0.00023942860516525376,0.007984314023790245,500,247
2025-05-31,weight_pct,equal,wti,-0.08819236690914717,0.08819236690914717,7.150071346429111,0.01401991918595798,0.01037366539849038,0.0008854366369328251,0.032969193566977126,500,247
2025-05-31,weight_pct,equal,usd,0.23005462259473664,0.23005462259473664,4.989246584288272,0.047668610852267784,0.0365558223393536,0.0025548243023335504,0.11589955174170098,500,247
2025-05-31,weight_pct,equal,ig,0.08792608206599986,0.08792608206599986,6.792535386024824,0.022797175880530256,0.009588305762744772,0.007798388261095016,0.0388599675803201,500,247
2025-05-31,weight_pct,equal,concentration,0.2451558924270445,0.2451558924270445,7.167874368353677,0.08649831144733648,0.022134537078409844,0.05175921791160103,0.12083290823790192,500,247
2025-05-31,weight_pct,equal,pc1,-0.0032563215352101136,0.0032563215352101136,11.422010035219861,0.0004918161093710551,0.00024203318131525744,9.334093232507887e-05,0.0008844930996902682,500,247
2025-05-31,weight_pct,equal,pc2,0.0013660553113904557,0.0013660553113904557,5.450489497355028,0.0004000212565787289,0.00017723803619482548,0.00011904330001631926,0.000706879849044724,500,247
2025-05-31,weight_pct,value,mkt,-0.12916728353849927,0.12916728353849927,-0.1529563350733487,0.14438116212300176,0.09946550155772772,0.012027979054389563,0.3252960548400069,500,247
2025-05-31,weight_pct,value,d10y,0.007810917070014967,0.007810917070014967,-0.46328931631513226,0.011979178392680891,0.008997102190525472,0.000994662625502211,0.02923313902821883,500,247
2025-05-31,weight_pct,value,wti,-0.15553363543567328,0.15553363543567328,5.042283722054818,0.03155511188315052,0.024587772205329088,0.0028145569242833354,0.08166915683018271,500,247
2025-05-31,weight_pct,value,usd,0.14224905908907595,0.14224905908907595,0.03307560876152954,0.13892370324054681,0.10053800891480133,0.009284447834683796,0.32186428493267616,500,247
2025-05-31,weight_pct,value,ig,0.0644604031738509,0.0644604031738509,0.6491739970500338,0.047880007201699444,0.02554075802095561,0.006291322675490988,0.09178980569814842,500,247
2025-05-31,weight_pct,value,concentration,0.505762836594218,0.505762836594218,0.8097026673369743,0.34716935829483897,0.19586631574399527,0.07395815833141307,0.7234972617666737,500,247
2025-05-31,weight_pct,value,pc1,-0.003946775428033276,0.003946775428033276,3.561882092896491,0.0017228723844689812,0.0006243617799700484,0.000665835724526686,0.002734649736213903,500,247
2025-05-31,weight_pct,value,pc2,0.0014492920867448312,0.0014492920867448312,1.2476068275666825,0.0009412358365060389,0.0004072246472309703,0.0002722786586654709,0.0016167654210977548,500,247
2025-05-31,market_value,equal,mkt,-0.27656368559614525,0.27656368559614525,6.184737463896535,0.07824785393509846,0.03206535973737242,0.024956983251520105,0.13175329363746632,500,247
2025-05-31,market_value,equal,d10y,-0.003107754738528451,0.003107754738528451,-0.8890352683326607,0.006185233697831876,0.003461593784771977,0.0011274332482694672,0.011931283889189294,500,247
2025-05-31,market_value,equal,wti,-0.08819236690914717,0.08819236690914717,5.122753380826041,0.02437762300569381,0.012457118108067749,0.004721907839580905,0.04542022996045651,500,247
2025-05-31,market_value,equal,usd,0.23005462259473664,0.23005462259473664,1.8085648145057065,0.1367582606525889,0.05158585481363923,0.05202844630163558,0.21755514524028854,500,247
2025-05-31,market_value,equal,ig,0.08792608206599986,0.08792608206599986,6.113306753385205,0.033998769289222325,0.008821299985791753,0.019844499440434586,0.04837795278453392,500,247
2025-05-31,market_value,equal,concentration,0.2451558924270445,0.2451558924270445,4.841216534006155,0.14369882563186992,0.02095693635732047,0.10974639319660406,0.17936112451322378,500,247
2025-05-31,market_value,equal,pc1,-0.0032563215352101136,0.0032563215352101136,11.295199358336765,0.0009131769255235196,0.000207446060521027,0.0005755204077780769,0.0012547055904190434,500,247
2025-05-31,market_value,equal,pc2,0.0013660553113904557,0.0013660553113904557,5.7667677121761045,0.0004075380697694672,0.00016621395025104792,0.00013658033503937713,0.0006956324319052368,500,247
2025-05-31,market_value,value,mkt,-0.12916728353849927,0.12916728353849927,-0.22760608775535904,0.15392075417088674,0.10875574935848635,0.009396302347867789,0.3529384279334017,500,247
2025-05-31,market_value,value,d10y,0.007810917070014967,0.007810917070014967,-0.6002663891998351,0.01410077190011603,0.010478439145136116,0.0009977479728794636,0.03447733255201526,500,247
2025-05-31,market_value,value,wti,-0.15553363543567328,0.15553363543567328,4.189087325746975,0.03753318756801681,0.028168533785963814,0.003820520799653626,0.09340961498681812,500,247
2025-05-31,market_value,value,usd,0.14224905908907595,0.14224905908907595,-0.14199759277163884,0.15891219075595267,0.11734798697379639,0.011031719449042847,0.3811720189606711,500,247
2025-05-31,market_value,value,ig,0.0644604031738509,0.0644604031738509,0.6631800153205782,0.045547737075854314,0.028518148407795874,0.005450688925125493,0.09757572443871998,500,247
2025-05-31,market_value,value,concentration,0.505762836594218,0.505762836594218,0.6811302995724908,0.3663105638433182,0.20473655751098796,0.0731605139858924,0.7518621778784056,500,247
2025-05-31,market_value,value,pc1,-0.003946775428033276,0.003946775428033276,3.2416377985607845,0.0017062149742201021,0.0006911816165297471,0.0005630025352750739,0.00284797915670378,500,247
2025-05-31,market_value,value,pc2,0.0014492920867448312,0.0014492920867448312,1.190988340673152,0.0008829247301568263,0.000475543997574226,0.00012917008452536407,0.0016773427989441052,500,247
2025-06-30,weight_pct,equal,mkt,-0.1667268501789549,0.1667268501789549,3.420720891776856,0.05295558869539019,0.033259440066291834,0.005634102696383421,0.11573220986692805,500,248
2025-06-30,weight_pct,equal,d10y,-0.004009393018705735,0.004009393018705735,0.24725813436131464,0.0033916910585750685,0.0024982068303889557,0.00038043041674122466,0.00830273941651243,500,248
2025-06-30,weight_pct,equal,wti,-0.04444527113899074,0.04444527113899074,3.729317606275474,0.012091811476274996,0.008675436923975922,0.0013365223382748549,0.027924553136487878,500,248
2025-06-30,weight_pct,equal,usd,0.10671942039822492,0.10671942039822492,1.5592121442794618,0.048803058788825106,0.03714463219253846,0.00409429848519454,0.11621267978607291,500,248
2025-06-30,weight_pct,equal,ig,0.07384071755004262,0.07384071755004262,4.935240381266247,0.023807149458056173,0.010138020486683812,0.006466410064472098,0.04070252665553651,500,248
2025-06-30,weight_pct,equal,concentration,0.2934505429355929,0.2934505429355929,9.334495192227424,0.08114073246524585,0.022744648328399335,0.04287502983559822,0.11716025266793789,500,248
2025-06-30,weight_pct,equal,pc1,-0.0024929452895116493,0.0024929452895116493,8.148827848907434,0.0005253392592083829,0.00024145877993570278,0.00012898548496707095,0.0009361048762873504,500,248
2025-06-30,weight_pct,equal,pc2,0.0013776727187290096,0.0013776727187290096,5.360032399990593,0.0004094308212058666,0.00018064105312588078,0.00010511390218666768,0.0006930808700068464,500,248
2025-06-30,weight_pct,value,mkt,0.06480406019563989,0.06480406019563989,-0.7622170988440975,0.17474137210004184,0.14423359443276978,0.014071650565686407,0.4367187713729564,500,248
2025-06-30,weight_pct,value,d10y,0.019792206182834678,0.019792206182834678,0.10816875435923617,0.018217009643071914,0.014562398810024406,0.0013716496951886252,0.04575932073385328,500,248
2025-06-30,weight_pct,value,wti,-0.07326064666768856,0.07326064666768856,1.154826455939987,0.03660918632374974,0.0317376348241917,0.0035061809178742074,0.0964531865978659,500,248
2025-06-30,weight_pct,value,usd,0.10802378215057007,0.10802378215057007,-0.3892941566002035,0.16327341359158,0.1419225809180334,0.010868067829492359,0.4600327731433737,500,248
2025-06-30,weight_pct,value,ig,0.03151053967896199,0.03151053967896199,-0.38606694808905506,0.0438584761260914,0.03198392534830794,0.0035899030835013428,0.1066114952460602,500,248
2025-06-30,weight_pct,value,concentration,0.5719045728371355,0.5719045728371355,1.1874889257792975,0.31668207382051644,0.2149262140269035,0.039586996014827,0.7360753762068811,500,248
2025-06-30,weight_pct,value,pc1,-0.0025360320992097703,0.0025360320992097703,1.6241825315303826,0.0013069722725241723,0.0007567251850243205,0.00019131607382347213,0.002610219574339439,500,248
2025-06-30,weight_pct,value,pc2,0.0009088770680461488,0.0009088770680461488,0.19923255375448096,0.0008008364029104627,0.000542284195527741,7.304430680077232e-05,0.0018214755245191253,500,248
2025-06-30,market_value,equal,mkt,-0.1667268501789549,0.1667268501789549,2.548556823945351,0.08095375498647771,0.03365555532707103,0.022382591735557757,0.1378497386229524,500,248
2025-06-30,market_value,equal,d10y,-0.004009393018705735,0.004009393018705735,0.19967020850475975,0.0034810822893400904,0.0026459166508710813,0.0002837003532353508,0.008207663947023198,500,248
2025-06-30,market_value,equal,wti,-0.04444527113899074,0.04444527113899074,3.156307264411381,0.013817059580344111,0.009703811762559331,0.0010939678877462818,0.03222100112791034,500,248
2025-06-30,market_value,equal,usd,0.10671942039822492,0.10671942039822492,-0.2629063556194605,0.12106071405505017,0.054549056537770896,0.032600169973042555,0.21228791222564317,500,248
2025-06-30,market_value,equal,ig,0.07384071755004262,0.07384071755004262,4.196706699227629,0.03555080988571022,0.009123798828109516,0.019942055671012062,0.050170044750436724,500,248
2025-06-30,market_value,equal,concentration,0.2934505429355929,0.2934505429355929,7.227640011541272,0.13809264895024218,0.02149496844575428,0.10258709863038513,0.17053224460518787,500,248
2025-06-30,market_value,equal,pc1,-0.0024929452895116493,0.0024929452895116493,7.007118266755836,0.0009503903541531022,0.00022014113029559596,0.0005512179552730854,0.0013181037101811575,500,248
2025-06-30,market_value,equal,pc2,0.0013776727187290096,0.0013776727187290096,4.91203438839667,0.0005247452513491286,0.00017364036974062876,0.00023197997755238837,0.0007862305741254309,500,248
2025-06-30,market_value,value,mkt,0.06480406019563989,0.06480406019563989,-0.797829558068907,0.1973224698411622,0.16609864639043237,0.011225307528607969,0.5106042828210627,500,248
2025-06-30,market_value,value,d10y,0.019792206182834678,0.019792206182834678,-0.08502868774071443,0.021193182774814676,0.01647651668166538,0.001661367558186867,0.05194531976522696,500,248
2025-06-30,market_value,value,wti,-0.07326064666768856,0.07326064666768856,0.8807590016480834,0.04319618622490186,0.0341347183355831,0.0030197649597011908,0.10715329336953151,500,248
2025-06-30,market_value,value,usd,0.10802378215057007,0.10802378215057007,-0.5127559878580212,0.18860600673416822,0.1571551117720167,0.015876337576130085,0.4952927768443537,500,248
2025-06-30,market_value,value,ig,0.03151053967896199,0.03151053967896199,-0.4461043075474989,0.04785315999791594,0.03663407871759649,0.003855395493979698,0.11934441057718816,500,248
2025-06-30,market_value,value,concentration,0.5719045728371355,0.5719045728371355,1.1142214681187133,0.3257033580659084,0.22096254812512361,0.036480812839762636,0.7616035599256863,500,248
2025-06-30,market_value,value,pc1,-0.0025360320992097703,0.0025360320992097703,1.4903344451149667,0.0012951638311165922,0.0008326106077468106,0.00017585449287207491,0.0028036912285713156,500,248
2025-06-30,market_value,value,pc2,0.0009088770680461488,0.0009088770680461488,0.09916755851864177,0.0008465243925680752,0.0006287608206705253,7.500887056675868e-05,0.0021069187058025307,500,248
2025-07-31,weight_pct,equal,mkt,0.018677070447347895,0.018677070447347895,-1.37845132963976,0.06739671157252054,0.03534375140971054,0.011484351973326328,0.1294395517641482,500,248
2025-07-31,weight_pct,equal,d10y,0.010201320066683702,0.010201320066683702,1.4788213159435348,0.005290143119258423,0.0033210076798844304,0.0005283076148465654,0.01092498023921354,500,248
2025-07-31,weight_pct,equal,wti,-0.002275511932531629,0.002275511932531629,-1.0536542596178051,0.010745940178898225,0.008039096476902298,0.001063356946754012,0.02584133493442628,500,248
2025-07-31,weight_pct,equal,usd,0.056039905959263794,0.056039905959263794,0.3692319933724054,0.04367125339162356,0.033498322977568405,0.0030529915213302022,0.10378154695869993,500,248
2025-07-31,weight_pct,equal,ig,0.04524942837988849,0.04524942837988849,1.697430933561249,0.028201766889166396,0.010043213631647273,0.011508549197091527,0.04397187390726769,500,248
2025-07-31,weight_pct,equal,concentration,0.553309254741168,0.553309254741168,22.19956131336055,0.049205084285577634,0.022707843787534713,0.012241544952191406,0.08487467550492096,500,248
2025-07-31,weight_pct,equal,pc1,-0.0017996852078905911,0.0017996852078905911,5.476685311437619,0.000497140186948809,0.0002378345562819761,0.00011348448146043173,0.000909062983003177,500,248
2025-07-31,weight_pct,equal,pc2,0.0010476473510889401,0.0010476473510889401,3.0808073089949626,0.0004699592615203302,0.000187511918672079,0.000156711229039694,0.0007715727044403976,500,248
2025-07-31,weight_pct,value,mkt,0.5300021316233561,0.5300021316233561,1.756448526485177,0.21234283183501532,0.1808531790134537,0.015172696001233067,0.5232426323562942,500,248
2025-07-31,weight_pct,value,d10y,0.04126747306800117,0.04126747306800117,1.151318403290877,0.021085754522692336,0.01752922431155649,0.0015396980692243855,0.05376560050464878,500,248
2025-07-31,weight_pct,value,wti,0.07999879468252338,0.07999879468252338,0.8946812891820164,0.04620338969764019,0.03777368029656845,0.0036316830751050738,0.12048256457069252,500,248
2025-07-31,weight_pct,value,usd,0.17308454363659623,0.17308454363659623,0.14689725557732686,0.1542851212183206,0.12797667556409578,0.011862412768567714,0.41292901642498636,500,248
2025-07-31,weight_pct,value,ig,-0.07108009451565303,0.07108009451565303,0.6730766352937678,0.047097391268471636,0.03563146005909716,0.004126594031982846,0.11233678665367973,500,248
2025-07-31,weight_pct,value,concentration,0.8673882414138755,0.8673882414138755,2.2514100970484847,0.328510097038635,0.23935139363623262,0.024617303224047697,0.7512333124595032,500,248
2025-07-31,weight_pct,value,pc1,0.0006133594152799833,0.0006133594152799833,-0.6550532093164997,0.0011595774808068234,0.000833852972183403,0.0001281996108203208,0.002688060280906131,500,248
2025-07-31,weight_pct,value,pc2,-0.0005897027571083364,0.0005897027571083364,-0.3670398319017604,0.0007910079490602438,0.0005484559833979749,7.591969056162823e-05,0.001833133369136934,500,248
2025-07-31,market_value,equal,mkt,0.018677070447347895,0.018677070447347895,-2.0254157821879946,0.09421458261281324,0.0372948176022725,0.03294496796510732,0.15542380139679074,500,248
2025-07-31,market_value,equal,d10y,0.010201320066683702,0.010201320066683702,1.0303480881987022,0.006195343100992462,0.0038879840818598086,0.0007809473197543148,0.013111616781025385,500,248
2025-07-31,market_value,equal,wti,-0.002275511932531629,0.002275511932531629,-1.095989838574703,0.011612596130003906,0.008519316392216586,0.0009030580843740145,0.027662763386665394,500,248
2025-07-31,market_value,equal,usd,0.056039905959263794,0.056039905959263794,-0.24532771321952593,0.06684384603923633,0.044038808083230616,0.006277642251366344,0.14899326092839368,500,248
2025-07-31,market_value,equal,ig,0.04524942837988849,0.04524942837988849,0.4503520803794372,0.040795844550077655,0.009889115702670979,0.023602675713369808,0.055293676087362034,500,248
2025-07-31,market_value,equal,concentration,0.553309254741168,0.553309254741168,20.811813705954883,0.08544707436593904,0.022480605822517024,0.04615647613629197,0.11926780195138775,500,248
2025-07-31,market_value,equal,pc1,-0.0017996852078905911,0.0017996852078905911,4.309935223076818,0.0007778172017201665,0.00023709590823987458,0.0003780220898148449,0.0011572562421213544,500,248
2025-07-31,market_value,equal,pc2,0.0010476473510889401,0.0010476473510889401,2.1974226518767885,0.0006353856392133349,0.00018761147816670506,0.0003224783569169516,0.0009362265857485335,500,248
2025-07-31,market_value,value,mkt,0.5300021316233561,0.5300021316233561,1.4876395718455664,0.2230732747966227,0.2063193683709,0.014446729746829111,0.5963886846987119,500,248
2025-07-31,market_value,value,d10y,0.04126747306800117,0.04126747306800117,0.9810884017505133,0.02251399261561485,0.019114975183607618,0.001832987385290061,0.061628064779252194,500,248
2025-07-31,market_value,value,wti,0.07999879468252338,0.07999879468252338,0.858883463277517,0.04659587924897563,0.03889109158777087,0.003116475784855896,0.1213464851605303,500,248
2025-07-31,market_value,value,usd,0.17308454363659623,0.17308454363659623,0.008022119246243744,0.17191418902768346,0.14589095137930913,0.010078206390036678,0.4645258638468807,500,248
2025-07-31,market_value,value,ig,-0.07108009451565303,0.07108009451565303,0.4867357212530119,0.05155816821662144,0.04010785616633185,0.003723918872266946,0.12880261997988396,500,248
2025-07-31,market_value,value,concentration,0.8673882414138755,0.8673882414138755,2.190902751818784,0.31693649711769517,0.2512442616812733,0.022851473223864972,0.8073040686694429,500,248
2025-07-31,market_value,value,pc1,0.0006133594152799833,0.0006133594152799833,-0.7160364914813896,0.0012391372436095526,0.0008739468389870935,0.00015156617153163854,0.0029982121738545593,500,248
2025-07-31,market_value,value,pc2,-0.0005897027571083364,0.0005897027571083364,-0.5177010405464789,0.0008941609048123587,0.0005880964569486666,0.0001115358519227716,0.0019477873747021216,500,248
2025-08-31,weight_pct,equal,mkt,0.18653257516872912,0.18653257516872912,3.730995630166451,0.060165987913212676,0.033869401034350405,0.009058668318020732,0.12032075455609963,500,247
2025-08-31,weight_pct,equal,d10y,0.03575096280541468,0.03575096280541468,8.386214635286354,0.005503795136260568,0.003606772421717453,0.0004399340233709696,0.011965642725766525,500,247
2025-08-31,weight_pct,equal,wti,0.0700818980871966,0.0700818980871966,7.2782300430440126,0.010360263970162561,0.008205516143875049,0.000676730692202995,0.02606089768104042,500,247
2025-08-31,weight_pct,equal,usd,0.14926960004533307,0.14926960004533307,2.7211575702773403,0.0485298495057672,0.037020917729985954,0.004628160361115394,0.1219892189984507,500,247
2025-08-31,weight_pct,equal,ig,-0.0032333434917958086,0.0032333434917958086,-2.179247833675019,0.024458023943322176,0.009739452357620883,0.007654719669951523,0.040648121560307934,500,247
2025-08-31,weight_pct,equal,concentration,0.59958178563245,0.59958178563245,30.040793919028133,0.029312082518984893,0.01898317683116393,0.0027173970834893785,0.06206602798576663,500,247
2025-08-31,weight_pct,equal,pc1,-0.000631586856142011,0.000631586856142011,1.1133598930398936,0.0003859751735328948,0.00022060403302161656,5.6785437286656015e-05,0.000766717265633016,500,247
2025-08-31,weight_pct,equal,pc2,5.3950680251667045e-05,5.3950680251667045e-05,-2.0336095605521285,0.0004335079449935343,0.00018664215201605208,0.00012653308825417493,0.0007505151780630915,500,247
2025-08-31,weight_pct,value,mkt,1.1111981386211358,1.1111981386211358,4.771961422180213,0.1989622838701434,0.19116580668714006,0.01639803666207367,0.5600428425977099,500,247
2025-08-31,weight_pct,value,d10y,0.09054372901381924,0.09054372901381924,3.525458753253203,0.02081188220808738,0.019779510040043753,0.001784438082275405,0.057738842905198456,500,247
2025-08-31,weight_pct,value,wti,0.25578699087856116,0.25578699087856116,5.40800650907118,0.04069466223357056,0.03977294189350606,0.0030490846819152483,0.11178938507338713,500,247
2025-08-31,weight_pct,value,usd,0.20727991907936022,0.20727991907936022,0.36691934297115564,0.1595989118584495,0.12994956012624018,0.01221764217854939,0.43916005480014364,500,247
2025-08-31,weight_pct,value,ig,-0.16220234120187532,0.16220234120187532,3.1270120975579734,0.04786525065271508,0.03656432625842775,0.005083186272024052,0.11378232039694501,500,247
2025-08-31,weight_pct,value,concentration,1.375769618723861,1.375769618723861,4.888719915178007,0.25233138441014064,0.2298021268974281,0.013791241522489586,0.6475832750314954,500,247
2025-08-31,weight_pct,value,pc1,0.0033116051787759463,0.0033116051787759463,2.466362463010353,0.001264279802883949,0.0008300991466571,0.00018511055535319466,0.002828106366292397,500,247
2025-08-31,weight_pct,value,pc2,-0.0019304238641091253,0.0019304238641091253,1.9256744801953933,0.0008110362984961708,0.0005812963598600387,6.633485664000865e-05,0.0019710727456213233,500,247
2025-08-31,market_value,equal,mkt,0.18653257516872912,0.18653257516872912,2.714975493920993,0.08687443419213704,0.03670682891972069,0.027391373183551154,0.1466718692899212,500,247
2025-08-31,market_value,equal,d10y,0.03575096280541468,0.03575096280541468,8.237590325959905,0.005713879254372694,0.0036463434526943215,0.000666399395434712,0.012495697382412524,500,247
2025-08-31,market_value,equal,wti,0.0700818980871966,0.0700818980871966,6.235619401149015,0.01153795911218825,0.009388632501242887,0.0008979208718115415,0.029821490977795326,500,247
2025-08-31,market_value,equal,usd,0.14926960004533307,0.14926960004533307,1.6024777286088188,0.07370888398852854,0.0471524282102829,0.0065509570922923895,0.15538272800528075,500,247
2025-08-31,market_value,equal,ig,-0.0032333434917958086,0.0032333434917958086,-3.5702645648014375,0.037259594064622904,0.009530456344408049,0.021210878877884615,0.053195863941319504,500,247
2025-08-31,market_value,equal,concentration,0.59958178563245,0.59958178563245,25.73876641657949,0.05412818457990123,0.02119190920902867,0.01857091106880965,0.08674945166747582,500,247
2025-08-31,market_value,equal,pc1,-0.000631586856142011,0.000631586856142011,-0.15152053823914324,0.000668465634328401,0.0002433912828911991,0.0002590201814990833,0.0010627056606298555,500,247
2025-08-31,market_value,equal,pc2,5.3950680251667045e-05,5.3950680251667045e-05,-2.60047910543635,0.0005495073237641361,0.00019056359363799492,0.00024212762302492383,0.0008593255843312583,500,247
2025-08-31,market_value,value,mkt,1.1111981386211358,1.1111981386211358,4.391555842842694,0.21098563324283473,0.2049871475152609,0.01723513142119553,0.6808350836969975,500,247
2025-08-31,market_value,value,d10y,0.09054372901381924,0.09054372901381924,3.436149857532532,0.021373736588578766,0.0201300860827155,0.001471054794794929,0.05592509049478769,500,247
2025-08-31,market_value,value,wti,0.25578699087856116,0.25578699087856116,5.011690880036567,0.04728441761151694,0.04160323895825014,0.003606745734233406,0.11674758256474778,500,247
2025-08-31,market_value,value,usd,0.20727991907936022,0.20727991907936022,0.3162764562058773,0.1657881254215161,0.13118837284187668,0.014446854038549568,0.4399033445420151,500,247
2025-08-31,market_value,value,ig,-0.16220234120187532,0.16220234120187532,3.002028072883588,0.04726046978323596,0.03828807347168887,0.0030098134473380196,0.1247884033743441,500,247
2025-08-31,market_value,value,concentration,1.375769618723861,1.375769618723861,4.720293580296163,0.2606917203773771,0.2362306240868436,0.01712099711865733,0.7181020595028663,500,247
2025-08-31,market_value,value,pc1,0.0033116051787759463,0.0033116051787759463,2.490759041175907,0.001228345623552746,0.0008363954604937125,6.88294393846727e-05,0.002767357850250892,500,247
2025-08-31,market_value,value,pc2,-0.0019304238641091253,0.0019304238641091253,2.002850932480751,0.0007723476822093795,0.0005782138666033129,6.341492459327465e-05,0.0019207216572962997,500,247
2025-09-30,weight_pct,equal,mkt,0.15417066568025528,0.15417066568025528,3.0341140333536605,0.05508841259323322,0.032656074227211784,0.006048073172045016,0.11383666300532104,500,248
2025-09-30,weight_pct,equal,d10y,0.029095703679684257,0.029095703679684257,6.863907134370599,0.005018390251820471,0.0035078145663274053,0.0005114084421188331,0.011820972701479422,500,248
2025-09-30,weight_pct,equal,wti,0.061742599836041245,0.061742599836041245,5.511001629531029,0.012015157178905873,0.009023303929120237,0.0006856959517491974,0.02979876900077904,500,248
2025-09-30,weight_pct,equal,usd,0.12818583251925694,0.12818583251925694,1.6797660164584907,0.05833228533449482,0.041585284200496446,0.004950991217233188,0.13256487334478123,500,248
2025-09-30,weight_pct,equal,ig,0.003663557167154467,0.003663557167154467,-1.709405656884689,0.019130763383068735,0.009048294741285998,0.004222748067595108,0.03381326794149223,500,248
2025-09-30,weight_pct,equal,concentration,0.49515544972040804,0.49515544972040804,25.75760368283048,0.02644866732414046,0.01819683182363344,0.0028012508975938997,0.061674183568737294,500,248
2025-09-30,weight_pct,equal,pc1,-0.0005959708627596162,0.0005959708627596162,1.1647700940279107,0.0003466641619527813,0.00021403940750633736,3.726031314814437e-05,0.0007215704169842257,500,248
2025-09-30,weight_pct,equal,pc2,0.00012026439268902173,0.00012026439268902173,-1.3935748213938282,0.0003724286722317725,0.00018094778670767073,7.72131124026088e-05,0.0006694265751411425,500,248
2025-09-30,weight_pct,value,mkt,0.8943262747098033,0.8943262747098033,3.8855923309716234,0.21158438801979823,0.17571114737074847,0.01781204470349911,0.5266497627396441,500,248
2025-09-30,weight_pct,value,d10y,0.0627756230942911,0.0627756230942911,2.0687969288615045,0.023071956733510004,0.019191669229048365,0.001930096283622997,0.0600671281205725,500,248
2025-09-30,weight_pct,value,wti,0.185720139461648,0.185720139461648,3.8506978998505184,0.04536824658663073,0.03644843000549735,0.0028774968640691875,0.11698174831957268,500,248
2025-09-30,weight_pct,value,usd,0.16052697729688337,0.16052697729688337,0.14770022150599105,0.14338500649728333,0.11605920847522029,0.013861670785775541,0.3626624737613161,500,248
2025-09-30,weight_pct,value,ig,-0.11899731657808227,0.11899731657808227,2.1478638100286656,0.04507752555366342,0.034415492583504306,0.004486633209718109,0.10504530254880866,500,248
2025-09-30,weight_pct,value,concentration,1.0190130289463137,1.0190130289463137,2.8702684722486027,0.3171432743971373,0.2445310469509228,0.028001673893999997,0.7657267860174894,500,248
2025-09-30,weight_pct,value,pc1,0.0027058954100724493,0.0027058954100724493,2.11930118851866,0.001084487764766868,0.0007650671146175811,0.00010492731128226645,0.0025132732262504085,500,248
2025-09-30,weight_pct,value,pc2,-0.0013427213908883812,0.0013427213908883812,1.2019596954682559,0.000725356282867346,0.0005136321212339187,5.484530169971477e-05,0.0017208358573860424,500,248
2025-09-30,market_value,equal,mkt,0.15417066568025528,0.15417066568025528,3.042812029082205,0.05517412090518322,0.03253455810904366,0.005248915979096243,0.10915586194389473,500,248
2025-09-30,market_value,equal,d10y,0.029095703679684257,0.029095703679684257,7.829321743060107,0.004331954458125306,0.00316294949093253,0.0003500222784932309,0.010159175828236024,500,248
2025-09-30,market_value,equal,wti,0.061742599836041245,0.061742599836041245,4.821858140298758,0.014433090772997521,0.009811468460188351,0.0013498815937787725,0.03383486497218144,500,248
2025-09-30,market_value,equal,usd,0.12818583251925694,0.12818583251925694,2.5229635369684673,0.04353619667846753,0.0335516683457512,0.0032049450282655005,0.10932637732785293,500,248
2025-09-30,market_value,equal,ig,0.003663557167154467,0.003663557167154467,-2.355523022493335,0.025496697775468913,0.009268914122182486,0.010473389188764502,0.04048181986129753,500,248
2025-09-30,market_value,equal,concentration,0.49515544972040804,0.49515544972040804,19.153923031577396,0.06004807528453173,0.02271635809116247,0.02181821618280638,0.09780930282234453,500,248
2025-09-30,market_value,equal,pc1,-0.0005959708627596162,0.0005959708627596162,0.5849286931958713,0.0004572506923634221,0.0002371574039876032,7.862021522006001e-05,0.0008630385197141334,500,248
2025-09-30,market_value,equal,pc2,0.00012026439268902173,0.00012026439268902173,-1.7929077384420775,0.00043523498649799094,0.00017567585160999894,0.0001306746549453858,0.0007095073621996788,500,248
2025-09-30,market_value,value,mkt,0.8943262747098033,0.8943262747098033,3.590062348797032,0.22706887944742818,0.18586234177408134,0.01708000222749584,0.6214525488779363,500,248
2025-09-30,market_value,value,d10y,0.0627756230942911,0.0627756230942911,2.0881245157911836,0.022609083126962037,0.019235701541538624,0.0016247164124735785,0.06123632853110355,500,248
2025-09-30,market_value,value,wti,0.185720139461648,0.185720139461648,3.827194118470007,0.044779573706325335,0.03682608234454183,0.003695790125136306,0.1282040566862974,500,248
2025-09-30,market_value,value,usd,0.16052697729688337,0.16052697729688337,0.10063180264925979,0.14871124434695793,0.11741549528937462,0.010835215900212858,0.37454998415727186,500,248
2025-09-30,market_value,value,ig,-0.11899731657808227,0.11899731657808227,1.89948139211837,0.04801654665057498,0.03736849975052769,0.003749324132000165,0.12440200129804012,500,248
2025-09-30,market_value,value,concentration,1.0190130289463137,1.0190130289463137,2.898303467676467,0.3091209662261538,0.24493365537366288,0.022091654074197824,0.7880257375388924,500,248
2025-09-30,market_value,value,pc1,0.0027058954100724493,0.0027058954100724493,2.0718913633999745,0.0010776562240191116,0.00078587092683344,8.007688468448246e-05,0.0025926774697645713,500,248
2025-09-30,market_value,value,pc2,-0.0013427213908883812,0.0013427213908883812,1.209478530683266,0.0007187857215745302,0.0005158716368130763,5.195602187600681e-05,0.0016511668226511247,500,248
2025-10-31,weight_pct,equal,mkt,0.2092375301481841,0.2092375301481841,4.0085501304628,0.0648080842581572,0.036030345433986644,0.008740387040844783,0.1296763193566192,500,248
2025-10-31,weight_pct,equal,d10y,0.03229938441519858,0.03229938441519858,8.121133692472355,0.004675672900459368,0.0034014600129467377,0.00036675854654565695,0.011094183237329552,500,248
2025-10-31,weight_pct,equal,wti,0.08293774998285984,0.08293774998285984,7.955288639513755,0.01169522825665215,0.008955366040692421,0.0010412886523452128,0.02885073339267015,500,248
2025-10-31,weight_pct,equal,usd,-0.12795980427381387,0.12795980427381387,2.4990448208903278,0.04526160920155169,0.03309192151375641,0.003979705923317088,0.10618807891266212,500,248
2025-10-31,weight_pct,equal,ig,-0.02265233043779942,0.02265233043779942,-0.04699942319854346,0.023112574876363808,0.009792555040944662,0.0064431931143950965,0.037925055677956704,500,248
2025-10-31,weight_pct,equal,concentration,0.5613794137166288,0.5613794137166288,32.80394465624181,0.023038103339361064,0.016410871193042152,0.0022932693265368953,0.05196115136502612,500,248
2025-10-31,weight_pct,equal,pc1,-0.0002550856070558783,0.0002550856070558783,-0.8407901544446962,0.00046099710197829255,0.0002449023621814524,5.070307221339678e-05,0.0008601901498038126,500,248
2025-10-31,weight_pct,equal,pc2,0.00014142896724191664,0.00014142896724191664,-1.2291667328098852,0.0003668744225866042,0.00018341324193611833,6.121764670523489e-05,0.0006664616004910613,500,248
2025-10-31,weight_pct,value,mkt,0.931053665057459,0.931053665057459,4.069885749680838,0.1975202808890616,0.18023439213887552,0.01948579680018957,0.5228288134929265,500,248
2025-10-31,weight_pct,value,d10y,0.061993975527018644,0.061993975527018644,2.242126180787892,0.022004130622985833,0.017835679921448588,0.0012660141410326096,0.05354031145010823,500,248
2025-10-31,weight_pct,value,wti,0.26007328223250936,0.26007328223250936,5.911245817402658,0.043834922126114464,0.0365808438332561,0.00266844788558287,0.11762041846588263,500,248
2025-10-31,weight_pct,value,usd,-0.016507987321494874,0.016507987321494874,-1.070205531853794,0.14005460469549924,0.11544195362174849,0.009344002454446717,0.34807736126270505,500,248
2025-10-31,weight_pct,value,ig,-0.12865568371310535,0.12865568371310535,2.412932131099515,0.043637629196735375,0.03523433312549462,0.004965629798350711,0.10592938215191822,500,248
2025-10-31,weight_pct,value,concentration,1.1599375218725982,1.1599375218725982,3.6733845269710135,0.2989594374689484,0.23438278189558123,0.018383198014815253,0.7268110967694038,500,248
2025-10-31,weight_pct,value,pc1,0.002879272698985647,0.002879272698985647,2.134666768682883,0.0012440458585423284,0.0007660337737174195,0.00013178009297780692,0.0025464227778904487,500,248
2025-10-31,weight_pct,value,pc2,-0.0010350406763399004,0.0010350406763399004,0.7041764025985346,0.0006687031079791064,0.0005202355077633161,5.438070837111441e-05,0.0016608821318187552,500,248
2025-10-31,market_value,equal,mkt,0.2092375301481841,0.2092375301481841,4.20047628133359,0.06416603326707884,0.034536916093488135,0.008981749403764682,0.12296092116729272,500,248
2025-10-31,market_value,equal,d10y,0.03229938441519858,0.03229938441519858,8.55716243795555,0.004458153516208557,0.0032535587703114532,0.0002949132646278201,0.01077827024889203,500,248
2025-10-31,market_value,equal,wti,0.08293774998285984,0.08293774998285984,8.057169528805371,0.011415517942311916,0.008876843385862386,0.0010067020859650731,0.0286085833886481,500,248
2025-10-31,market_value,equal,usd,-0.12795980427381387,0.12795980427381387,1.229410922553338,0.07075099681113871,0.04653351162999217,0.009012884304944197,0.1605134013088518,500,248
2025-10-31,market_value,equal,ig,-0.02265233043779942,0.02265233043779942,-0.5382065534286873,0.027883522677948056,0.009719673992861874,0.010989324732188591,0.04370645837830304,500,248
2025-10-31,market_value,equal,concentration,0.5613794137166288,0.5613794137166288,22.782136563215754,0.05237716797492429,0.022342164631018152,0.016346804776105898,0.08636745112531097,500,248
2025-10-31,market_value,equal,pc1,-0.0002550856070558783,0.0002550856070558783,-1.388455450334317,0.0005837057338279003,0.00023668035347687656,0.00018066164451137625,0.0009774405599301188,500,248
2025-10-31,market_value,equal,pc2,0.00014142896724191664,0.00014142896724191664,-1.4671989725221641,0.0004167772296338929,0.0001876693397069679,9.753020871880801e-05,0.0007357105482553817,500,248
2025-10-31,market_value,value,mkt,0.931053665057459,0.931053665057459,4.067445571951487,0.20769323043515625,0.17784145400997892,0.0199180233029923,0.5193145139478937,500,248
2025-10-31,market_value,value,d10y,0.061993975527018644,0.061993975527018644,2.2175907640702968,0.022292675841721545,0.017902897292206878,0.001934205346111738,0.05608303154139185,500,248
2025-10-31,market_value,value,wti,0.26007328223250936,0.26007328223250936,6.063012449538544,0.04342498855399039,0.0357327806072719,0.0022813581473548243,0.11610932416776056,500,248
2025-10-31,market_value,value,usd,-0.016507987321494874,0.016507987321494874,-1.0513834594883167,0.14470977949494343,0.12193628406123237,0.010839969419110643,0.383993868622005,500,248
2025-10-31,market_value,value,ig,-0.12865568371310535,0.12865568371310535,2.4875909116637342,0.04328338176353388,0.03431926911667052,0.002699304717956861,0.10903507068666095,500,248
2025-10-31,market_value,value,concentration,1.1599375218725982,1.1599375218725982,3.7838320431277523,0.29097329392076327,0.22965190263401353,0.02192389162872153,0.7670529799975384,500,248
2025-10-31,market_value,value,pc1,0.002879272698985647,0.002879272698985647,2.047112289259352,0.0011931827352232077,0.0008236431252984511,0.00012864372191084223,0.0027288148225909203,500,248
2025-10-31,market_value,value,pc2,-0.0010350406763399004,0.0010350406763399004,0.7348477862010672,0.0006814252198112306,0.00048120911999578985,9.670497212120839e-05,0.0016300169176896122,500,248
2025-11-30,weight_pct,equal,mkt,0.17536520441999287,0.17536520441999287,3.560027393069433,0.05714850678080743,0.03320668202422447,0.008584161279252288,0.11495886246020824,500,247
2025-11-30,weight_pct,equal,d10y,0.03676890465521536,0.03676890465521536,9.350644884487416,0.004660155417598245,0.0034338539891387667,0.00038912328508150317,0.011193637972484512,500,247
2025-11-30,weight_pct,equal,wti,0.08223934654989319,0.08223934654989319,7.389175999247057,0.01216737321015573,0.009483056479758724,0.0007884424450360799,0.029550692068883333,500,247
2025-11-30,weight_pct,equal,usd,-0.2617872650176545,0.2617872650176545,5.536530377919878,0.052805136961301194,0.037746045590175144,0.004745657822473541,0.12342773619002333,500,247
2025-11-30,weight_pct,equal,ig,-0.037457341452660345,0.037457341452660345,1.4543954506042172,0.022635084616745366,0.010191352585541429,0.006645120050093609,0.04032435185139403,500,247
2025-11-30,weight_pct,equal,concentration,0.5639557134103002,0.5639557134103002,33.17356369395153,0.02234215914840744,0.01632666177377392,0.001757993834120934,0.05461646897136127,500,247
2025-11-30,weight_pct,equal,pc1,-0.00045743291647733567,0.00045743291647733567,0.20116548295804093,0.00041135516175953005,0.00022905398103220572,6.305313415655088e-05,0.0008301062631452646,500,247
2025-11-30,weight_pct,equal,pc2,0.0001747927814248325,0.0001747927814248325,-0.9580581221968879,0.00036049312082835614,0.0001938299306702823,6.31479900721629e-05,0.0006940576453190231,500,247
2025-11-30,weight_pct,value,mkt,0.7712194697768954,0.7712194697768954,3.441820897667541,0.1928626210635139,0.16803804320710683,0.015463742236768606,0.49922963363583955,500,247
2025-11-30,weight_pct,value,d10y,0.0785603708950917,0.0785603708950917,3.8406816614381207,0.019308133626546698,0.015427531488344793,0.002110094023025372,0.04789498668597849,500,247
2025-11-30,weight_pct,value,wti,0.2137305174039063,0.2137305174039063,4.877293572980442,0.04249515556618042,0.03510868461688405,0.0035191356621664897,0.11008758301615607,500,247
2025-11-30,weight_pct,value,usd,-0.1453972722090727,0.1453972722090727,-0.021469791482499962,0.14800372036395523,0.12140072049637986,0.008169519067172266,0.3805214246815384,500,247
2025-11-30,weight_pct,value,ig,-0.14452417160589076,0.14452417160589076,2.6123434175282485,0.047488453788383345,0.03714508481787622,0.00427460594424667,0.1134413036241725,500,247
2025-11-30,weight_pct,value,concentration,1.282758699429451,1.282758699429451,5.320684758701372,0.225183267652794,0.19876679031718864,0.01485212567580264,0.4976264760453956,500,247
2025-11-30,weight_pct,value,pc1,0.0011417369786068739,0.0011417369786068739,-0.23204978568112336,0.0013129749934306342,0.0007379365351324693,0.00021666069311695877,0.0026031287166011136,500,247
2025-11-30,weight_pct,value,pc2,-0.0009093958355300793,0.0009093958355300793,0.23537590577145812,0.0007787700615893411,0.0005549666331080265,6.301675069798818e-05,0.0017225296575489497,500,247
2025-11-30,market_value,equal,mkt,0.17536520441999287,0.17536520441999287,2.8187586617454876,0.06683179405594561,0.038503974049640365,0.00825828073658322,0.13711685915833868,500,247
2025-11-30,market_value,equal,d10y,0.03676890465521536,0.03676890465521536,8.737732856584254,0.005166527621110811,0.0036167707977351137,0.0004220865154874071,0.011853152802497088,500,247
2025-11-30,market_value,equal,wti,0.08223934654989319,0.08223934654989319,7.575942846457554,0.012070180512758138,0.00926210340537951,0.0009423839321278045,0.029390097709588874,500,247
2025-11-30,market_value,equal,usd,-0.2617872650176545,0.2617872650176545,4.030357309464677,0.07830050461285605,0.045526177039913525,0.009521613178499097,0.15716865895015697,500,247
2025-11-30,market_value,equal,ig,-0.037457341452660345,0.037457341452660345,0.6008647552217818,0.03099577753996719,0.010753774217141696,0.014319696434555069,0.04918545145040524,500,247
2025-11-30,market_value,equal,concentration,0.5639557134103002,0.5639557134103002,23.341085753565984,0.03987700884679628,0.02245305595878018,0.006700871520171934,0.07855237077208554,500,247
2025-11-30,market_value,equal,pc1,-0.00045743291647733567,0.00045743291647733567,-0.43896224488133323,0.0005741496698918591,0.00026589246518473605,0.00017278372722470388,0.0010428751339465329,500,247
2025-11-30,market_value,equal,pc2,0.0001747927814248325,0.0001747927814248325,-1.5058147344923034,0.00048704852395484356,0.00020736664038241756,0.00013733020118704417,0.000814783620669101,500,247
2025-11-30,market_value,value,mkt,0.7712194697768954,0.7712194697768954,3.7912915318505633,0.18659601719187752,0.15420166127389784,0.012379727516149583,0.4354378828376587,500,247
2025-11-30,market_value,value,d10y,0.0785603708950917,0.0785603708950917,4.090155072520328,0.018345053898730368,0.014722013207009542,0.0010893398637036016,0.045264901917993476,500,247
2025-11-30,market_value,value,wti,0.2137305174039063,0.2137305174039063,5.098281562407175,0.04359720870655141,0.03337071650805918,0.003962022650167579,0.10722929092213442,500,247
2025-11-30,market_value,value,usd,-0.1453972722090727,0.1453972722090727,-0.05555594925933035,0.1520426939429436,0.11961674352553389,0.012880548782989719,0.38123032612618696,500,247
2025-11-30,market_value,value,ig,-0.14452417160589076,0.14452417160589076,2.6852371795526033,0.046767955993664984,0.03640505812917177,0.003501841887240724,0.11604199059438286,500,247
2025-11-30,market_value,value,concentration,1.282758699429451,1.282758699429451,5.751177000254716,0.2143422598378801,0.18577352766994504,0.017031411264448834,0.5148985863977714,500,247
2025-11-30,market_value,value,pc1,0.0011417369786068739,0.0011417369786068739,-0.18573550433461056,0.001296092091516735,0.0008310479650233357,0.00016319905081551572,0.0028285274340208453,500,247
2025-11-30,market_value,value,pc2,-0.0009093958355300793,0.0009093958355300793,0.25091756934597037,0.0007690139528511609,0.0005594741055591725,6.371772993549611e-05,0.0017976618404426,500,247
2025-12-31,weight_pct,equal,mkt,0.0587273652548954,0.0587273652548954,0.9972991183631056,0.03363612857775988,0.02515918866780756,0.002560658069007184,0.07979711067500987,500,248
2025-12-31,weight_pct,equal,d10y,0.03168136550034956,0.03168136550034956,8.65613782332097,0.004247333070317216,0.003169315575835777,0.00029131051757201983,0.010200297329808808,500,248
2025-12-31,weight_pct,equal,wti,0.05500826790613447,0.05500826790613447,4.025844552713078,0.014070769442295227,0.010168673411955473,0.0015488313490891377,0.03429318499194359,500,248
2025-12-31,weight_pct,equal,usd,-0.23510433767879063,0.23510433767879063,4.279753144496483,0.056265852350094125,0.04178710296846736,0.0032794904352090363,0.13577114750422056,500,248
2025-12-31,weight_pct,equal,ig,-0.00562737012009611,0.00562737012009611,-0.7616477808634714,0.012149922260701216,0.008563738127367172,0.0011703469020001801,0.027692771925478175,500,248
2025-12-31,weight_pct,equal,concentration,0.49408734610987654,0.49408734610987654,19.237795860095325,0.04482217129616532,0.02335325616723147,0.008845975416572094,0.08610388386495078,500,248
2025-12-31,weight_pct,equal,pc1,-0.0010007331039662709,0.0010007331039662709,3.7265962547770437,0.0002783244835901763,0.00019385212966123027,2.7349593880503638e-05,0.00061420852236504,500,248
2025-12-31,weight_pct,equal,pc2,0.000522765693892696,0.000522765693892696,1.6725683756406797,0.00023577124852037015,0.00017158906598505562,2.3259347765153675e-05,0.0005620404118440998,500,248
2025-12-31,weight_pct,value,mkt,0.1920514847390345,0.1920514847390345,0.09782602217027385,0.17851177197607201,0.13840604434876796,0.012363070264895517,0.42587965711128667,500,248
2025-12-31,weight_pct,value,d10y,0.051443423529885214,0.051443423529885214,1.8112608230657252,0.020957195717716995,0.016831495179455976,0.001918840120252385,0.055767341204410674,500,248
2025-12-31,weight_pct,value,wti,0.09354955202292702,0.09354955202292702,1.8793348554658897,0.038947917036712396,0.029053702073055417,0.003528991873258921,0.09154506703035292,500,248
2025-12-31,weight_pct,value,usd,-0.21221758816330158,0.21221758816330158,0.6125412966494475,0.13724039850378125,0.12240348539704936,0.007756331816505998,0.38260047467421904,500,248
2025-12-31,weight_pct,value,ig,-0.04855012224281355,0.04855012224281355,0.17253566736412068,0.04296976781825172,0.032343193206451626,0.003072454937838381,0.1044450991678827,500,248
2025-12-31,weight_pct,value,concentration,0.9581987493709031,0.9581987493709031,2.9408089663886168,0.2902150026700793,0.22714285570243067,0.018229048288721607,0.7571951558100511,500,248
2025-12-31,weight_pct,value,pc1,-0.0017877073380590154,0.0017877073380590154,0.6737262388231331,0.0012775943472968317,0.0007571517351814152,0.00017015999217185717,0.002560480012793981,500,248
2025-12-31,weight_pct,value,pc2,0.0005305043011525671,0.0005305043011525671,-0.4083459559060562,0.0007546019288462321,0.0005487935522623878,5.236065822437856e-05,0.001876009315486705,500,248
2025-12-31,market_value,equal,mkt,0.0587273652548954,0.0587273652548954,0.2604645727377411,0.04993952954395157,0.033739082511586735,0.004948458140389747,0.11020460697839804,500,248
2025-12-31,market_value,equal,d10y,0.03168136550034956,0.03168136550034956,7.869943864968517,0.00453502585404027,0.0034493689042873355,0.0003618097176963404,0.01120690024539833,500,248
2025-12-31,market_value,equal,wti,0.05500826790613447,0.05500826790613447,3.4488904339182076,0.01618176414057812,0.01125767968263533,0.0013395560703094507,0.038081999971245686,500,248
2025-12-31,market_value,equal,usd,-0.23510433767879063,0.23510433767879063,2.107137275957008,0.12864556623938456,0.05052294060483326,0.04277515250860262,0.20914286066494261,500,248
2025-12-31,market_value,equal,ig,-0.00562737012009611,0.00562737012009611,-1.6301023513062232,0.023621788743419234,0.011038827475406039,0.006412944233212433,0.043077960466669514,500,248
2025-12-31,market_value,equal,concentration,0.49408734610987654,0.49408734610987654,16.938321670748074,0.0662449501327201,0.02525884230407705,0.024231904498435698,0.10649876535027188,500,248
2025-12-31,market_value,equal,pc1,-0.0010007331039662709,0.0010007331039662709,2.044461356931369,0.0004881937455392359,0.00025069652536564944,0.00011128713795950177,0.0009535061529401738,500,248
2025-12-31,market_value,equal,pc2,0.000522765693892696,0.000522765693892696,0.6903102405652121,0.00037592364147427166,0.00021271892518672918,4.956720965733088e-05,0.0007707936917303403,500,248
2025-12-31,market_value,value,mkt,0.1920514847390345,0.1920514847390345,-0.12404260357990728,0.2143071248291466,0.17941932406937264,0.016333703406891952,0.5737505800370098,500,248
2025-12-31,market_value,value,d10y,0.051443423529885214,0.051443423529885214,1.3602261157327074,0.024811665487844702,0.01957891980900168,0.0018808415795719263,0.05934393962017308,500,248
2025-12-31,market_value,value,wti,0.09354955202292702,0.09354955202292702,1.4098945233519105,0.0458604814337527,0.033824566163855575,0.005967097831103473,0.11183340327314882,500,248
2025-12-31,market_value,value,usd,-0.21221758816330158,0.21221758816330158,0.3655386556484365,0.16455291447753959,0.1303957131461477,0.010211303513430338,0.40241587039370275,500,248
2025-12-31,market_value,value,ig,-0.04855012224281355,0.04855012224281355,-0.020963812626575547,0.04937029273484296,0.039123155059576,0.0032724791016123145,0.13009230372221794,500,248
2025-12-31,market_value,value,concentration,0.9581987493709031,0.9581987493709031,2.4655871124838207,0.3146277827301083,0.26102138650151546,0.012972992372091346,0.8115142718637046,500,248
2025-12-31,market_value,value,pc1,-0.0017877073380590154,0.0017877073380590154,0.806084456778265,0.001140854493820464,0.0008024628670100823,0.00010290395543337974,0.002571753691527264,500,248
2025-12-31,market_value,value,pc2,0.0005305043011525671,0.0005305043011525671,-0.4331590636711135,0.0007862530383234819,0.0005904268399774227,6.649954354191493e-05,0.0019460112269012698,500,248
2026-01-31,weight_pct,equal,mkt,0.023321955620172686,0.023321955620172686,-0.3906586077456638,0.032767441125564525,0.02417836268832779,0.0021446706507570745,0.08119362982846774,500,248
2026-01-31,weight_pct,equal,d10y,0.03203895346656914,0.03203895346656914,7.7339747918441395,0.00464974060820138,0.003541414808754102,0.0003808222420486557,0.011591558419310971,500,248
2026-01-31,weight_pct,equal,wti,0.0377608387030337,0.0377608387030337,2.236881829378831,0.014767391534461853,0.010279240890859662,0.0011697577477329274,0.03496193328160238,500,248
2026-01-31,weight_pct,equal,usd,-0.27954190543946433,0.27954190543946433,6.061624122522394,0.05056943802063224,0.03777411182063709,0.0030803484344786728,0.1280478281774843,500,248
2026-01-31,weight_pct,equal,ig,0.0022016189099382643,0.0022016189099382643,-1.3203380844472914,0.014255852442236915,0.00912965677070861,0.0017055611367467248,0.030500742190515694,500,248
2026-01-31,weight_pct,equal,concentration,0.43130532633215884,0.43130532633215884,17.328252277541473,0.048852901936738274,0.02207103280064219,0.014706040037209817,0.08488407211257143,500,248
2026-01-31,weight_pct,equal,pc1,-0.0009781905322512087,0.0009781905322512087,3.9989893662287015,0.00024439599014375725,0.000183494997087093,1.708768936184478e-05,0.000595423384744385,500,248
2026-01-31,weight_pct,equal,pc2,0.000525834775949659,0.000525834775949659,1.1427288847761945,0.0002999089595321985,0.00019770727722674876,3.1528583047450164e-05,0.0006599223305568924,500,248
2026-01-31,weight_pct,value,mkt,0.5696175945123148,0.5696175945123148,2.646991245982167,0.18165286291767918,0.14656819594077694,0.01351295227408052,0.4177304676230985,500,248
2026-01-31,weight_pct,value,d10y,0.061292225788448375,0.061292225788448375,2.7127160176702114,0.019293506824979694,0.015482165729805679,0.001573937314043895,0.04996655464962962,500,248
2026-01-31,weight_pct,value,wti,0.18726417450268545,0.18726417450268545,5.41470744056237,0.03585586223286568,0.02796241790195308,0.003522509551527575,0.0853673457142991,500,248
2026-01-31,weight_pct,value,usd,-0.10918929872203076,0.10918929872203076,-0.20664927228559293,0.13157365932208356,0.10832053920382176,0.012599719379638002,0.3505056349138554,500,248
2026-01-31,weight_pct,value,ig,-0.10792239489742371,0.10792239489742371,1.852855675929212,0.045113207754480564,0.033898585820206516,0.00318174371198679,0.10496532837948572,500,248
2026-01-31,weight_pct,value,concentration,1.0207477019385403,1.0207477019385403,3.1608646935849527,0.3043553792230743,0.22664441289416803,0.02400759736318083,0.7392175926544755,500,248
2026-01-31,weight_pct,value,pc1,0.0010310018959431388,0.0010310018959431388,-0.34913070679035296,0.0013048792708018281,0.0007844551325104383,0.0001675898033205526,0.0026935528736596374,500,248
2026-01-31,weight_pct,value,pc2,-0.0007054791651647443,0.0007054791651647443,-0.35023540292512145,0.0009267177749134036,0.0006316854546996182,9.013788030211532e-05,0.0020512817428027168,500,248
2026-01-31,market_value,equal,mkt,0.023321955620172686,0.023321955620172686,-0.6606237537963262,0.043099383651165786,0.029937506662968988,0.0023267307052403864,0.09931278187517174,500,248
2026-01-31,market_value,equal,d10y,0.03203895346656914,0.03203895346656914,8.33515984721382,0.004700379795864131,0.003279909944359787,0.0003508089430695517,0.011012678347506166,500,248
2026-01-31,market_value,equal,wti,0.0377608387030337,0.0377608387030337,1.6782097770790192,0.01825565208598981,0.011622615291273852,0.0013405051118907804,0.039697412250217265,500,248
2026-01-31,market_value,equal,usd,-0.27954190543946433,0.27954190543946433,3.3714412933237643,0.10606536710913565,0.05145471127551663,0.022358666126669483,0.19075639903812483,500,248
2026-01-31,market_value,equal,ig,0.0022016189099382643,0.0022016189099382643,-2.179085518756779,0.024104895158889802,0.010051590935929805,0.006824532883876034,0.040234651482524954,500,248
2026-01-31,market_value,equal,concentration,0.43130532633215884,0.43130532633215884,16.28987455522737,0.06890382152059975,0.022247040858596762,0.03203936901738008,0.10615772347451997,500,248
2026-01-31,market_value,equal,pc1,-0.0009781905322512087,0.0009781905322512087,2.646702494552642,0.00039638479980004147,0.00021982286775662212,6.537615047404518e-05,0.0007780105959608078,500,248
2026-01-31,market_value,equal,pc2,0.000525834775949659,0.000525834775949659,0.5452566136863264,0.0004113548952257078,0.00020995596908029223,6.088722663310035e-05,0.0007564897440217053,500,248
2026-01-31,market_value,value,mkt,0.5696175945123148,0.5696175945123148,2.260889329194628,0.19863257884145138,0.1640880917435332,0.01655390814421397,0.5316164091253751,500,248
2026-01-31,market_value,value,d10y,0.061292225788448375,0.061292225788448375,2.2576031842362263,0.021882360859073174,0.017456506619301225,0.0020779529241686137,0.057010318964147974,500,248
2026-01-31,market_value,value,wti,0.18726417450268545,0.18726417450268545,4.474551607942903,0.040889916200920286,0.0327126092460152,0.0026207439939419028,0.10456907992911393,500,248
2026-01-31,market_value,value,usd,-0.10918929872203076,0.10918929872203076,-0.30836159757013687,0.1471998003011958,0.12326600289622498,0.01040312094052931,0.3997425912640719,500,248
2026-01-31,market_value,value,ig,-0.10792239489742371,0.10792239489742371,1.610112303988081,0.04753324471116546,0.037506172728871516,0.003215897094699876,0.12420102127496525,500,248
2026-01-31,market_value,value,concentration,1.0207477019385403,1.0207477019385403,3.138438901676939,0.2902622240082522,0.23275440459904223,0.020692794286486935,0.74715742604034,500,248
2026-01-31,market_value,value,pc1,0.0010310018959431388,0.0010310018959431388,-0.1933899415081344,0.001186841578329052,0.0008058313745307084,0.00014579471095810874,0.00269215016235108,500,248
2026-01-31,market_value,value,pc2,-0.0007054791651647443,0.0007054791651647443,-0.26456322656299547,0.0008798214238375898,0.0006589814500592838,5.971525652215191e-05,0.0022186919075035975,500,248
2026-02-28,weight_pct,equal,mkt,0.2187079665588143,0.2187079665588143,4.868702623557111,0.050102109673599966,0.034630551488073764,0.004107403959387418,0.11335548397792561,500,248
2026-02-28,weight_pct,equal,d10y,0.05251098673217716,0.05251098673217716,8.891757993111726,0.008179838394013794,0.004985644950358056,0.0008769465856718998,0.01672527462749218,500,248
2026-02-28,weight_pct,equal,wti,0.08200476191408199,0.08200476191408199,7.301672666732376,0.012310083168536236,0.00954502919078887,0.0010378205024017119,0.030690153686018167,500,248
2026-02-28,weight_pct,equal,usd,-0.3877646011662548,0.3877646011662548,9.006633830903645,0.051008567540085335,0.03738977735174367,0.004613751187831386,0.12258190472531912,500,248
2026-02-28,weight_pct,equal,ig,-0.0590148778230116,0.0590148778230116,3.201596988900804,0.023859745765227636,0.01098049885093554,0.006233145284421606,0.04265058105241263,500,248
2026-02-28,weight_pct,equal,concentration,0.4202096114951187,0.4202096114951187,16.759881884364827,0.04621785898062599,0.02231470096835151,0.010873453045346012,0.08215349589772938,500,248
2026-02-28,weight_pct,equal,pc1,0.0005321690079519439,0.0005321690079519439,0.6668841577015217,0.0003757728750567985,0.0002345176910997244,4.880073348251466e-05,0.000785990726988003,500,248
2026-02-28,weight_pct,equal,pc2,-0.0006129818135931467,0.0006129818135931467,0.28375697144674156,0.0005410925259598276,0.0002533480931474207,0.0001251760519378697,0.0009514300087867397,500,248
2026-02-28,weight_pct,value,mkt,0.5276938795727776,0.5276938795727776,2.1717900988296948,0.19685249324495024,0.1523358019295266,0.017357386993325633,0.4635553575547265,500,248
2026-02-28,weight_pct,value,d10y,0.0696592042416869,0.0696592042416869,2.3095316289713823,0.024573711633415516,0.019521487405804238,0.0016124462572720546,0.06256297777717953,500,248
2026-02-28,weight_pct,value,wti,0.1559967685150665,0.1559967685150665,4.1858959051029565,0.03682156112738728,0.028470657199667748,0.0037926260659085003,0.09229023773374981,500,248
2026-02-28,weight_pct,value,usd,0.016852179473043655,0.016852179473043655,-1.0950934726647172,0.16786451338989467,0.137899035731981,0.015768376533597004,0.4172869478407153,500,248
2026-02-28,weight_pct,value,ig,-0.11714009930883318,0.11714009930883318,1.7666363396516236,0.05004525988201221,0.03797886295039754,0.004103843295266317,0.12078788392998388,500,248
2026-02-28,weight_pct,value,concentration,0.8725713072981259,0.8725713072981259,2.4922797559638483,0.29512194665432334,0.23169524178094666,0.019820355616989326,0.7381527688058531,500,248
2026-02-28,weight_pct,value,pc1,0.0009164671910211458,0.0009164671910211458,-0.34862268081687803,0.0011540300345850092,0.0006814325534047762,0.0001340046743108869,0.002310286763327322,500,248
2026-02-28,weight_pct,value,pc2,-0.0012430594438625768,0.0012430594438625768,0.3412008938030049,0.000996138763379118,0.0007236812240768056,8.693999776341718e-05,0.0023443719587817966,500,248
2026-02-28,market_value,equal,mkt,0.2187079665588143,0.2187079665588143,3.706807550161334,0.0763428626012987,0.03840639203168758,0.014169782735152578,0.14015434899632717,500,248
2026-02-28,market_value,equal,d10y,0.05251098673217716,0.05251098673217716,8.328593700652037,0.011043062213978558,0.004978982768117518,0.002306590535520574,0.019475645598839054,500,248
2026-02-28,market_value,equal,wti,0.08200476191408199,0.08200476191408199,5.778595467133135,0.016370623547505025,0.011358147276424462,0.001469928948043571,0.0377524135161728,500,248
2026-02-28,market_value,equal,usd,-0.3877646011662548,0.3877646011662548,7.464220155557869,0.060345150596241647,0.04386519204236174,0.003644230034178606,0.14210227831134933,500,248
2026-02-28,market_value,equal,ig,-0.0590148778230116,0.0590148778230116,2.010345121193207,0.03800612759347507,0.010450320200278414,0.02121789001714669,0.05528796943892153,500,248
2026-02-28,market_value,equal,concentration,0.4202096114951187,0.4202096114951187,16.132294392015456,0.06716800358660406,0.02188415356982635,0.03429059621320475,0.10199684594577829,500,248
2026-02-28,market_value,equal,pc1,0.0005321690079519439,0.0005321690079519439,-0.09746744567892893,0.0005572133720092073,0.00025695106589499584,0.00011812606798240448,0.0009894052334921757,500,248
2026-02-28,market_value,equal,pc2,-0.0006129818135931467,0.0006129818135931467,-0.7630221983341084,0.000795113056650143,0.00023869717480649958,0.0004011196285823771,0.0011852893811772967,500,248
2026-02-28,market_value,value,mkt,0.5276938795727776,0.5276938795727776,1.9122311376566514,0.20734358745238818,0.16752697192922164,0.015336731116642285,0.5170635124609779,500,248
2026-02-28,market_value,value,d10y,0.0696592042416869,0.0696592042416869,2.195662583351955,0.025153798953803236,0.02026969244971172,0.001596969165603806,0.06425194202493152,500,248
2026-02-28,market_value,value,wti,0.1559967685150665,0.1559967685150665,3.356231754863394,0.04067520164518832,0.03436043017672122,0.0030488915953364756,0.10017757519410299,500,248
2026-02-28,market_value,value,usd,0.016852179473043655,0.016852179473043655,-1.128579718065483,0.17146189306472945,0.1369949425076545,0.014399693934968353,0.42560481627474384,500,248
2026-02-28,market_value,value,ig,-0.11714009930883318,0.11714009930883318,1.6786658019278928,0.05080646894894294,0.03951568578076007,0.0038719515774276072,0.12430313240793787,500,248
2026-02-28,market_value,value,concentration,0.8725713072981259,0.8725713072981259,2.6262663181532835,0.2928947227597636,0.22072269690682952,0.020702961536910012,0.7060111560195262,500,248
2026-02-28,market_value,value,pc1,0.0009164671910211458,0.0009164671910211458,-0.3224627546594963,0.001170940841381217,0.0007891567217701839,9.027271739979086e-05,0.0026015713763092156,500,248
2026-02-28,market_value,value,pc2,-0.0012430594438625768,0.0012430594438625768,0.3071629448393315,0.0010088983258076765,0.0007623351774328886,7.41639235786739e-05,0.0024100691577050304,500,248
2026-03-31,weight_pct,equal,mkt,0.3610969622255349,0.3610969622255349,7.7725969636637,0.06687478966256193,0.03785377962326353,0.010182445154766356,0.1310917037334109,500,249
2026-03-31,weight_pct,equal,d10y,0.029202548249491832,0.029202548249491832,8.449391344659118,0.004064457906192249,0.0029751362338293675,0.00036961350931462723,0.010118952280874819,500,249
2026-03-31,weight_pct,equal,wti,-0.03354644493694545,0.03354644493694545,1.5660954509751923,0.018569201045197405,0.009563429791218579,0.00331642524648615,0.033189278054597884,500,249
2026-03-31,weight_pct,equal,usd,-0.6683580576590262,0.6683580576590262,10.577426040937457,0.08855902786154125,0.05481475621323262,0.009959040346846738,0.19023211485750077,500,249
2026-03-31,weight_pct,equal,ig,-0.05986033623330575,0.05986033623330575,4.1282689091640625,0.02139236906110822,0.009318183485287287,0.005830248214750695,0.036846920584539346,500,249
2026-03-31,weight_pct,equal,concentration,0.3150206123478363,0.3150206123478363,13.228113644368184,0.040828665444247875,0.02072797031195181,0.006843267883704327,0.07441004650505349,500,249
2026-03-31,weight_pct,equal,pc1,0.0006757154665122946,0.0006757154665122946,1.904559169976489,0.0002926437605120872,0.00020113405350642705,2.0191964019487867e-05,0.0006636765877773815,500,249
2026-03-31,weight_pct,equal,pc2,-0.00025631374189590976,0.00025631374189590976,-0.4129322955681982,0.00033447618813096,0.00018928634808642916,4.3819966618667685e-05,0.0006389059596867564,500,249
2026-03-31,weight_pct,value,mkt,0.6037523630864157,0.6037523630864157,2.3355606752872338,0.20854819360842086,0.16921169022054694,0.01285035302601146,0.5480310551993879,500,249
2026-03-31,weight_pct,value,d10y,0.04110389578939701,0.04110389578939701,1.2376060538091123,0.020880378905177743,0.01634083545565666,0.0012522755823044071,0.05642329270861231,500,249
2026-03-31,weight_pct,value,wti,-0.0149031956015842,0.0149031956015842,-0.4935296583384214,0.026666180436829893,0.02383440313364029,0.0023827586488964483,0.07153298158859778,500,249
2026-03-31,weight_pct,value,usd,-0.4271430820080573,0.4271430820080573,2.0383058771820752,0.16036835164680116,0.13088061676497142,0.009479510387037657,0.4092237550159952,500,249
2026-03-31,weight_pct,value,ig,-0.09595497679992028,0.09595497679992028,1.5619144007844246,0.04442808695906896,0.03298957344587737,0.0037850057039711697,0.10922452294212018,500,249
2026-03-31,weight_pct,value,concentration,0.8016497732046453,0.8016497732046453,2.3792373662661936,0.28832018201759774,0.21575383711824875,0.02076247431656593,0.7099949364720536,500,249
2026-03-31,weight_pct,value,pc1,0.0003453643697583125,0.0003453643697583125,-0.8539152899826499,0.000846057302601595,0.0005863496516773411,8.589500115204657e-05,0.0019042339972763713,500,249
2026-03-31,weight_pct,value,pc2,-0.00027361076469247674,0.00027361076469247674,-0.8482247387066864,0.0007438036918959185,0.0005543258829262148,5.575300064363591e-05,0.0018366572697940662,500,249
2026-03-31,market_value,equal,mkt,0.3610969622255349,0.3610969622255349,6.915202852558783,0.09789509415334548,0.038061337271516005,0.037025177647414205,0.15820606095822506,500,249
2026-03-31,market_value,equal,d10y,0.029202548249491832,0.029202548249491832,7.941875248866481,0.004245792679273998,0.003142426037701843,0.0004164667878379848,0.010273946590863095,500,249
2026-03-31,market_value,equal,wti,-0.03354644493694545,0.03354644493694545,0.9694073366903059,0.024319499476922683,0.009518130419277484,0.008005792837815077,0.03958957467076874,500,249
2026-03-31,market_value,equal,usd,-0.6683580576590262,0.6683580576590262,9.243157132367191,0.11607326915067136,0.05975066534078422,0.024534005378946917,0.22448495443058253,500,249
2026-03-31,market_value,equal,ig,-0.05986033623330575,0.05986033623330575,2.966934080773288,0.03308340791467118,0.009025117373573583,0.01811422377059966,0.04814783826082756,500,249
2026-03-31,market_value,equal,concentration,0.3150206123478363,0.3150206123478363,11.564133317147595,0.06655662664327555,0.021485742069069017,0.02978875813069971,0.10383391604855158,500,249
2026-03-31,market_value,equal,pc1,0.0006757154665122946,0.0006757154665122946,1.0413214300515767,0.000447824118460105,0.00021884822637415822,0.00010795340134567906,0.0007905233990363725,500,249
2026-03-31,market_value,equal,pc2,-0.00025631374189590976,0.00025631374189590976,-1.2596527886801498,0.0005101927245326983,0.00020154679521076606,0.00017194783621247566,0.0008420663652462083,500,249
2026-03-31,market_value,value,mkt,0.6037523630864157,0.6037523630864157,2.247589519504746,0.2166503373547024,0.1722298588654261,0.014241429312096626,0.5634964542670112,500,249
2026-03-31,market_value,value,d10y,0.04110389578939701,0.04110389578939701,1.2198311093244738,0.0211684742565505,0.016342771864448085,0.001642307403138991,0.05306403524668858,500,249
2026-03-31,market_value,value,wti,-0.0149031956015842,0.0149031956015842,-0.48766261087728646,0.026571479492855158,0.023926960220059027,0.0016068181918040905,0.07580277726708147,500,249
2026-03-31,market_value,value,usd,-0.4271430820080573,0.4271430820080573,1.978957525443147,0.16455056481246783,0.1326923462578042,0.013282211357871491,0.42245607739662927,500,249
2026-03-31,market_value,value,ig,-0.09595497679992028,0.09595497679992028,1.5571301496767733,0.04422402465822959,0.03322198350114081,0.002837817725171828,0.11282550577691769,500,249
2026-03-31,market_value,value,concentration,0.8016497732046453,0.8016497732046453,2.2680854980277716,0.29943197886013884,0.22142806996526945,0.023146518261784876,0.7112137156309816,500,249
2026-03-31,market_value,value,pc1,0.0003453643697583125,0.0003453643697583125,-0.8575026249498664,0.0008447390760928561,0.0005823593908691994,5.333025921883135e-05,0.0019248509891441946,500,249
2026-03-31,market_value,value,pc2,-0.00027361076469247674,0.00027361076469247674,-0.7911558671502847,0.0007076707984046277,0.0005486403523437419,5.532846320453009e-05,0.0017461392539225352,500,249
2026-04-30,weight_pct,equal,mkt,0.21456469409646317,0.21456469409646317,1.6356609944172595,0.12651863809519506,0.053829036885871616,0.03342454909712945,0.2129919457453191,500,249
2026-04-30,weight_pct,equal,d10y,0.03849458933892044,0.03849458933892044,9.12567145956745,0.004752821883108408,0.003697455864514694,0.0005130035728275286,0.01199134409254154,500,249
2026-04-30,weight_pct,equal,wti,-0.00491848443184578,0.00491848443184578,-1.1660053358382605,0.014934788471290945,0.008590272901490864,0.0021786219842912604,0.02984223790339937,500,249
2026-04-30,weight_pct,equal,usd,-0.733201535791542,0.733201535791542,8.156468288608124,0.1450926781033267,0.0721033708314183,0.02291325877501963,0.2648029059744456,500,249
2026-04-30,weight_pct,equal,ig,-0.049195016617661236,0.049195016617661236,1.9214221364964925,0.02838450526299515,0.010830785676598806,0.01046792458954865,0.0461762144910903,500,249
2026-04-30,weight_pct,equal,concentration,0.26031485035335244,0.26031485035335244,10.96052700432567,0.03657709841425864,0.020413046913783775,0.003874953438654329,0.07109126681092341,500,249
2026-04-30,weight_pct,equal,pc1,-4.650826883877276e-05,4.650826883877276e-05,-1.476014864851041,0.0003003978360102255,0.00017201016955684605,4.250691838947538e-05,0.0005938644837372054,500,249
2026-04-30,weight_pct,equal,pc2,-3.1140260154698866e-05,3.1140260154698866e-05,-1.6071927700431288,0.0003421224340155742,0.00019349400996405064,4.175982583190926e-05,0.0006976477713950554,500,249
2026-04-30,weight_pct,value,mkt,0.9322083810810804,0.9322083810810804,3.495013972686096,0.24713486192272024,0.1960145294159858,0.027064430849530228,0.6465971230621912,500,249
2026-04-30,weight_pct,value,d10y,0.040419632104755694,0.040419632104755694,1.6757970926425856,0.01799833681427975,0.013379480957995647,0.0020028245903726937,0.04144929079832285,500,249
2026-04-30,weight_pct,value,wti,-0.11388734736700042,0.11388734736700042,3.5186488672203944,0.028177384284010912,0.024358771311755605,0.0021064033082270357,0.07854458386152953,500,249
2026-04-30,weight_pct,value,usd,-1.5253130493703766,1.5253130493703766,5.613241656760786,0.2729896072768797,0.2231016440536022,0.013807969054481293,0.7258920239360298,500,249
2026-04-30,weight_pct,value,ig,-0.12779237253094283,0.12779237253094283,2.4939477891735433,0.04366581428081358,0.033732285260874496,0.002522255273314622,0.10998450146116198,500,249
2026-04-30,weight_pct,value,concentration,0.5021757076431257,0.5021757076431257,0.9920019932928544,0.2904178935300997,0.21346510949047232,0.02241312152372417,0.6543232640310174,500,249
2026-04-30,weight_pct,value,pc1,-0.0007338679748264046,0.0007338679748264046,-0.5175900247454874,0.0010616735775057897,0.0006333306033874506,0.00015501910350714676,0.0022145750542944933,500,249
2026-04-30,weight_pct,value,pc2,0.0001769405828823092,0.0001769405828823092,-0.9872026933352738,0.0006474796247739447,0.0004766387339381286,5.617422163134397e-05,0.0015284196030707499,500,249
2026-04-30,market_value,equal,mkt,0.21456469409646317,0.21456469409646317,0.6224713232259408,0.18351033725934163,0.0498888152408101,0.0960846537203503,0.2646988889935063,500,249
2026-04-30,market_value,equal,d10y,0.03849458933892044,0.03849458933892044,11.925989332837474,0.003949780266573936,0.0028965990248900784,0.00028615726487506995,0.009403172788327377,500,249
2026-04-30,market_value,equal,wti,-0.00491848443184578,0.00491848443184578,-1.2396791740906388,0.01462176884985459,0.00782725451940145,0.0022484163403104986,0.028050006438900654,500,249
2026-04-30,market_value,equal,usd,-0.733201535791542,0.733201535791542,8.081097301047484,0.17026294306563444,0.0696611576070169,0.056166260564362726,0.2841122617496683,500,249
2026-04-30,market_value,equal,ig,-0.049195016617661236,0.049195016617661236,0.7679627823250509,0.04143803078055178,0.01010073146204396,0.024943146565108508,0.05817479319741719,500,249
2026-04-30,market_value,equal,concentration,0.26031485035335244,0.26031485035335244,8.98646801803729,0.06808589155703557,0.021390935616805443,0.03279996962863453,0.10317247289862609,500,249
2026-04-30,market_value,equal,pc1,-4.650826883877276e-05,4.650826883877276e-05,-2.8233306688152435,0.0005931551317450205,0.00019361772566854084,0.00025121331409595315,0.0009270801033286842,500,249
2026-04-30,market_value,equal,pc2,-3.1140260154698866e-05,3.1140260154698866e-05,-2.6069088725118945,0.0005146658394222066,0.0001854785122586987,0.0002026577545518457,0.0008199615010846762,500,249
2026-04-30,market_value,value,mkt,0.9322083810810804,0.9322083810810804,3.38104907001723,0.26737579648941995,0.19663500020964572,0.025138796357400236,0.6593643755516447,500,249
2026-04-30,market_value,value,d10y,0.040419632104755694,0.040419632104755694,1.4078058272460527,0.019166529692335132,0.015096614888997755,0.0014438817199427048,0.0470227319007837,500,249
2026-04-30,market_value,value,wti,-0.11388734736700042,0.11388734736700042,3.3196626539822107,0.029221511613424428,0.025504349260311827,0.002734916371248345,0.07719089490579846,500,249
2026-04-30,market_value,value,usd,-1.5253130493703766,1.5253130493703766,5.651765883238323,0.27497023778694135,0.22123046803683585,0.021462612512667012,0.7305450579807858,500,249
2026-04-30,market_value,value,ig,-0.12779237253094283,0.12779237253094283,2.163780580107358,0.04897512151085243,0.03642571328382095,0.0041016043099890345,0.1228271646960561,500,249
2026-04-30,market_value,value,concentration,0.5021757076431257,0.5021757076431257,0.9065710229460596,0.3033028164076249,0.21936824165108307,0.020891679379633224,0.6875013525516821,500,249
2026-04-30,market_value,value,pc1,-0.0007338679748264046,0.0007338679748264046,-0.5161386707015148,0.0011057803897444726,0.0007205668476895554,8.753846266178851e-05,0.0023058730106062623,500,249
2026-04-30,market_value,value,pc2,0.0001769405828823092,0.0001769405828823092,-0.9931030272721192,0.0006838272834924211,0.0005104069635176133,4.617099590846191e-05,0.0017169501105866111,500,249
2026-05-31,weight_pct,equal,mkt,0.4642121692416148,0.4642121692416148,5.680734470926377,0.12322655447232032,0.0600249169388987,0.026643225133510966,0.225198111949214,500,248
2026-05-31,weight_pct,equal,d10y,0.006368498478150811,0.006368498478150811,0.3457142978101635,0.005001963931524967,0.003952785740369427,0.0003175503880643091,0.012691867543906606,500,248
2026-05-31,weight_pct,equal,wti,-0.029164560629675283,0.029164560629675283,1.6407626225812577,0.013897577057952032,0.009304809459704256,0.0014313452787973232,0.029831253780446938,500,248
2026-05-31,weight_pct,equal,usd,-1.2030625337795466,1.2030625337795466,10.23773292141742,0.21491071451022958,0.09652057021355728,0.04762229500307582,0.3786271953254821,500,248
2026-05-31,weight_pct,equal,ig,-0.04105944111757873,0.04105944111757873,2.5812550480728707,0.017953131192413593,0.00895157955910478,0.0040383882833801635,0.03304861746843609,500,248
2026-05-31,weight_pct,equal,concentration,0.26395304408960407,0.26395304408960407,11.812090216505556,0.03025521280980053,0.019784629730752245,0.0023027586802840134,0.06762579844478506,500,248
2026-05-31,weight_pct,equal,pc1,0.00019875705736275087,0.00019875705736275087,-0.32262350477296187,0.0002507312781053402,0.0001610986799587491,2.0867541993658333e-05,0.000546173454122626,500,248
2026-05-31,weight_pct,equal,pc2,0.001006706620101546,0.001006706620101546,7.088226250183593,0.0001575480424110665,0.00011979845841806834,1.3009303085046178e-05,0.00040401754551104205,500,248
2026-05-31,weight_pct,value,mkt,1.0942975474352457,1.0942975474352457,3.618157723731125,0.2865358960675244,0.22325219436115112,0.02379077070490328,0.7435611722998596,500,248
2026-05-31,weight_pct,value,d10y,-0.037360992223998565,0.037360992223998565,1.187846836993386,0.020417228693465597,0.014264266236057935,0.0014176070527917028,0.047933377909738256,500,248
2026-05-31,weight_pct,value,wti,-0.15617099334349946,0.15617099334349946,4.801470385416817,0.032737044959951694,0.025707530917705,0.0026346196336386376,0.08369233116815172,500,248
2026-05-31,weight_pct,value,usd,-2.2667673285635357,2.2667673285635357,6.553691662563271,0.3577006513341745,0.29129638309573597,0.022516970941532616,1.0022391752114108,500,248
2026-05-31,weight_pct,value,ig,-0.08350153321234621,0.08350153321234621,1.3330774188595786,0.04248464880387334,0.03076856889794293,0.004035744541874387,0.0963842208672619,500,248
2026-05-31,weight_pct,value,concentration,0.7202556770791743,0.7202556770791743,2.4177565188185124,0.2449236306478514,0.19660046110168442,0.015369008452377776,0.6077693438132268,500,248
2026-05-31,weight_pct,value,pc1,-0.00226801774188396,0.00226801774188396,2.603850191623053,0.0007959317408170634,0.0005653497293365038,7.294706449209276e-05,0.001818266206825317,500,248
2026-05-31,weight_pct,value,pc2,0.003378678753597062,0.003378678753597062,5.568774843750021,0.0005866099588467964,0.0005013793649574243,4.723513263123372e-05,0.0015907906871040463,500,248
2026-05-31,market_value,equal,mkt,0.4642121692416148,0.4642121692416148,5.352987922718867,0.16844204411819308,0.05525327712176032,0.07340479517433379,0.2533405587383474,500,248
2026-05-31,market_value,equal,d10y,0.006368498478150811,0.006368498478150811,0.028233037992957028,0.006240520265431101,0.004532923901127293,0.000524107181838521,0.014799628089710519,500,248
2026-05-31,market_value,equal,wti,-0.029164560629675283,0.029164560629675283,1.1500192943930314,0.01787311691614496,0.009818481975547926,0.0019148273442367286,0.035205023294132116,500,248
2026-05-31,market_value,equal,usd,-1.2030625337795466,1.2030625337795466,9.606808625052114,0.28459851267453795,0.09560552905258132,0.13032185846088845,0.4396577863703551,500,248
2026-05-31,market_value,equal,ig,-0.04105944111757873,0.04105944111757873,1.459534195388485,0.027589076536216797,0.009229221640659481,0.012657531437318579,0.04182121788516857,500,248
2026-05-31,market_value,equal,concentration,0.26395304408960407,0.26395304408960407,9.077254177552271,0.05531123642538117,0.022985123428645053,0.017928528474688597,0.09451890325332846,500,248
2026-05-31,market_value,equal,pc1,0.00019875705736275087,0.00019875705736275087,-1.08471111382231,0.0003858635688105952,0.0001724943250452349,9.609846385938818e-05,0.0006920614829633245,500,248
2026-05-31,market_value,equal,pc2,0.001006706620101546,0.001006706620101546,6.186263732239364,0.0001780812137352296,0.00013394602012325825,1.543562317882083e-05,0.0004568518621206761,500,248
2026-05-31,market_value,value,mkt,1.0942975474352457,1.0942975474352457,3.665484630590545,0.27973157679625854,0.22222599539525356,0.02057744478575583,0.7399476560369422,500,248
2026-05-31,market_value,value,d10y,-0.037360992223998565,0.037360992223998565,1.1651444002731906,0.02036693660338603,0.014585364369109916,0.0014648411003848948,0.047162696448183467,500,248
2026-05-31,market_value,value,wti,-0.15617099334349946,0.15617099334349946,4.683954988577598,0.03276278509500676,0.026347009855867277,0.0022079402025092466,0.08923569814375869,500,248
2026-05-31,market_value,value,usd,-2.2667673285635357,2.2667673285635357,6.467987809552026,0.3629574388988383,0.2943434566857286,0.028692258927224226,0.9425643380819269,500,248
2026-05-31,market_value,value,ig,-0.08350153321234621,0.08350153321234621,1.272725307369629,0.04297048116449767,0.03184587578573024,0.004128706229743502,0.10496033346471788,500,248
2026-05-31,market_value,value,concentration,0.7202556770791743,0.7202556770791743,2.2232086014917685,0.26710311781113005,0.20382817832027988,0.019974019001710513,0.6289342275899357,500,248
2026-05-31,market_value,value,pc1,-0.00226801774188396,0.00226801774188396,2.307847576650036,0.0008590095640275068,0.0006105291320415986,5.6976373095765096e-05,0.0019691063870211547,500,248
2026-05-31,market_value,value,pc2,0.003378678753597062,0.003378678753597062,5.030978869594416,0.0006471649569227039,0.0005429388330733668,3.6961664307923314e-05,0.001732858238366056,500,248
2026-06-30,weight_pct,equal,mkt,0.78499956795747,0.78499956795747,11.461386754067712,0.11788699683776675,0.058205222931068196,0.025292005399371206,0.21701284254468514,500,249
2026-06-30,weight_pct,equal,d10y,-0.013906985213389938,0.013906985213389938,1.5895310897465886,0.006094411635376357,0.004915017786320306,0.0003602118873218507,0.016017644774278826,500,249
2026-06-30,weight_pct,equal,wti,-0.05465265015243233,0.05465265015243233,4.51232523541902,0.013957696816550309,0.009018621489526351,0.0014271119366803737,0.029941891813035432,500,249
2026-06-30,weight_pct,equal,usd,-1.7064981765406966,1.7064981765406966,15.445664303646726,0.25186284577822265,0.09417758292332135,0.08606391792976524,0.40467913696465396,500,249
2026-06-30,weight_pct,equal,ig,-0.0588743141368625,0.0588743141368625,5.160876427162929,0.015775912780740364,0.008350984946914233,0.001888006350542301,0.0296578490610004,500,249
2026-06-30,weight_pct,equal,concentration,0.36978505177790905,0.36978505177790905,23.154943207914965,0.02048295223270404,0.01508542242616274,0.00206429779971365,0.04928455179092221,500,249
2026-06-30,weight_pct,equal,pc1,0.00028618574342999513,0.00028618574342999513,0.2417151050525324,0.0002474167139565576,0.00016039142222829558,2.5663838901436698e-05,0.0005317149227535257,500,249
2026-06-30,weight_pct,equal,pc2,0.0019650284316292833,0.0019650284316292833,12.152055509328532,0.00017837484764189105,0.00014702480437287887,1.15497756091974e-05,0.0004585422417019424,500,249
2026-06-30,weight_pct,value,mkt,1.2641733829522561,1.2641733829522561,4.144121917627096,0.3012216864984618,0.23236567736047103,0.02708037746026682,0.7624502741890823,500,249
2026-06-30,weight_pct,value,d10y,-0.05637285705268916,0.05637285705268916,2.343928259886905,0.021048380779107353,0.015070630308150396,0.0016708642449416707,0.05052490853694245,500,249
2026-06-30,weight_pct,value,wti,-0.12324977598149509,0.12324977598149509,4.507636520757185,0.028009357052181143,0.021128682068916157,0.00268944908064325,0.06863560290982088,500,249
2026-06-30,weight_pct,value,usd,-2.0856586145832177,2.0856586145832177,6.461076524613222,0.35849339133824787,0.2673184904505311,0.02803705278705437,0.8907770749599101,500,249
2026-06-30,weight_pct,value,ig,-0.1169748320907395,0.1169748320907395,2.2853611229274393,0.04179303200961026,0.03289712042743814,0.0036844953342952897,0.1021762269437449,500,249
2026-06-30,weight_pct,value,concentration,0.6872940569435858,0.6872940569435858,2.447273250296896,0.2343880249656109,0.18506557529815262,0.01740684594707076,0.6086821844548328,500,249
2026-06-30,weight_pct,value,pc1,-0.0011546748358385946,0.0011546748358385946,0.8716114327017072,0.0007026126314599099,0.0005186510725053724,4.9918611298979486e-05,0.0016274997316131894,500,249
2026-06-30,weight_pct,value,pc2,0.0033574787122203995,0.0033574787122203995,4.564248417051385,0.000759185216473908,0.0005692708324199961,7.133886903299627e-05,0.0018334202480476667,500,249
2026-06-30,market_value,equal,mkt,0.78499956795747,0.78499956795747,10.537327742223129,0.1523324187239685,0.06004056860625116,0.05310618795568531,0.251838771392292,500,249
2026-06-30,market_value,equal,d10y,-0.013906985213389938,0.013906985213389938,1.3374508708961401,0.007040418720435957,0.005134070074927787,0.0006056684633746809,0.016968591935345084,500,249
2026-06-30,market_value,equal,wti,-0.05465265015243233,0.05465265015243233,4.381430972950408,0.015006910308712061,0.009048582549509677,0.0018638200673039328,0.031128509728422946,500,249
2026-06-30,market_value,equal,usd,-1.7064981765406966,1.7064981765406966,15.544601534503569,0.2885552830837676,0.09121770605117105,0.13700431055993575,0.43692954258516126,500,249
2026-06-30,market_value,equal,ig,-0.0588743141368625,0.0588743141368625,4.28739182585573,0.022274694244723208,0.008536569872485189,0.00785939302234103,0.037011174083828716,500,249
2026-06-30,market_value,equal,concentration,0.36978505177790905,0.36978505177790905,21.314359041753708,0.023323790398879475,0.016254828995811234,0.002617840676640166,0.054877632354636705,500,249
2026-06-30,market_value,equal,pc1,0.00028618574342999513,0.00028618574342999513,-0.30477196209276536,0.0003451919007986965,0.00019360756469698247,4.6952521718784406e-05,0.0006844788708365645,500,249
2026-06-30,market_value,equal,pc2,0.0019650284316292833,0.0019650284316292833,14.765671319951997,0.00016784801058558765,0.00012171342447635752,1.7693766903171245e-05,0.0003996728647087692,500,249
2026-06-30,market_value,value,mkt,1.2641733829522561,1.2641733829522561,4.006805367457018,0.3102774801659501,0.2380689390440023,0.02915246998601959,0.7818722422735978,500,249
2026-06-30,market_value,value,d10y,-0.05637285705268916,0.05637285705268916,2.511012212446646,0.020705657238634108,0.014204311566968497,0.0016025885290029975,0.04744282594034381,500,249
2026-06-30,market_value,value,wti,-0.12324977598149509,0.12324977598149509,4.552267686914104,0.028043196606394653,0.020914099504468986,0.002542536561910789,0.06711673367662953,500,249
2026-06-30,market_value,value,usd,-2.0856586145832177,2.0856586145832177,6.467754511965071,0.35490000874566163,0.267598067093568,0.026909755568385606,0.9004537267899504,500,249
2026-06-30,market_value,value,ig,-0.1169748320907395,0.1169748320907395,2.126770463052249,0.043632114357536174,0.03448548821199305,0.0024092784553550457,0.11422501352657152,500,249
2026-06-30,market_value,value,concentration,0.6872940569435858,0.6872940569435858,2.264838683654546,0.23784703963358628,0.19844548777521379,0.013656562251522276,0.6235502200397154,500,249
2026-06-30,market_value,value,pc1,-0.0011546748358385946,0.0011546748358385946,0.7496777365338381,0.0007448436929172995,0.0005466764223467061,6.194093638991795e-05,0.0017504826898773198,500,249
2026-06-30,market_value,value,pc2,0.0033574787122203995,0.0033574787122203995,4.588654884177117,0.0007272655554090264,0.0005731991669020558,3.860165979608331e-05,0.0019070036148812262,500,249
2026-07-31,weight_pct,equal,mkt,0.6879483545976679,0.6879483545976679,9.485125494555676,0.10665397315235091,0.06128483822158932,0.014292177702753919,0.20646677590003257,500,227
2026-07-31,weight_pct,equal,d10y,-0.03525324166614601,0.03525324166614601,5.422623159103421,0.007195455244352602,0.0051742091601350544,0.0005303568001110816,0.016448260035603703,500,227
2026-07-31,weight_pct,equal,wti,-0.08925937431933811,0.08925937431933811,8.063473367795654,0.014952257349267839,0.009215274061280114,0.0015965865206404417,0.030308519484821942,500,227
2026-07-31,weight_pct,equal,usd,-1.611641003310777,1.611641003310777,12.786503869807277,0.22816127311641213,0.10819843674870114,0.04221413399780205,0.4040356866643078,500,227
2026-07-31,weight_pct,equal,ig,-0.0282575426280144,0.0282575426280144,1.9658889624738325,0.012032538680099994,0.008253265701994283,0.0010578001925212017,0.026836317652470697,500,227
2026-07-31,weight_pct,equal,concentration,0.30560734270294676,0.30560734270294676,15.703208793950775,0.02774741199000227,0.017694468331847076,0.0036157860901086226,0.058365801920158514,500,227
2026-07-31,weight_pct,equal,pc1,-0.0005022898440721075,0.0005022898440721075,2.764591555101837,0.00016575236670623747,0.00012173135548533978,1.41877894772671e-05,0.0004117096688490451,500,227
2026-07-31,weight_pct,equal,pc2,0.002475988367303077,0.002475988367303077,11.974016130976347,0.0002656297672587717,0.0001845962604247866,2.0391419712756193e-05,0.000603562337895211,500,227
2026-07-31,weight_pct,value,mkt,1.4579966417941843,1.4579966417941843,5.127951285347977,0.30832573687315,0.2241969240632166,0.02101890939963249,0.7010250841349293,500,227
2026-07-31,weight_pct,value,d10y,-0.07330769422954923,0.07330769422954923,3.4996259006373696,0.019919110982258452,0.015255511521264996,0.0015943094069680675,0.04982116693555433,500,227
2026-07-31,weight_pct,value,wti,-0.15572918778267625,0.15572918778267625,6.144902819411248,0.027673677986990424,0.02083930593518402,0.0021439634604703654,0.06659479873574951,500,227
2026-07-31,weight_pct,value,usd,-2.530351620017931,2.530351620017931,8.792068198079226,0.34735574100377686,0.2482915088728572,0.03252006525530826,0.830499893800091,500,227
2026-07-31,weight_pct,value,ig,-0.10827761730444092,0.10827761730444092,1.8657932575371399,0.045538943389900034,0.033625737289541054,0.003742262958505815,0.10945963765265139,500,227
2026-07-31,weight_pct,value,concentration,0.5321621828646093,0.5321621828646093,1.179532365710834,0.2803844238939684,0.21345557467506146,0.02164410877549984,0.6981916166596451,500,227
2026-07-31,weight_pct,value,pc1,-0.00027541382676015514,0.00027541382676015514,-0.8910248488308085,0.0007882562559289513,0.0005755646768344805,6.236898283911052e-05,0.0017898621050080196,500,227
2026-07-31,weight_pct,value,pc2,0.0035768727970996146,0.0035768727970996146,4.906488550797957,0.0008109082777212562,0.000563736059045429,7.03466686194553e-05,0.0018876976305227597,500,227
2026-07-31,market_value,equal,mkt,0.6879483545976679,0.6879483545976679,9.307974077711501,0.12924887094657,0.06002374727159341,0.027874728057664225,0.22808776930244615,500,227
2026-07-31,market_value,equal,d10y,-0.03525324166614601,0.03525324166614601,4.313226423519264,0.009831059573448181,0.00589400592421375,0.0013471666831544916,0.019761174872705435,500,227
2026-07-31,market_value,equal,wti,-0.08925937431933811,0.08925937431933811,7.937176852221973,0.015419264657610662,0.009303069723217303,0.0017925012252670146,0.03181973675045469,500,227
2026-07-31,market_value,equal,usd,-1.611641003310777,1.611641003310777,13.582005997587181,0.22933712783850366,0.10177464770062958,0.07084423815669869,0.4025635051202028,500,227
2026-07-31,market_value,equal,ig,-0.0282575426280144,0.0282575426280144,1.7989534954121973,0.013593924403493983,0.00815119360334577,0.0015461337126507436,0.028206764741885427,500,227
2026-07-31,market_value,equal,concentration,0.30560734270294676,0.30560734270294676,18.904551862454195,0.020534024905624747,0.015079612564818223,0.0016022934528747788,0.04846685943795901,500,227
2026-07-31,market_value,equal,pc1,-0.0005022898440721075,0.0005022898440721075,2.27053021339786,0.0001888840323300924,0.0001380319935373164,2.0129314372299778e-05,0.0004412341965952081,500,227
2026-07-31,market_value,equal,pc2,0.002475988367303077,0.002475988367303077,12.090865958841881,0.0002671373965530903,0.00018268757409676555,2.5801579494139224e-05,0.0005974939862154836,500,227
2026-07-31,market_value,value,mkt,1.4579966417941843,1.4579966417941843,6.029625155351528,0.2620906487400258,0.19833836469796884,0.02317685672872454,0.6580299023664676,500,227
2026-07-31,market_value,value,d10y,-0.07330769422954923,0.07330769422954923,3.232334143707614,0.021837118694351988,0.015923655552565637,0.0018015974916135852,0.05229523888283137,500,227
2026-07-31,market_value,value,wti,-0.15572918778267625,0.15572918778267625,5.536101442748774,0.027632139727582297,0.023138493645718215,0.0020464350573130316,0.08065046140824043,500,227
2026-07-31,market_value,value,usd,-2.530351620017931,2.530351620017931,8.67306208115494,0.3404568217777402,0.2524938456278841,0.03458558308124638,0.8093051235840785,500,227
2026-07-31,market_value,value,ig,-0.10827761730444092,0.10827761730444092,2.184713115842517,0.03992430876656895,0.031287086639525244,0.003822558999083641,0.1012343908569224,500,227
2026-07-31,market_value,value,concentration,0.5321621828646093,0.5321621828646093,1.502391454425383,0.2478706069819804,0.18922603363140228,0.01332763717209327,0.5896834580841068,500,227
2026-07-31,market_value,value,pc1,-0.00027541382676015514,0.00027541382676015514,-0.9077971668417901,0.0007931399138393343,0.0005703103137899613,6.294839870799409e-05,0.0018134559243395854,500,227
2026-07-31,market_value,value,pc2,0.0035768727970996146,0.0035768727970996146,4.342273481379276,0.0008595036603120668,0.0006257941026608036,7.264576082647965e-05,0.0020389529208675746,500,227
