DATE,VXTLT
01/02/2004,12.370000
01/05/2004,12.990000
01/06/2004,12.020000
01/07/2004,11.030000
01/08/2004,11.370000
01/09/2004,10.520000
01/12/2004,10.510000
01/13/2004,10.230000
01/14/2004,10.950000
01/15/2004,10.840000
01/16/2004,10.990000
01/20/2004,11.760000
01/21/2004,11.000000
01/22/2004,11.120000
01/23/2004,11.560000
01/26/2004,12.210000
01/27/2004,12.030000
01/28/2004,12.040000
01/29/2004,12.420000
01/30/2004,11.880000
02/02/2004,12.190000
02/03/2004,12.290000
02/04/2004,12.350000
02/05/2004,13.200000
02/06/2004,11.760000
02/09/2004,11.410000
02/10/2004,11.760000
02/11/2004,10.460000
02/12/2004,10.570000
02/13/2004,10.280000
02/17/2004,9.990000
02/18/2004,10.260000
02/19/2004,10.260000
02/20/2004,10.300000
02/23/2004,9.660000
02/24/2004,9.910000
02/25/2004,10.050000
02/26/2004,10.000000
02/27/2004,10.090000
03/01/2004,10.510000
03/02/2004,10.960000
03/03/2004,11.110000
03/04/2004,10.390000
03/05/2004,9.620000
03/08/2004,10.050000
03/09/2004,10.460000
03/10/2004,10.400000
03/11/2004,10.790000
03/12/2004,11.100000
03/15/2004,11.060000
03/16/2004,10.680000
03/17/2004,11.230000
03/18/2004,11.080000
03/19/2004,10.760000
03/22/2004,10.770000
03/23/2004,10.690000
03/24/2004,10.900000
03/25/2004,11.290000
03/26/2004,11.480000
03/29/2004,11.780000
03/30/2004,11.640000
03/31/2004,11.510000
04/01/2004,12.580000
04/02/2004,12.140000
04/05/2004,12.480000
04/06/2004,11.430000
04/07/2004,11.420000
04/08/2004,11.710000
04/12/2004,11.240000
04/13/2004,11.430000
04/14/2004,11.580000
04/15/2004,11.840000
04/16/2004,11.460000
04/19/2004,12.530000
04/20/2004,12.720000
04/21/2004,12.060000
04/22/2004,10.880000
04/23/2004,11.210000
04/26/2004,11.730000
04/27/2004,11.790000
04/28/2004,12.570000
04/29/2004,12.360000
04/30/2004,12.230000
05/03/2004,12.890000
05/04/2004,13.060000
05/05/2004,13.190000
05/06/2004,13.750000
05/07/2004,12.330000
05/10/2004,12.130000
05/11/2004,11.670000
05/12/2004,12.030000
05/13/2004,11.840000
05/14/2004,11.760000
05/17/2004,11.710000
05/18/2004,11.230000
05/19/2004,11.640000
05/20/2004,11.530000
05/21/2004,11.560000
05/24/2004,11.580000
05/25/2004,10.870000
05/26/2004,11.080000
05/27/2004,11.060000
05/28/2004,10.910000
06/01/2004,11.660000
06/02/2004,11.640000
06/03/2004,11.780000
06/04/2004,10.820000
06/07/2004,10.140000
06/08/2004,9.850000
06/09/2004,10.220000
06/10/2004,10.350000
06/14/2004,11.330000
06/15/2004,10.000000
06/16/2004,10.210000
06/17/2004,9.880000
06/18/2004,9.560000
06/21/2004,9.770000
06/22/2004,10.120000
06/23/2004,10.080000
06/24/2004,10.660000
06/25/2004,10.240000
06/28/2004,10.320000
06/29/2004,10.360000
06/30/2004,9.790000
07/01/2004,9.500000
07/02/2004,9.090000
07/06/2004,9.570000
07/07/2004,9.690000
07/08/2004,9.440000
07/09/2004,9.490000
07/12/2004,10.040000
07/13/2004,10.330000
07/14/2004,10.180000
07/15/2004,10.270000
07/16/2004,9.110000
07/19/2004,9.760000
07/20/2004,9.940000
07/21/2004,9.710000
07/22/2004,9.260000
07/23/2004,9.350000
07/26/2004,9.350000
07/27/2004,10.160000
07/28/2004,10.080000
07/29/2004,10.120000
07/30/2004,10.090000
08/02/2004,10.670000
08/03/2004,10.770000
08/04/2004,10.590000
08/05/2004,10.720000
08/06/2004,9.890000
08/09/2004,10.110000
08/10/2004,9.900000
08/11/2004,9.780000
08/12/2004,9.540000
08/13/2004,9.670000
08/16/2004,9.530000
08/17/2004,10.020000
08/18/2004,10.310000
08/19/2004,10.290000
08/20/2004,10.350000
08/23/2004,10.440000
08/24/2004,10.660000
08/25/2004,10.460000
08/26/2004,10.430000
08/27/2004,9.960000
08/30/2004,10.450000
08/31/2004,10.340000
09/01/2004,10.560000
09/02/2004,11.170000
09/03/2004,8.900000
09/07/2004,9.250000
09/08/2004,9.650000
09/09/2004,8.970000
09/10/2004,9.020000
09/13/2004,9.200000
09/14/2004,8.730000
09/15/2004,8.750000
09/16/2004,9.540000
09/17/2004,9.030000
09/20/2004,9.440000
09/21/2004,9.310000
09/22/2004,9.330000
09/23/2004,9.750000
09/24/2004,9.630000
09/27/2004,9.650000
09/28/2004,10.160000
09/29/2004,9.780000
09/30/2004,10.130000
10/01/2004,9.670000
10/04/2004,10.100000
10/05/2004,9.160000
10/06/2004,9.460000
10/07/2004,9.650000
10/08/2004,8.330000
10/11/2004,8.610000
10/12/2004,8.360000
10/13/2004,7.910000
10/14/2004,8.930000
10/15/2004,8.420000
10/18/2004,8.110000
10/19/2004,8.300000
10/20/2004,8.710000
10/21/2004,8.500000
10/22/2004,8.530000
10/25/2004,9.410000
10/26/2004,9.320000
10/27/2004,9.420000
10/28/2004,9.640000
10/29/2004,9.210000
11/01/2004,9.790000
11/02/2004,9.520000
11/03/2004,9.320000
11/04/2004,9.310000
11/05/2004,9.170000
11/08/2004,9.560000
11/09/2004,9.300000
11/10/2004,8.720000
11/11/2004,9.170000
11/12/2004,8.820000
11/15/2004,8.900000
11/16/2004,8.880000
11/17/2004,8.490000
11/18/2004,8.580000
11/19/2004,9.030000
11/22/2004,8.900000
11/23/2004,9.130000
11/24/2004,9.120000
11/26/2004,9.420000
11/29/2004,10.100000
11/30/2004,9.810000
12/01/2004,10.110000
12/02/2004,10.230000
12/03/2004,9.240000
12/06/2004,8.590000
12/07/2004,8.330000
12/08/2004,8.840000
12/09/2004,8.870000
12/10/2004,8.860000
12/13/2004,9.080000
12/14/2004,9.260000
12/15/2004,9.810000
12/16/2004,10.430000
12/17/2004,10.480000
12/20/2004,10.060000
12/21/2004,9.920000
12/22/2004,9.700000
12/23/2004,9.180000
12/27/2004,10.410000
12/28/2004,10.190000
12/29/2004,10.160000
12/30/2004,10.430000
12/31/2004,10.210000
01/03/2005,10.590000
01/04/2005,10.370000
01/05/2005,10.500000
01/06/2005,10.630000
01/07/2005,9.190000
01/10/2005,9.380000
01/11/2005,9.590000
01/12/2005,9.280000
01/13/2005,8.910000
01/14/2005,9.390000
01/18/2005,9.980000
01/19/2005,9.340000
01/20/2005,9.640000
01/21/2005,9.570000
01/24/2005,9.860000
01/25/2005,9.650000
01/26/2005,9.730000
01/27/2005,9.530000
01/28/2005,9.530000
01/31/2005,9.840000
02/01/2005,9.760000
02/02/2005,9.470000
02/03/2005,9.860000
02/04/2005,9.640000
02/07/2005,9.370000
02/08/2005,10.010000
02/09/2005,10.560000
02/10/2005,11.120000
02/11/2005,10.660000
02/14/2005,11.180000
02/15/2005,11.510000
02/16/2005,10.390000
02/17/2005,10.170000
02/18/2005,10.210000
02/22/2005,10.810000
02/23/2005,10.270000
02/24/2005,10.480000
02/25/2005,10.290000
02/28/2005,11.460000
03/01/2005,11.070000
03/02/2005,11.130000
03/03/2005,11.060000
03/04/2005,9.330000
03/07/2005,9.920000
03/08/2005,10.090000
03/09/2005,11.240000
03/10/2005,10.830000
03/11/2005,11.510000
03/14/2005,11.720000
03/15/2005,11.820000
03/16/2005,11.630000
03/17/2005,11.290000
03/18/2005,10.760000
03/21/2005,11.460000
03/22/2005,11.360000
03/23/2005,10.970000
03/24/2005,10.910000
03/28/2005,11.280000
03/29/2005,11.110000
03/30/2005,11.080000
03/31/2005,10.730000
04/01/2005,9.660000
04/04/2005,9.670000
04/05/2005,9.990000
04/06/2005,9.580000
04/07/2005,9.960000
04/08/2005,9.830000
04/11/2005,9.370000
04/12/2005,8.880000
04/13/2005,8.730000
04/14/2005,8.820000
04/15/2005,9.470000
04/18/2005,10.640000
04/19/2005,9.910000
04/20/2005,9.800000
04/21/2005,10.060000
04/22/2005,9.690000
04/25/2005,10.150000
04/26/2005,10.350000
04/27/2005,10.230000
04/28/2005,10.230000
04/29/2005,10.780000
05/02/2005,10.750000
05/03/2005,10.970000
05/04/2005,10.680000
05/05/2005,10.740000
05/06/2005,10.220000
05/09/2005,10.320000
05/10/2005,10.240000
05/11/2005,10.660000
05/12/2005,10.620000
05/13/2005,10.590000
05/16/2005,10.880000
05/17/2005,10.510000
05/18/2005,10.010000
05/19/2005,10.030000
05/20/2005,9.610000
05/23/2005,9.890000
05/24/2005,10.500000
05/25/2005,10.370000
05/26/2005,10.180000
05/27/2005,10.010000
05/31/2005,10.090000
06/01/2005,10.940000
06/02/2005,10.640000
06/06/2005,11.730000
06/07/2005,11.780000
06/08/2005,11.450000
06/09/2005,11.310000
06/10/2005,10.770000
06/13/2005,11.100000
06/14/2005,10.930000
06/15/2005,10.690000
06/16/2005,10.430000
06/17/2005,10.190000
06/20/2005,12.890000
06/21/2005,9.880000
06/23/2005,10.430000
06/24/2005,9.950000
06/27/2005,10.770000
06/28/2005,11.170000
06/29/2005,10.930000
06/30/2005,10.260000
07/01/2005,9.930000
07/05/2005,11.260000
07/06/2005,11.280000
07/07/2005,11.500000
07/08/2005,10.450000
07/11/2005,11.220000
07/12/2005,10.360000
07/13/2005,10.630000
07/14/2005,10.240000
07/15/2005,10.300000
07/18/2005,10.700000
07/19/2005,10.970000
07/20/2005,10.100000
07/21/2005,10.500000
07/22/2005,10.500000
07/25/2005,10.850000
07/26/2005,10.500000
07/27/2005,8.940000
07/28/2005,12.360000
07/29/2005,9.960000
08/01/2005,11.100000
08/02/2005,11.430000
08/03/2005,10.740000
08/04/2005,10.540000
08/05/2005,10.500000
08/08/2005,10.880000
08/09/2005,10.330000
08/10/2005,10.170000
08/11/2005,10.030000
08/12/2005,10.030000
08/15/2005,10.510000
08/16/2005,9.240000
08/17/2005,10.460000
08/18/2005,10.310000
08/19/2005,10.500000
08/22/2005,10.440000
08/23/2005,10.250000
08/24/2005,10.360000
08/25/2005,10.190000
08/26/2005,9.130000
08/29/2005,10.480000
08/30/2005,10.290000
08/31/2005,10.400000
09/01/2005,10.640000
09/02/2005,8.390000
09/06/2005,10.590000
09/07/2005,10.830000
09/08/2005,10.640000
09/09/2005,10.190000
09/12/2005,10.130000
09/13/2005,10.050000
09/14/2005,10.500000
09/15/2005,10.390000
09/16/2005,10.250000
09/19/2005,11.250000
09/20/2005,10.500000
09/21/2005,10.200000
09/22/2005,10.160000
09/23/2005,10.690000
09/26/2005,10.680000
09/27/2005,10.750000
09/28/2005,9.850000
09/29/2005,10.530000
09/30/2005,10.750000
10/03/2005,10.970000
10/04/2005,10.800000
10/05/2005,10.690000
10/06/2005,10.660000
10/07/2005,9.830000
10/10/2005,9.510000
10/11/2005,10.750000
10/12/2005,10.550000
10/13/2005,11.290000
10/14/2005,11.010000
10/17/2005,9.860000
10/18/2005,10.450000
10/19/2005,10.200000
10/20/2005,10.060000
10/21/2005,9.610000
10/24/2005,8.540000
10/25/2005,10.400000
10/26/2005,10.400000
10/27/2005,10.430000
10/28/2005,10.460000
10/31/2005,10.640000
11/01/2005,10.360000
11/02/2005,10.380000
11/03/2005,10.500000
11/04/2005,10.350000
11/07/2005,10.250000
11/08/2005,10.360000
11/09/2005,10.180000
11/10/2005,10.850000
11/11/2005,9.800000
11/14/2005,11.100000
11/15/2005,9.900000
11/16/2005,10.340000
11/17/2005,10.310000
11/18/2005,10.260000
11/21/2005,8.450000
11/22/2005,9.910000
11/23/2005,8.720000
11/25/2005,8.710000
11/28/2005,9.660000
11/29/2005,10.020000
11/30/2005,9.750000
12/01/2005,9.890000
12/02/2005,9.450000
12/05/2005,9.620000
12/06/2005,9.300000
12/07/2005,9.110000
12/08/2005,8.850000
12/09/2005,8.150000
12/12/2005,9.060000
12/13/2005,9.040000
12/14/2005,8.660000
12/15/2005,8.760000
12/16/2005,8.300000
12/19/2005,6.850000
12/20/2005,8.600000
12/21/2005,6.880000
12/22/2005,8.390000
12/23/2005,8.860000
12/27/2005,8.950000
12/28/2005,8.980000
12/29/2005,8.800000
12/30/2005,8.960000
01/03/2006,9.360000
01/04/2006,9.140000
01/05/2006,9.040000
01/06/2006,8.610000
01/09/2006,8.470000
01/10/2006,8.510000
01/11/2006,8.580000
01/12/2006,7.300000
01/13/2006,7.990000
01/17/2006,8.730000
01/18/2006,9.280000
01/19/2006,8.890000
01/20/2006,8.980000
01/23/2006,9.280000
01/24/2006,9.100000
01/25/2006,9.230000
01/26/2006,9.290000
01/27/2006,9.150000
01/30/2006,9.690000
01/31/2006,9.340000
02/01/2006,9.610000
02/02/2006,9.480000
02/03/2006,8.930000
02/06/2006,8.910000
02/07/2006,9.180000
02/08/2006,9.490000
02/09/2006,9.630000
02/10/2006,8.650000
02/13/2006,9.510000
02/14/2006,9.520000
02/15/2006,9.000000
02/16/2006,8.490000
02/17/2006,6.970000
02/21/2006,7.290000
02/22/2006,8.090000
02/23/2006,8.130000
02/24/2006,8.140000
02/27/2006,8.290000
02/28/2006,7.990000
03/01/2006,8.620000
03/02/2006,8.910000
03/03/2006,9.840000
03/06/2006,10.020000
03/07/2006,9.650000
03/08/2006,9.390000
03/09/2006,9.490000
03/10/2006,9.190000
03/13/2006,9.610000
03/14/2006,8.900000
03/15/2006,8.980000
03/16/2006,8.660000
03/17/2006,8.290000
03/20/2006,8.620000
03/21/2006,8.680000
03/22/2006,8.750000
03/23/2006,8.900000
03/24/2006,8.630000
03/27/2006,8.790000
03/28/2006,8.570000
03/29/2006,8.690000
03/30/2006,9.350000
03/31/2006,9.270000
04/03/2006,9.140000
04/04/2006,9.160000
04/05/2006,8.580000
04/06/2006,9.200000
04/07/2006,9.370000
04/10/2006,9.460000
04/11/2006,9.250000
04/12/2006,9.530000
04/13/2006,9.860000
04/17/2006,10.120000
04/18/2006,9.670000
04/19/2006,10.070000
04/20/2006,9.360000
04/21/2006,9.030000
04/24/2006,7.970000
04/25/2006,9.650000
04/26/2006,9.920000
04/27/2006,9.190000
04/28/2006,8.390000
05/01/2006,9.460000
05/02/2006,9.050000
05/03/2006,9.350000
05/04/2006,9.600000
05/05/2006,9.130000
05/08/2006,8.940000
05/09/2006,9.450000
05/10/2006,9.600000
05/11/2006,9.670000
05/12/2006,10.380000
05/15/2006,10.120000
05/16/2006,10.330000
05/17/2006,10.020000
05/18/2006,9.840000
05/19/2006,10.300000
05/22/2006,10.780000
05/23/2006,9.850000
05/24/2006,10.380000
05/25/2006,10.000000
05/26/2006,10.120000
05/30/2006,10.740000
05/31/2006,10.510000
06/01/2006,9.990000
06/02/2006,9.240000
06/05/2006,9.940000
06/06/2006,9.390000
06/07/2006,9.900000
06/08/2006,9.890000
06/09/2006,9.620000
06/12/2006,9.620000
06/13/2006,9.970000
06/14/2006,9.310000
06/15/2006,8.680000
06/16/2006,8.890000
06/19/2006,9.770000
06/20/2006,9.330000
06/21/2006,10.050000
06/22/2006,9.650000
06/23/2006,10.100000
06/26/2006,10.040000
06/27/2006,9.820000
06/28/2006,9.770000
06/29/2006,9.100000
06/30/2006,8.950000
07/03/2006,9.670000
07/05/2006,9.920000
07/06/2006,9.730000
07/07/2006,9.560000
07/10/2006,9.530000
07/11/2006,9.440000
07/12/2006,9.170000
07/13/2006,9.410000
07/14/2006,9.420000
07/17/2006,9.670000
07/18/2006,9.900000
07/19/2006,9.360000
07/20/2006,9.260000
07/21/2006,9.110000
07/24/2006,9.530000
07/25/2006,9.300000
07/26/2006,9.020000
07/27/2006,9.110000
07/28/2006,8.850000
07/31/2006,8.960000
08/01/2006,8.850000
08/02/2006,9.270000
08/03/2006,9.250000
08/04/2006,9.020000
08/07/2006,8.950000
08/08/2006,8.730000
08/09/2006,8.600000
08/10/2006,8.620000
08/11/2006,8.240000
08/14/2006,8.130000
08/15/2006,8.620000
08/16/2006,8.450000
08/17/2006,8.520000
08/18/2006,7.850000
08/21/2006,8.340000
08/22/2006,8.100000
08/23/2006,8.110000
08/24/2006,7.880000
08/25/2006,7.480000
08/28/2006,8.560000
08/29/2006,8.200000
08/30/2006,8.470000
08/31/2006,8.580000
09/01/2006,7.790000
09/05/2006,8.450000
09/06/2006,8.230000
09/07/2006,7.990000
09/08/2006,8.170000
09/11/2006,7.870000
09/12/2006,7.970000
09/13/2006,8.120000
09/14/2006,8.180000
09/15/2006,8.370000
09/18/2006,7.950000
09/19/2006,8.010000
09/20/2006,8.320000
09/21/2006,8.440000
09/22/2006,8.980000
09/25/2006,9.570000
09/26/2006,9.190000
09/27/2006,9.060000
09/28/2006,8.680000
09/29/2006,8.460000
10/02/2006,8.240000
10/03/2006,8.230000
10/04/2006,6.630000
10/05/2006,7.990000
10/06/2006,7.610000
10/09/2006,8.200000
10/10/2006,7.950000
10/11/2006,7.770000
10/12/2006,7.700000
10/13/2006,7.540000
10/16/2006,7.360000
10/17/2006,8.220000
10/18/2006,7.900000
10/19/2006,7.370000
10/20/2006,7.340000
10/23/2006,7.590000
10/24/2006,7.840000
10/25/2006,7.400000
10/26/2006,7.650000
10/27/2006,8.000000
10/30/2006,8.270000
10/31/2006,8.370000
11/01/2006,8.530000
11/02/2006,8.380000
11/03/2006,7.710000
11/06/2006,7.880000
11/07/2006,7.400000
11/08/2006,7.800000
11/09/2006,7.780000
11/13/2006,8.510000
11/14/2006,8.560000
11/15/2006,8.520000
11/16/2006,8.230000
11/17/2006,8.060000
11/20/2006,8.260000
11/21/2006,7.900000
11/22/2006,6.750000
11/24/2006,7.420000
11/27/2006,7.450000
11/28/2006,8.140000
11/29/2006,7.690000
11/30/2006,8.230000
12/01/2006,8.260000
12/04/2006,8.060000
12/05/2006,8.170000
12/06/2006,8.010000
12/07/2006,8.170000
12/08/2006,7.280000
12/11/2006,7.870000
12/12/2006,7.370000
12/13/2006,7.170000
12/14/2006,7.440000
12/15/2006,6.610000
12/18/2006,7.300000
12/19/2006,7.070000
12/20/2006,7.070000
12/21/2006,7.230000
12/22/2006,6.920000
12/26/2006,7.770000
12/27/2006,7.310000
12/28/2006,7.770000
12/29/2006,7.440000
01/03/2007,8.280000
01/04/2007,8.520000
01/05/2007,8.180000
01/08/2007,7.240000
01/09/2007,7.430000
01/10/2007,8.170000
01/11/2007,8.080000
01/12/2007,8.190000
01/16/2007,8.200000
01/17/2007,8.120000
01/18/2007,7.910000
01/19/2007,7.440000
01/22/2007,7.860000
01/23/2007,7.700000
01/24/2007,7.440000
01/25/2007,7.880000
01/26/2007,7.940000
01/29/2007,8.080000
01/30/2007,8.320000
01/31/2007,8.030000
02/01/2007,7.790000
02/02/2007,7.520000
02/05/2007,7.580000
02/06/2007,7.280000
02/07/2007,7.570000
02/08/2007,7.430000
02/09/2007,7.850000
02/12/2007,8.130000
02/13/2007,7.910000
02/14/2007,7.900000
02/15/2007,8.270000
02/16/2007,7.400000
02/20/2007,7.830000
02/21/2007,7.930000
02/22/2007,7.920000
02/23/2007,7.780000
02/26/2007,8.100000
02/27/2007,9.020000
02/28/2007,9.000000
03/01/2007,9.230000
03/02/2007,10.200000
03/05/2007,10.210000
03/06/2007,9.390000
03/07/2007,8.890000
03/08/2007,9.020000
03/09/2007,7.710000
03/12/2007,8.590000
03/13/2007,8.780000
03/14/2007,8.790000
03/15/2007,8.290000
03/16/2007,8.610000
03/19/2007,8.900000
03/20/2007,8.440000
03/21/2007,7.540000
03/22/2007,7.960000
03/23/2007,8.340000
03/26/2007,8.680000
03/27/2007,8.910000
03/28/2007,9.040000
03/29/2007,8.460000
03/30/2007,8.600000
04/02/2007,9.110000
04/03/2007,8.820000
04/04/2007,8.660000
04/05/2007,8.340000
04/09/2007,8.260000
04/10/2007,8.050000
04/11/2007,8.030000
04/12/2007,7.740000
04/13/2007,7.650000
04/16/2007,7.800000
04/17/2007,7.490000
04/18/2007,7.700000
04/19/2007,7.610000
04/20/2007,7.470000
04/23/2007,7.460000
04/24/2007,7.750000
04/25/2007,7.570000
04/26/2007,7.550000
04/27/2007,7.420000
04/30/2007,7.570000
05/01/2007,7.700000
05/02/2007,7.680000
05/03/2007,7.440000
05/04/2007,7.190000
05/07/2007,7.100000
05/08/2007,7.060000
05/09/2007,7.130000
05/10/2007,6.810000
05/11/2007,6.850000
05/14/2007,7.280000
05/15/2007,6.750000
05/16/2007,6.840000
05/17/2007,6.750000
05/18/2007,7.330000
05/21/2007,7.610000
05/22/2007,7.380000
05/23/2007,7.590000
05/24/2007,7.470000
05/25/2007,7.060000
05/29/2007,7.290000
05/30/2007,7.460000
05/31/2007,7.920000
06/01/2007,7.800000
06/04/2007,7.520000
06/05/2007,7.430000
06/06/2007,7.540000
06/07/2007,8.860000
06/08/2007,9.540000
06/11/2007,9.190000
06/12/2007,11.840000
06/13/2007,11.250000
06/14/2007,10.690000
06/15/2007,9.940000
06/18/2007,9.740000
06/19/2007,8.720000
06/20/2007,9.260000
06/21/2007,9.840000
06/22/2007,10.280000
06/25/2007,9.840000
06/26/2007,10.010000
06/27/2007,9.930000
06/28/2007,9.450000
06/29/2007,8.890000
07/02/2007,9.130000
07/03/2007,8.980000
07/05/2007,9.310000
07/06/2007,9.280000
07/09/2007,9.370000
07/10/2007,9.110000
07/11/2007,9.660000
07/12/2007,8.430000
07/13/2007,9.880000
07/16/2007,9.010000
07/17/2007,9.230000
07/18/2007,9.420000
07/19/2007,8.790000
07/20/2007,8.980000
07/23/2007,9.460000
07/24/2007,9.480000
07/25/2007,9.580000
07/26/2007,11.860000
07/27/2007,11.550000
07/30/2007,11.090000
07/31/2007,11.060000
08/01/2007,9.730000
08/02/2007,9.600000
08/03/2007,9.630000
08/06/2007,9.690000
08/07/2007,8.890000
08/08/2007,8.880000
08/09/2007,10.010000
08/10/2007,9.450000
08/13/2007,10.330000
08/14/2007,9.250000
08/15/2007,7.870000
08/16/2007,10.220000
08/17/2007,9.730000
08/20/2007,10.170000
08/21/2007,9.930000
08/22/2007,9.020000
08/23/2007,9.090000
08/24/2007,9.040000
08/27/2007,9.110000
08/28/2007,9.370000
08/29/2007,9.200000
08/30/2007,9.520000
08/31/2007,9.270000
09/04/2007,9.370000
09/05/2007,9.900000
09/06/2007,10.320000
09/07/2007,9.950000
09/10/2007,11.500000
09/11/2007,11.300000
09/12/2007,11.640000
09/13/2007,11.850000
09/14/2007,12.230000
09/17/2007,12.120000
09/18/2007,9.620000
09/19/2007,9.250000
09/20/2007,10.430000
09/21/2007,10.680000
09/24/2007,10.480000
09/25/2007,10.580000
09/26/2007,10.910000
09/27/2007,11.150000
09/28/2007,11.020000
10/01/2007,10.890000
10/02/2007,11.200000
10/03/2007,10.910000
10/04/2007,10.960000
10/05/2007,10.110000
10/08/2007,10.660000
10/09/2007,10.690000
10/10/2007,10.240000
10/11/2007,10.410000
10/12/2007,9.480000
10/15/2007,9.760000
10/16/2007,10.030000
10/17/2007,9.770000
10/18/2007,9.820000
10/19/2007,10.590000
10/22/2007,11.020000
10/23/2007,11.260000
10/24/2007,11.720000
10/25/2007,11.310000
10/26/2007,11.510000
10/29/2007,11.770000
10/30/2007,11.770000
10/31/2007,11.220000
11/01/2007,11.750000
11/02/2007,12.190000
11/05/2007,12.520000
11/06/2007,12.290000
11/07/2007,13.010000
11/08/2007,13.100000
11/09/2007,12.950000
11/12/2007,13.060000
11/13/2007,12.390000
11/14/2007,11.790000
11/15/2007,12.090000
11/16/2007,11.350000
11/19/2007,12.850000
11/20/2007,12.920000
11/21/2007,14.430000
11/23/2007,14.770000
11/26/2007,15.970000
11/27/2007,15.960000
11/28/2007,15.160000
11/29/2007,15.520000
11/30/2007,14.950000
12/03/2007,15.510000
12/04/2007,16.160000
12/05/2007,15.810000
12/06/2007,15.800000
12/07/2007,15.030000
12/10/2007,14.200000
12/11/2007,12.830000
12/12/2007,14.910000
12/13/2007,14.730000
12/14/2007,13.860000
12/17/2007,14.410000
12/18/2007,13.320000
12/19/2007,13.100000
12/20/2007,15.940000
12/21/2007,13.810000
12/24/2007,16.010000
12/26/2007,14.340000
12/27/2007,14.150000
12/28/2007,14.620000
12/31/2007,15.080000
01/02/2008,14.430000
01/03/2008,14.370000
01/04/2008,13.950000
01/07/2008,14.430000
01/08/2008,14.120000
01/09/2008,14.080000
01/10/2008,13.860000
01/11/2008,14.060000
01/14/2008,14.120000
01/15/2008,14.230000
01/16/2008,14.690000
01/17/2008,14.940000
01/18/2008,15.480000
01/22/2008,16.970000
01/23/2008,18.660000
01/24/2008,19.530000
01/25/2008,18.530000
01/28/2008,18.760000
01/29/2008,17.450000
01/30/2008,16.310000
01/31/2008,17.620000
02/01/2008,16.400000
02/04/2008,16.680000
02/05/2008,17.740000
02/06/2008,17.330000
02/07/2008,17.040000
02/08/2008,17.630000
02/11/2008,18.430000
02/12/2008,17.890000
02/13/2008,17.600000
02/14/2008,18.470000
02/15/2008,18.220000
02/19/2008,18.620000
02/20/2008,18.840000
02/21/2008,18.580000
02/22/2008,18.540000
02/25/2008,18.370000
02/26/2008,17.530000
02/27/2008,16.990000
02/28/2008,17.410000
02/29/2008,17.860000
03/03/2008,18.330000
03/04/2008,18.790000
03/05/2008,18.020000
03/06/2008,18.480000
03/07/2008,18.720000
03/10/2008,18.780000
03/11/2008,17.690000
03/12/2008,17.700000
03/13/2008,18.050000
03/14/2008,19.200000
03/17/2008,20.020000
03/18/2008,18.310000
03/19/2008,18.480000
03/20/2008,17.710000
03/24/2008,18.200000
03/25/2008,18.220000
03/26/2008,17.460000
03/27/2008,16.930000
03/28/2008,16.330000
03/31/2008,17.280000
04/01/2008,15.970000
04/02/2008,15.570000
04/03/2008,15.080000
04/04/2008,14.400000
04/07/2008,14.660000
04/08/2008,14.400000
04/09/2008,14.570000
04/10/2008,14.460000
04/11/2008,14.140000
04/14/2008,14.120000
04/15/2008,14.330000
04/16/2008,14.370000
04/17/2008,14.590000
04/18/2008,13.910000
04/21/2008,13.540000
04/22/2008,13.520000
04/23/2008,13.700000
04/24/2008,13.700000
04/25/2008,13.280000
04/28/2008,13.950000
04/29/2008,14.060000
04/30/2008,13.560000
05/01/2008,13.150000
05/02/2008,12.960000
05/05/2008,13.490000
05/06/2008,13.400000
05/07/2008,13.330000
05/08/2008,13.800000
05/09/2008,13.170000
05/12/2008,13.390000
05/13/2008,13.230000
05/14/2008,13.720000
05/15/2008,13.000000
05/16/2008,11.960000
05/19/2008,12.570000
05/20/2008,12.610000
05/21/2008,12.860000
05/22/2008,12.380000
05/23/2008,12.170000
05/27/2008,13.420000
05/28/2008,13.510000
05/29/2008,14.360000
05/30/2008,13.760000
06/02/2008,14.520000
06/03/2008,14.380000
06/04/2008,14.340000
06/05/2008,14.350000
06/06/2008,15.060000
06/09/2008,16.490000
06/10/2008,15.870000
06/11/2008,16.000000
06/12/2008,15.250000
06/13/2008,15.490000
06/16/2008,15.270000
06/17/2008,14.260000
06/18/2008,14.090000
06/19/2008,13.670000
06/20/2008,13.410000
06/23/2008,12.980000
06/24/2008,12.970000
06/25/2008,12.210000
06/26/2008,12.440000
06/27/2008,12.200000
06/30/2008,12.300000
07/01/2008,12.240000
07/02/2008,12.790000
07/03/2008,12.240000
07/07/2008,12.230000
07/08/2008,11.560000
07/09/2008,11.200000
07/10/2008,11.560000
07/11/2008,14.840000
07/14/2008,14.570000
07/15/2008,14.840000
07/16/2008,14.110000
07/17/2008,14.340000
07/18/2008,14.020000
07/21/2008,13.690000
07/22/2008,13.540000
07/23/2008,12.990000
07/24/2008,12.500000
07/25/2008,12.270000
07/28/2008,12.830000
07/29/2008,12.400000
07/30/2008,12.350000
07/31/2008,11.670000
08/01/2008,11.450000
08/04/2008,11.680000
08/05/2008,11.620000
08/06/2008,11.710000
08/07/2008,11.440000
08/08/2008,11.090000
08/11/2008,10.670000
08/12/2008,10.540000
08/13/2008,11.260000
08/14/2008,11.140000
08/15/2008,11.380000
08/18/2008,12.210000
08/19/2008,11.930000
08/20/2008,12.060000
08/21/2008,12.160000
08/22/2008,11.860000
08/25/2008,11.690000
08/26/2008,11.830000
08/27/2008,11.460000
08/28/2008,11.560000
08/29/2008,11.830000
09/02/2008,11.860000
09/03/2008,11.730000
09/04/2008,11.960000
09/05/2008,11.730000
09/08/2008,12.980000
09/09/2008,13.320000
09/10/2008,13.260000
09/11/2008,13.180000
09/12/2008,13.550000
09/15/2008,17.740000
09/16/2008,17.510000
09/17/2008,21.210000
09/18/2008,28.090000
09/19/2008,20.190000
09/22/2008,18.690000
09/23/2008,17.730000
09/24/2008,16.820000
09/25/2008,16.770000
09/26/2008,17.410000
09/29/2008,23.680000
09/30/2008,18.180000
10/01/2008,20.190000
10/02/2008,21.070000
10/03/2008,22.530000
10/06/2008,20.580000
10/07/2008,25.180000
10/08/2008,21.060000
10/09/2008,24.190000
10/10/2008,25.940000
10/14/2008,23.800000
10/16/2008,23.140000
10/17/2008,18.490000
10/20/2008,17.620000
10/21/2008,18.510000
10/22/2008,19.740000
10/23/2008,21.270000
10/24/2008,22.090000
10/27/2008,22.560000
10/28/2008,21.990000
10/29/2008,26.980000
10/30/2008,19.050000
10/31/2008,18.050000
11/03/2008,17.220000
11/05/2008,23.870000
11/06/2008,19.430000
11/07/2008,18.970000
11/10/2008,19.610000
11/11/2008,19.740000
11/13/2008,18.640000
11/14/2008,20.620000
11/18/2008,20.140000
11/19/2008,23.350000
11/20/2008,28.720000
11/21/2008,37.450000
11/24/2008,27.940000
11/25/2008,29.330000
11/26/2008,29.670000
11/28/2008,30.660000
12/01/2008,31.860000
12/02/2008,34.170000
12/03/2008,36.710000
12/04/2008,35.950000
12/05/2008,36.400000
12/08/2008,35.100000
12/09/2008,35.220000
12/10/2008,34.610000
12/11/2008,34.040000
12/12/2008,32.790000
12/15/2008,33.910000
12/16/2008,31.610000
12/17/2008,31.230000
12/18/2008,33.500000
12/19/2008,33.100000
12/22/2008,35.430000
12/23/2008,30.760000
12/24/2008,30.070000
12/26/2008,29.780000
12/29/2008,29.160000
12/30/2008,28.300000
12/31/2008,31.190000
01/02/2009,31.120000
01/05/2009,30.640000
01/06/2009,29.710000
01/07/2009,27.500000
01/08/2009,26.890000
01/09/2009,26.220000
01/12/2009,23.590000
01/13/2009,23.340000
01/14/2009,22.810000
01/15/2009,23.040000
01/16/2009,23.680000
01/20/2009,25.890000
01/21/2009,26.470000
01/22/2009,28.350000
01/23/2009,27.020000
01/26/2009,27.180000
01/27/2009,25.440000
01/28/2009,25.420000
01/29/2009,26.530000
01/30/2009,26.600000
02/02/2009,27.880000
02/03/2009,28.190000
02/04/2009,28.330000
02/05/2009,27.970000
02/06/2009,28.220000
02/09/2009,28.740000
02/10/2009,27.950000
02/11/2009,26.120000
02/12/2009,26.030000
02/13/2009,26.260000
02/17/2009,27.770000
02/18/2009,27.370000
02/19/2009,27.970000
02/20/2009,28.170000
02/23/2009,27.990000
02/24/2009,25.820000
02/25/2009,25.310000
02/26/2009,25.800000
02/27/2009,25.890000
03/02/2009,26.660000
03/03/2009,26.540000
03/04/2009,26.080000
03/05/2009,25.820000
03/06/2009,25.490000
03/09/2009,26.300000
03/10/2009,25.410000
03/11/2009,24.880000
03/12/2009,24.740000
03/13/2009,24.940000
03/16/2009,25.820000
03/17/2009,25.630000
03/18/2009,25.540000
03/19/2009,22.580000
03/20/2009,21.940000
03/23/2009,20.780000
03/24/2009,20.230000
03/25/2009,20.850000
03/26/2009,20.210000
03/27/2009,20.110000
03/30/2009,19.740000
03/31/2009,19.150000
04/01/2009,18.660000
04/02/2009,18.670000
04/03/2009,19.340000
04/06/2009,20.140000
04/07/2009,19.220000
04/08/2009,18.610000
04/09/2009,18.660000
04/13/2009,18.510000
04/14/2009,17.360000
04/15/2009,17.010000
04/16/2009,17.240000
04/17/2009,17.460000
04/20/2009,17.890000
04/21/2009,18.040000
04/22/2009,18.760000
04/23/2009,18.760000
04/24/2009,19.040000
04/27/2009,20.530000
04/28/2009,21.380000
04/29/2009,20.780000
04/30/2009,20.300000
05/01/2009,20.870000
05/04/2009,20.940000
05/05/2009,19.810000
05/06/2009,19.720000
05/07/2009,20.700000
05/08/2009,20.120000
05/11/2009,20.260000
05/12/2009,19.540000
05/13/2009,19.270000
05/14/2009,18.490000
05/15/2009,17.910000
05/18/2009,18.030000
05/19/2009,18.050000
05/20/2009,18.130000
05/21/2009,20.030000
05/22/2009,21.160000
05/26/2009,22.230000
05/27/2009,23.060000
05/28/2009,23.060000
05/29/2009,22.030000
06/01/2009,24.250000
06/02/2009,23.540000
06/03/2009,22.420000
06/04/2009,21.390000
06/05/2009,20.790000
06/08/2009,21.470000
06/09/2009,21.270000
06/10/2009,23.580000
06/11/2009,22.710000
06/12/2009,23.840000
06/15/2009,24.230000
06/16/2009,23.300000
06/17/2009,22.920000
06/18/2009,23.600000
06/19/2009,22.680000
06/22/2009,22.280000
06/23/2009,21.680000
06/24/2009,20.520000
06/25/2009,18.740000
06/26/2009,18.110000
06/29/2009,18.780000
06/30/2009,19.300000
07/01/2009,18.940000
07/02/2009,18.450000
07/06/2009,19.560000
07/07/2009,19.730000
07/08/2009,19.240000
07/09/2009,18.880000
07/10/2009,18.970000
07/13/2009,19.030000
07/14/2009,20.340000
07/15/2009,20.800000
07/16/2009,19.630000
07/17/2009,18.550000
07/20/2009,17.920000
07/21/2009,17.150000
07/22/2009,16.950000
07/23/2009,17.110000
07/24/2009,16.930000
07/27/2009,18.130000
07/28/2009,18.250000
07/29/2009,17.920000
07/30/2009,17.620000
07/31/2009,17.990000
08/03/2009,19.810000
08/04/2009,20.130000
08/05/2009,19.670000
08/06/2009,19.510000
08/07/2009,19.500000
08/10/2009,19.620000
08/11/2009,19.770000
08/12/2009,19.670000
08/13/2009,18.760000
08/14/2009,18.650000
08/17/2009,19.610000
08/18/2009,18.580000
08/19/2009,18.480000
08/20/2009,17.840000
08/21/2009,17.550000
08/24/2009,16.500000
08/25/2009,16.550000
08/26/2009,15.870000
08/27/2009,15.910000
08/28/2009,16.110000
08/31/2009,16.490000
09/01/2009,17.240000
09/02/2009,17.100000
09/03/2009,17.170000
09/04/2009,17.100000
09/08/2009,17.880000
09/09/2009,17.320000
09/10/2009,17.280000
09/11/2009,17.430000
09/14/2009,17.970000
09/15/2009,17.190000
09/16/2009,17.340000
09/17/2009,17.570000
09/18/2009,16.970000
09/21/2009,16.730000
09/22/2009,16.420000
09/23/2009,16.570000
09/24/2009,16.250000
09/25/2009,16.030000
09/28/2009,16.500000
09/29/2009,16.620000
09/30/2009,16.470000
10/01/2009,17.090000
10/02/2009,16.130000
10/05/2009,16.460000
10/06/2009,16.590000
10/07/2009,15.690000
10/08/2009,16.080000
10/09/2009,16.330000
10/12/2009,16.570000
10/13/2009,16.510000
10/14/2009,17.130000
10/15/2009,16.950000
10/16/2009,15.790000
10/19/2009,15.540000
10/20/2009,15.040000
10/21/2009,15.650000
10/22/2009,15.480000
10/23/2009,16.010000
10/26/2009,16.670000
10/27/2009,16.130000
10/28/2009,16.080000
10/29/2009,16.570000
10/30/2009,16.620000
11/02/2009,16.970000
11/03/2009,17.480000
11/04/2009,16.720000
11/05/2009,16.270000
11/06/2009,15.290000
11/09/2009,15.610000
11/10/2009,15.220000
11/11/2009,15.340000
11/12/2009,14.950000
11/13/2009,14.340000
11/16/2009,14.610000
11/17/2009,13.380000
11/18/2009,13.100000
11/19/2009,12.930000
11/20/2009,12.640000
11/23/2009,12.720000
11/24/2009,12.190000
11/25/2009,12.270000
11/27/2009,13.470000
11/30/2009,13.800000
12/01/2009,13.580000
12/02/2009,13.300000
12/03/2009,13.740000
12/04/2009,13.160000
12/07/2009,13.270000
12/08/2009,12.890000
12/09/2009,12.260000
12/10/2009,12.360000
12/11/2009,12.630000
12/14/2009,12.460000
12/15/2009,12.170000
12/16/2009,11.530000
12/17/2009,11.790000
12/18/2009,12.060000
12/21/2009,12.320000
12/22/2009,12.390000
12/23/2009,12.380000
12/24/2009,12.420000
12/28/2009,14.060000
12/29/2009,13.800000
12/30/2009,13.410000
12/31/2009,13.440000
01/04/2010,14.200000
01/05/2010,13.540000
01/06/2010,14.010000
01/07/2010,13.830000
01/08/2010,13.350000
01/11/2010,12.730000
01/12/2010,12.440000
01/13/2010,12.690000
01/14/2010,12.370000
01/15/2010,11.930000
01/19/2010,11.660000
01/20/2010,11.190000
01/21/2010,11.460000
01/22/2010,11.840000
01/25/2010,12.000000
01/26/2010,12.100000
01/27/2010,11.880000
01/28/2010,11.520000
01/29/2010,11.580000
02/01/2010,12.080000
02/02/2010,11.670000
02/03/2010,12.100000
02/04/2010,12.810000
02/05/2010,12.840000
02/08/2010,13.020000
02/09/2010,13.340000
02/10/2010,13.570000
02/11/2010,13.290000
02/12/2010,12.510000
02/16/2010,12.760000
02/17/2010,12.730000
02/18/2010,12.640000
02/19/2010,12.340000
02/22/2010,11.010000
02/23/2010,11.520000
02/24/2010,11.060000
02/25/2010,11.250000
02/26/2010,10.890000
03/01/2010,11.650000
03/02/2010,11.680000
03/03/2010,11.760000
03/04/2010,11.150000
03/05/2010,11.250000
03/08/2010,11.610000
03/09/2010,11.200000
03/10/2010,11.040000
03/11/2010,11.130000
03/12/2010,10.990000
03/15/2010,11.000000
03/16/2010,11.100000
03/17/2010,10.940000
03/18/2010,10.940000
03/19/2010,10.790000
03/22/2010,10.460000
03/23/2010,10.310000
03/24/2010,11.450000
03/25/2010,12.090000
03/26/2010,11.520000
03/29/2010,12.180000
03/30/2010,12.250000
03/31/2010,11.820000
04/01/2010,11.880000
04/05/2010,11.710000
04/06/2010,11.880000
04/07/2010,11.940000
04/08/2010,11.390000
04/09/2010,11.090000
04/12/2010,10.580000
04/13/2010,10.820000
04/14/2010,10.440000
04/15/2010,10.230000
04/16/2010,10.060000
04/19/2010,10.390000
04/20/2010,10.260000
04/21/2010,10.500000
04/22/2010,11.090000
04/23/2010,11.050000
04/26/2010,11.510000
04/27/2010,13.280000
04/28/2010,13.030000
04/29/2010,11.870000
04/30/2010,12.580000
05/03/2010,12.020000
05/04/2010,14.040000
05/05/2010,14.980000
05/06/2010,21.420000
05/07/2010,22.570000
05/10/2010,16.730000
05/11/2010,15.650000
05/12/2010,14.060000
05/13/2010,11.910000
05/14/2010,19.290000
05/17/2010,21.540000
05/18/2010,22.050000
05/19/2010,22.360000
05/20/2010,25.130000
05/21/2010,23.990000
05/24/2010,21.740000
05/25/2010,20.890000
05/26/2010,19.700000
05/27/2010,18.520000
05/28/2010,19.590000
06/01/2010,20.560000
06/02/2010,18.900000
06/03/2010,18.010000
06/04/2010,19.270000
06/07/2010,20.980000
06/08/2010,21.300000
06/09/2010,20.630000
06/10/2010,19.200000
06/11/2010,19.170000
06/14/2010,17.990000
06/15/2010,17.530000
06/16/2010,17.050000
06/17/2010,16.880000
06/18/2010,16.090000
06/21/2010,14.340000
06/22/2010,15.060000
06/23/2010,15.110000
06/24/2010,16.180000
06/25/2010,16.170000
06/28/2010,16.280000
06/29/2010,17.730000
06/30/2010,17.230000
07/01/2010,16.810000
07/02/2010,15.640000
07/06/2010,15.700000
07/07/2010,15.430000
07/08/2010,15.300000
07/09/2010,14.610000
07/12/2010,14.030000
07/13/2010,13.990000
07/14/2010,14.990000
07/15/2010,14.480000
07/16/2010,14.090000
07/19/2010,13.460000
07/20/2010,13.700000
07/21/2010,14.890000
07/22/2010,14.010000
07/23/2010,14.120000
07/26/2010,13.720000
07/27/2010,14.470000
07/28/2010,14.180000
07/29/2010,13.940000
07/30/2010,14.710000
08/02/2010,14.360000
08/03/2010,15.420000
08/04/2010,15.780000
08/05/2010,15.770000
08/06/2010,15.290000
08/09/2010,15.380000
08/10/2010,15.160000
08/11/2010,15.480000
08/12/2010,16.080000
08/13/2010,16.450000
08/16/2010,18.450000
08/17/2010,18.700000
08/18/2010,19.270000
08/19/2010,20.000000
08/20/2010,19.420000
08/23/2010,19.200000
08/24/2010,19.800000
08/25/2010,21.160000
08/26/2010,21.240000
08/27/2010,20.720000
08/30/2010,21.400000
08/31/2010,21.560000
09/01/2010,20.630000
09/02/2010,19.770000
09/03/2010,17.990000
09/07/2010,19.110000
09/08/2010,18.630000
09/09/2010,18.390000
09/10/2010,18.120000
09/13/2010,18.270000
09/14/2010,18.610000
09/15/2010,18.380000
09/16/2010,17.680000
09/17/2010,17.650000
09/20/2010,18.010000
09/21/2010,16.840000
09/22/2010,16.620000
09/23/2010,16.460000
09/24/2010,15.890000
09/27/2010,16.320000
09/28/2010,16.600000
09/29/2010,16.610000
09/30/2010,16.930000
10/01/2010,16.750000
10/04/2010,17.120000
10/05/2010,16.810000
10/06/2010,16.390000
10/07/2010,16.970000
10/08/2010,15.540000
10/11/2010,14.580000
10/12/2010,14.180000
10/13/2010,14.940000
10/14/2010,16.380000
10/15/2010,16.740000
10/18/2010,16.600000
10/19/2010,16.990000
10/20/2010,16.470000
10/21/2010,17.490000
10/22/2010,17.260000
10/25/2010,17.780000
10/26/2010,18.560000
10/27/2010,17.880000
10/28/2010,18.260000
10/29/2010,18.400000
11/01/2010,18.440000
11/02/2010,17.890000
11/03/2010,16.230000
11/04/2010,16.270000
11/05/2010,15.910000
11/08/2010,16.280000
11/09/2010,17.470000
11/10/2010,17.470000
11/11/2010,18.100000
11/12/2010,18.670000
11/15/2010,18.880000
11/16/2010,19.130000
11/17/2010,18.290000
11/18/2010,18.550000
11/19/2010,17.610000
11/22/2010,17.530000
11/23/2010,17.060000
11/24/2010,18.410000
11/26/2010,18.920000
11/29/2010,18.780000
11/30/2010,18.450000
12/01/2010,18.750000
12/02/2010,18.370000
12/03/2010,17.880000
12/06/2010,18.420000
12/07/2010,18.990000
12/08/2010,18.160000
12/09/2010,17.460000
12/10/2010,17.470000
12/13/2010,17.290000
12/14/2010,18.090000
12/15/2010,17.450000
12/16/2010,17.450000
12/17/2010,16.780000
12/20/2010,15.740000
12/21/2010,14.660000
12/22/2010,15.020000
12/23/2010,15.630000
12/27/2010,15.570000
12/28/2010,16.040000
12/29/2010,16.240000
12/30/2010,16.150000
12/31/2010,17.040000
01/03/2011,17.500000
01/04/2011,17.020000
01/05/2011,17.510000
01/06/2011,17.860000
01/07/2011,16.290000
01/10/2011,16.450000
01/11/2011,15.950000
01/12/2011,15.750000
01/13/2011,15.410000
01/14/2011,15.070000
01/18/2011,16.600000
01/19/2011,16.640000
01/20/2011,16.470000
01/21/2011,15.900000
01/24/2011,15.200000
01/25/2011,15.850000
01/26/2011,15.610000
01/27/2011,15.520000
01/28/2011,16.420000
01/31/2011,16.550000
02/01/2011,16.570000
02/02/2011,16.560000
02/03/2011,16.210000
02/04/2011,15.440000
02/07/2011,15.420000
02/08/2011,15.150000
02/09/2011,15.170000
02/10/2011,14.980000
02/11/2011,15.080000
02/14/2011,15.100000
02/15/2011,14.270000
02/16/2011,14.700000
02/17/2011,14.580000
02/18/2011,14.570000
02/22/2011,16.080000
02/23/2011,15.350000
02/24/2011,14.840000
02/25/2011,14.560000
02/28/2011,14.580000
03/01/2011,15.080000
03/02/2011,15.220000
03/03/2011,14.740000
03/04/2011,13.910000
03/07/2011,14.510000
03/08/2011,14.170000
03/09/2011,13.960000
03/10/2011,13.690000
03/11/2011,13.580000
03/14/2011,14.520000
03/15/2011,15.540000
03/16/2011,17.010000
03/17/2011,16.520000
03/18/2011,15.530000
03/21/2011,14.690000
03/22/2011,14.200000
03/23/2011,14.240000
03/24/2011,13.660000
03/25/2011,13.700000
03/28/2011,13.700000
03/29/2011,13.260000
03/30/2011,13.410000
03/31/2011,13.360000
04/01/2011,12.780000
04/04/2011,12.750000
04/05/2011,12.980000
04/06/2011,12.900000
04/07/2011,12.590000
04/08/2011,12.770000
04/11/2011,12.340000
04/12/2011,12.210000
04/13/2011,12.230000
04/14/2011,12.030000
04/15/2011,13.120000
04/18/2011,13.800000
04/19/2011,12.760000
04/20/2011,12.470000
04/21/2011,12.400000
04/25/2011,12.960000
04/26/2011,14.310000
04/27/2011,13.210000
04/28/2011,12.620000
04/29/2011,13.130000
05/02/2011,13.740000
05/03/2011,13.280000
05/04/2011,13.910000
05/05/2011,15.170000
05/06/2011,15.100000
05/09/2011,14.870000
05/10/2011,14.070000
05/11/2011,14.970000
05/12/2011,14.160000
05/13/2011,14.210000
05/16/2011,14.200000
05/17/2011,14.260000
05/18/2011,13.470000
05/19/2011,13.270000
05/20/2011,13.710000
05/23/2011,14.320000
05/24/2011,13.640000
05/25/2011,13.620000
05/26/2011,12.780000
05/27/2011,12.550000
05/31/2011,13.180000
06/01/2011,14.220000
06/02/2011,14.440000
06/03/2011,14.070000
06/06/2011,14.640000
06/07/2011,14.430000
06/08/2011,14.170000
06/09/2011,15.190000
06/10/2011,14.630000
06/13/2011,14.510000
06/14/2011,14.170000
06/15/2011,16.100000
06/16/2011,16.520000
06/17/2011,15.960000
06/20/2011,15.910000
06/21/2011,15.340000
06/22/2011,14.610000
06/23/2011,15.160000
06/24/2011,15.960000
06/27/2011,16.280000
06/28/2011,15.160000
06/29/2011,14.460000
06/30/2011,14.430000
07/01/2011,13.970000
07/05/2011,14.810000
07/06/2011,15.250000
07/07/2011,15.170000
07/08/2011,13.940000
07/11/2011,14.070000
07/12/2011,14.580000
07/13/2011,14.260000
07/14/2011,15.240000
07/15/2011,14.860000
07/18/2011,15.190000
07/19/2011,15.970000
07/20/2011,15.870000
07/21/2011,15.810000
07/22/2011,15.910000
07/25/2011,17.700000
07/26/2011,18.140000
07/27/2011,18.940000
07/28/2011,18.010000
07/29/2011,19.070000
08/01/2011,18.150000
08/02/2011,19.270000
08/03/2011,19.320000
08/04/2011,23.980000
08/05/2011,23.320000
08/08/2011,28.960000
08/09/2011,27.930000
08/10/2011,30.120000
08/11/2011,27.950000
08/12/2011,27.520000
08/15/2011,25.830000
08/16/2011,25.580000
08/17/2011,24.220000
08/18/2011,29.150000
08/19/2011,29.970000
08/22/2011,28.940000
08/23/2011,27.300000
08/24/2011,26.370000
08/25/2011,27.870000
08/26/2011,25.960000
08/29/2011,24.260000
08/30/2011,24.770000
08/31/2011,23.300000
09/01/2011,23.730000
09/02/2011,25.980000
09/06/2011,27.270000
09/07/2011,25.620000
09/08/2011,25.220000
09/09/2011,26.170000
09/12/2011,28.230000
09/13/2011,26.880000
09/14/2011,26.850000
09/15/2011,24.930000
09/16/2011,24.580000
09/19/2011,25.620000
09/20/2011,25.050000
09/21/2011,23.680000
09/22/2011,29.260000
09/23/2011,27.950000
09/26/2011,27.130000
09/27/2011,26.420000
09/28/2011,26.820000
09/29/2011,21.070000
09/30/2011,26.000000
10/03/2011,24.440000
10/04/2011,23.160000
10/05/2011,27.800000
10/06/2011,26.410000
10/07/2011,26.380000
10/10/2011,26.760000
10/11/2011,25.300000
10/12/2011,24.880000
10/13/2011,24.430000
10/14/2011,20.240000
10/17/2011,24.520000
10/18/2011,24.930000
10/19/2011,24.740000
10/20/2011,23.980000
10/21/2011,23.240000
10/24/2011,22.330000
10/25/2011,23.290000
10/26/2011,22.740000
10/27/2011,22.350000
10/28/2011,22.220000
10/31/2011,25.400000
11/01/2011,27.660000
11/02/2011,24.890000
11/03/2011,24.830000
11/04/2011,24.440000
11/07/2011,24.550000
11/08/2011,24.030000
11/09/2011,25.580000
11/10/2011,24.540000
11/11/2011,24.210000
11/14/2011,24.820000
11/15/2011,23.820000
11/16/2011,23.500000
11/17/2011,24.540000
11/18/2011,22.760000
11/21/2011,23.860000
11/22/2011,22.930000
11/23/2011,23.550000
11/25/2011,23.550000
11/28/2011,23.940000
11/29/2011,23.200000
11/30/2011,21.770000
12/01/2011,21.140000
12/02/2011,20.600000
12/05/2011,21.170000
12/06/2011,20.700000
12/07/2011,21.170000
12/08/2011,21.670000
12/09/2011,21.710000
12/12/2011,21.960000
12/13/2011,20.320000
12/14/2011,20.050000
12/15/2011,18.340000
12/16/2011,18.610000
12/19/2011,19.350000
12/20/2011,19.040000
12/21/2011,18.830000
12/22/2011,18.530000
12/23/2011,18.330000
12/27/2011,19.250000
12/28/2011,19.520000
12/29/2011,19.260000
12/30/2011,19.340000
01/03/2012,19.400000
01/04/2012,18.840000
01/05/2012,18.910000
01/06/2012,18.130000
01/09/2012,18.060000
01/10/2012,18.060000
01/11/2012,18.310000
01/12/2012,18.250000
01/13/2012,18.380000
01/17/2012,18.210000
01/18/2012,17.650000
01/19/2012,17.770000
01/20/2012,18.530000
01/23/2012,19.260000
01/24/2012,18.870000
01/25/2012,17.880000
01/26/2012,17.140000
01/27/2012,16.500000
01/30/2012,18.140000
01/31/2012,18.200000
02/01/2012,17.280000
02/02/2012,17.110000
02/03/2012,18.290000
02/06/2012,18.240000
02/07/2012,18.840000
02/08/2012,19.380000
02/09/2012,18.180000
02/10/2012,17.820000
02/13/2012,17.580000
02/14/2012,17.090000
02/15/2012,16.880000
02/16/2012,17.210000
02/17/2012,17.120000
02/21/2012,17.380000
02/22/2012,16.620000
02/23/2012,16.510000
02/24/2012,16.090000
02/27/2012,15.970000
02/28/2012,15.870000
02/29/2012,16.440000
03/01/2012,16.420000
03/02/2012,15.990000
03/05/2012,16.480000
03/06/2012,16.410000
03/07/2012,15.680000
03/08/2012,16.160000
03/09/2012,15.130000
03/12/2012,13.960000
03/13/2012,15.010000
03/14/2012,17.230000
03/15/2012,16.020000
03/16/2012,16.060000
03/19/2012,16.900000
03/20/2012,17.280000
03/21/2012,16.670000
03/22/2012,16.690000
03/23/2012,15.790000
03/26/2012,16.140000
03/27/2012,16.030000
03/28/2012,16.120000
03/29/2012,15.930000
03/30/2012,16.600000
04/02/2012,17.040000
04/03/2012,18.080000
04/04/2012,17.660000
04/05/2012,17.440000
04/09/2012,16.800000
04/10/2012,17.330000
04/11/2012,17.200000
04/12/2012,16.830000
04/13/2012,16.860000
04/16/2012,16.980000
04/17/2012,16.360000
04/18/2012,15.990000
04/19/2012,15.670000
04/20/2012,14.890000
04/23/2012,15.550000
04/24/2012,15.980000
04/25/2012,15.070000
04/26/2012,14.020000
04/27/2012,13.710000
04/30/2012,13.900000
05/01/2012,14.710000
05/02/2012,14.710000
05/03/2012,14.480000
05/04/2012,14.080000
05/07/2012,14.270000
05/08/2012,14.640000
05/09/2012,14.770000
05/10/2012,14.200000
05/11/2012,15.570000
05/14/2012,18.680000
05/15/2012,17.990000
05/16/2012,18.000000
05/17/2012,19.990000
05/18/2012,19.060000
05/21/2012,18.850000
05/22/2012,17.770000
05/23/2012,18.950000
05/24/2012,17.870000
05/25/2012,17.740000
05/29/2012,17.520000
05/30/2012,19.420000
05/31/2012,20.290000
06/01/2012,23.190000
06/04/2012,22.490000
06/05/2012,21.060000
06/06/2012,20.200000
06/07/2012,19.260000
06/08/2012,19.620000
06/11/2012,20.710000
06/12/2012,20.760000
06/13/2012,21.310000
06/14/2012,20.430000
06/15/2012,20.360000
06/18/2012,18.450000
06/19/2012,17.600000
06/20/2012,16.680000
06/21/2012,16.740000
06/22/2012,15.880000
06/25/2012,16.270000
06/26/2012,15.900000
06/27/2012,15.990000
06/28/2012,15.970000
06/29/2012,15.590000
07/02/2012,15.540000
07/03/2012,15.540000
07/05/2012,15.640000
07/06/2012,15.130000
07/09/2012,15.820000
07/10/2012,15.780000
07/11/2012,15.900000
07/12/2012,15.800000
07/13/2012,15.010000
07/16/2012,15.500000
07/17/2012,15.510000
07/18/2012,15.090000
07/19/2012,14.780000
07/20/2012,14.520000
07/23/2012,15.790000
07/24/2012,16.160000
07/25/2012,16.340000
07/26/2012,16.090000
07/27/2012,16.270000
07/30/2012,16.730000
07/31/2012,16.940000
08/01/2012,16.790000
08/02/2012,15.960000
08/03/2012,15.310000
08/06/2012,15.480000
08/07/2012,15.650000
08/08/2012,15.690000
08/09/2012,15.150000
08/10/2012,14.820000
08/13/2012,14.460000
08/14/2012,15.080000
08/15/2012,15.570000
08/16/2012,16.210000
08/17/2012,15.610000
08/20/2012,15.690000
08/21/2012,15.320000
08/22/2012,14.960000
08/23/2012,15.360000
08/24/2012,15.630000
08/27/2012,16.000000
08/28/2012,16.130000
08/29/2012,16.030000
08/30/2012,16.350000
08/31/2012,16.000000
09/04/2012,16.300000
09/05/2012,15.770000
09/06/2012,15.650000
09/07/2012,15.430000
09/10/2012,16.260000
09/11/2012,15.930000
09/12/2012,16.990000
09/13/2012,16.270000
09/14/2012,18.560000
09/17/2012,18.210000
09/18/2012,16.640000
09/19/2012,16.510000
09/20/2012,16.710000
09/21/2012,15.750000
09/24/2012,15.760000
09/25/2012,15.840000
09/26/2012,16.060000
09/27/2012,15.920000
09/28/2012,15.780000
10/01/2012,16.440000
10/02/2012,16.000000
10/03/2012,16.040000
10/04/2012,16.150000
10/05/2012,15.830000
10/08/2012,16.190000
10/09/2012,16.410000
10/10/2012,16.230000
10/11/2012,16.280000
10/12/2012,16.390000
10/15/2012,16.510000
10/16/2012,16.700000
10/17/2012,17.250000
10/18/2012,17.160000
10/19/2012,17.080000
10/22/2012,17.160000
10/23/2012,17.050000
10/24/2012,16.410000
10/25/2012,17.150000
10/26/2012,17.170000
10/31/2012,17.040000
11/01/2012,17.110000
11/02/2012,16.470000
11/05/2012,16.710000
11/06/2012,16.970000
11/07/2012,16.230000
11/08/2012,15.430000
11/09/2012,14.950000
11/12/2012,14.790000
11/13/2012,14.300000
11/14/2012,14.750000
11/15/2012,15.270000
11/16/2012,14.960000
11/19/2012,14.780000
11/20/2012,13.340000
11/21/2012,13.430000
11/23/2012,16.300000
11/26/2012,13.690000
11/27/2012,13.310000
11/28/2012,13.590000
11/29/2012,13.280000
11/30/2012,13.400000
12/03/2012,13.590000
12/04/2012,13.190000
12/05/2012,13.240000
12/06/2012,13.590000
12/07/2012,13.110000
12/10/2012,13.390000
12/11/2012,13.390000
12/12/2012,13.120000
12/13/2012,13.920000
12/14/2012,13.350000
12/17/2012,14.350000
12/18/2012,14.160000
12/19/2012,13.730000
12/20/2012,13.820000
12/21/2012,13.500000
12/24/2012,13.500000
12/26/2012,13.670000
12/27/2012,14.010000
12/28/2012,14.410000
12/31/2012,14.080000
01/02/2013,13.940000
01/03/2013,14.320000
01/04/2013,13.990000
01/07/2013,13.740000
01/08/2013,13.070000
01/09/2013,12.880000
01/10/2013,12.900000
01/11/2013,12.910000
01/14/2013,12.540000
01/15/2013,12.230000
01/16/2013,12.690000
01/17/2013,12.950000
01/18/2013,12.710000
01/22/2013,12.930000
01/23/2013,12.720000
01/24/2013,12.670000
01/25/2013,13.820000
01/28/2013,14.670000
01/29/2013,15.020000
01/30/2013,14.650000
01/31/2013,14.750000
02/01/2013,14.820000
02/04/2013,14.600000
02/05/2013,14.660000
02/06/2013,14.330000
02/07/2013,13.960000
02/08/2013,13.070000
02/11/2013,13.110000
02/12/2013,13.070000
02/13/2013,13.510000
02/14/2013,13.240000
02/15/2013,13.000000
02/19/2013,13.770000
02/20/2013,13.890000
02/21/2013,13.920000
02/22/2013,13.620000
02/25/2013,13.940000
02/26/2013,13.650000
02/27/2013,13.460000
02/28/2013,12.970000
03/01/2013,12.980000
03/04/2013,13.020000
03/05/2013,12.880000
03/06/2013,12.850000
03/07/2013,13.470000
03/08/2013,12.870000
03/11/2013,12.490000
03/12/2013,12.430000
03/13/2013,11.790000
03/14/2013,12.010000
03/15/2013,11.670000
03/18/2013,12.050000
03/19/2013,12.550000
03/20/2013,12.380000
03/21/2013,12.740000
03/22/2013,12.460000
03/25/2013,12.400000
03/26/2013,11.890000
03/27/2013,12.220000
03/28/2013,11.790000
04/01/2013,12.420000
04/02/2013,12.150000
04/03/2013,12.430000
04/04/2013,12.890000
04/05/2013,12.870000
04/08/2013,12.880000
04/09/2013,12.320000
04/10/2013,12.340000
04/11/2013,12.430000
04/12/2013,12.710000
04/15/2013,14.240000
04/16/2013,13.180000
04/17/2013,13.650000
04/18/2013,13.200000
04/19/2013,12.860000
04/22/2013,12.560000
04/23/2013,12.470000
04/24/2013,12.250000
04/25/2013,12.000000
04/26/2013,12.130000
04/29/2013,12.560000
04/30/2013,12.480000
05/01/2013,12.970000
05/02/2013,12.610000
05/03/2013,11.990000
05/06/2013,11.960000
05/07/2013,12.040000
05/08/2013,11.830000
05/09/2013,12.340000
05/10/2013,12.730000
05/13/2013,14.360000
05/14/2013,14.750000
05/15/2013,14.870000
05/16/2013,14.400000
05/17/2013,14.200000
05/20/2013,14.800000
05/21/2013,14.880000
05/22/2013,15.410000
05/23/2013,15.270000
05/24/2013,14.940000
05/28/2013,15.620000
05/29/2013,15.980000
05/30/2013,16.180000
05/31/2013,16.690000
06/03/2013,16.600000
06/04/2013,16.800000
06/05/2013,17.210000
06/06/2013,16.950000
06/07/2013,15.680000
06/10/2013,15.980000
06/11/2013,16.170000
06/12/2013,16.750000
06/13/2013,16.940000
06/14/2013,16.550000
06/17/2013,16.400000
06/18/2013,16.300000
06/19/2013,15.610000
06/20/2013,16.940000
06/21/2013,18.160000
06/24/2013,18.690000
06/25/2013,17.970000
06/26/2013,17.390000
06/27/2013,16.450000
06/28/2013,16.100000
07/01/2013,15.750000
07/02/2013,15.780000
07/03/2013,16.370000
07/05/2013,16.170000
07/08/2013,16.490000
07/09/2013,16.210000
07/10/2013,16.360000
07/11/2013,15.560000
07/12/2013,15.410000
07/15/2013,15.370000
07/16/2013,15.230000
07/17/2013,14.610000
07/18/2013,14.370000
07/19/2013,13.700000
07/22/2013,13.810000
07/23/2013,13.950000
07/24/2013,14.540000
07/25/2013,14.410000
07/26/2013,14.450000
07/29/2013,15.340000
07/30/2013,15.350000
07/31/2013,15.730000
08/01/2013,16.080000
08/02/2013,14.560000
08/05/2013,14.950000
08/06/2013,14.680000
08/07/2013,14.660000
08/08/2013,14.440000
08/09/2013,13.740000
08/12/2013,13.890000
08/13/2013,14.700000
08/14/2013,15.000000
08/15/2013,16.040000
08/16/2013,16.570000
08/19/2013,17.310000
08/20/2013,16.950000
08/21/2013,16.890000
08/22/2013,16.410000
08/23/2013,15.760000
08/26/2013,15.780000
08/27/2013,16.140000
08/28/2013,16.600000
08/29/2013,16.690000
08/30/2013,16.810000
09/03/2013,17.700000
09/04/2013,17.080000
09/05/2013,17.120000
09/06/2013,16.180000
09/09/2013,15.910000
09/10/2013,15.600000
09/11/2013,15.020000
09/12/2013,15.010000
09/13/2013,14.890000
09/16/2013,15.200000
09/17/2013,14.630000
09/18/2013,14.760000
09/19/2013,14.500000
09/20/2013,13.790000
09/23/2013,13.790000
09/24/2013,13.890000
09/25/2013,13.910000
09/26/2013,14.230000
09/27/2013,14.330000
09/30/2013,15.690000
10/01/2013,15.250000
10/02/2013,14.780000
10/03/2013,14.740000
10/04/2013,14.540000
10/07/2013,15.100000
10/08/2013,15.720000
10/09/2013,14.990000
10/10/2013,14.710000
10/11/2013,14.260000
10/14/2013,14.530000
10/15/2013,14.730000
10/16/2013,14.490000
10/17/2013,13.580000
10/18/2013,13.090000
10/21/2013,13.190000
10/22/2013,12.180000
10/23/2013,11.720000
10/24/2013,11.740000
10/25/2013,11.420000
10/28/2013,11.430000
10/29/2013,11.680000
10/30/2013,11.370000
10/31/2013,11.790000
11/01/2013,12.260000
11/04/2013,11.980000
11/05/2013,12.330000
11/06/2013,11.890000
11/07/2013,11.930000
11/08/2013,12.440000
11/11/2013,12.850000
11/12/2013,12.370000
11/13/2013,13.030000
11/14/2013,12.070000
11/15/2013,11.230000
11/18/2013,10.980000
11/19/2013,11.390000
11/20/2013,13.080000
11/21/2013,13.080000
11/22/2013,12.310000
11/25/2013,12.460000
11/26/2013,12.920000
11/27/2013,12.960000
11/29/2013,13.230000
12/02/2013,13.760000
12/03/2013,13.560000
12/04/2013,13.740000
12/05/2013,13.700000
12/06/2013,12.850000
12/09/2013,12.610000
12/10/2013,12.370000
12/11/2013,12.860000
12/12/2013,12.770000
12/13/2013,12.360000
12/16/2013,12.440000
12/17/2013,12.500000
12/18/2013,11.770000
12/19/2013,11.380000
12/20/2013,11.310000
12/23/2013,11.200000
12/24/2013,11.300000
12/26/2013,11.540000
12/27/2013,11.620000
12/30/2013,11.590000
12/31/2013,11.520000
01/02/2014,11.610000
01/03/2014,11.450000
01/06/2014,11.460000
01/07/2014,10.970000
01/08/2014,10.930000
01/09/2014,10.300000
01/10/2014,9.620000
01/13/2014,8.940000
01/14/2014,9.250000
01/15/2014,9.540000
01/16/2014,9.250000
01/17/2014,9.300000
01/21/2014,9.540000
01/22/2014,9.480000
01/23/2014,10.000000
01/24/2014,10.840000
01/27/2014,11.330000
01/28/2014,10.770000
01/29/2014,10.750000
01/30/2014,10.490000
01/31/2014,11.130000
02/03/2014,12.480000
02/04/2014,12.410000
02/05/2014,12.360000
02/06/2014,11.990000
02/07/2014,11.030000
02/10/2014,11.010000
02/11/2014,10.830000
02/12/2014,10.640000
02/13/2014,10.390000
02/14/2014,10.190000
02/18/2014,10.930000
02/19/2014,11.030000
02/20/2014,10.820000
02/21/2014,10.640000
02/24/2014,10.530000
02/25/2014,10.780000
02/26/2014,11.180000
02/27/2014,11.060000
02/28/2014,10.910000
03/03/2014,11.480000
03/04/2014,11.170000
03/05/2014,10.920000
03/06/2014,10.490000
03/07/2014,10.080000
03/10/2014,9.900000
03/11/2014,9.860000
03/12/2014,10.120000
03/13/2014,10.920000
03/14/2014,11.950000
03/17/2014,11.370000
03/18/2014,11.060000
03/19/2014,10.840000
03/20/2014,9.950000
03/21/2014,10.160000
03/24/2014,10.390000
03/25/2014,10.260000
03/26/2014,10.680000
03/27/2014,11.120000
03/28/2014,11.360000
03/31/2014,11.680000
04/01/2014,11.280000
04/02/2014,11.250000
04/03/2014,11.310000
04/04/2014,9.900000
04/07/2014,9.980000
04/08/2014,10.020000
04/09/2014,9.880000
04/10/2014,10.360000
04/11/2014,11.360000
04/14/2014,11.730000
04/15/2014,11.850000
04/16/2014,11.460000
04/17/2014,11.270000
04/21/2014,11.400000
04/22/2014,11.080000
04/23/2014,11.210000
04/24/2014,11.490000
04/25/2014,11.840000
04/28/2014,12.180000
04/29/2014,11.810000
04/30/2014,11.690000
05/01/2014,11.590000
05/02/2014,11.110000
05/05/2014,11.560000
05/06/2014,11.650000
05/07/2014,11.400000
05/08/2014,11.160000
05/09/2014,11.110000
05/12/2014,11.250000
05/13/2014,11.000000
05/14/2014,11.690000
05/15/2014,12.550000
05/16/2014,11.950000
05/19/2014,11.940000
05/20/2014,11.890000
05/21/2014,11.520000
05/22/2014,11.100000
05/23/2014,10.860000
05/27/2014,11.130000
05/28/2014,12.100000
05/29/2014,11.680000
05/30/2014,11.350000
06/02/2014,12.070000
06/03/2014,11.730000
06/04/2014,11.660000
06/05/2014,11.380000
06/06/2014,10.580000
06/09/2014,10.240000
06/10/2014,10.200000
06/11/2014,10.180000
06/12/2014,10.140000
06/13/2014,10.310000
06/16/2014,10.390000
06/17/2014,10.790000
06/18/2014,9.900000
06/19/2014,10.640000
06/20/2014,10.580000
06/23/2014,10.610000
06/24/2014,10.720000
06/25/2014,10.760000
06/26/2014,10.510000
06/27/2014,10.730000
06/30/2014,10.990000
07/01/2014,11.070000
07/02/2014,10.930000
07/03/2014,10.170000
07/07/2014,10.500000
07/08/2014,10.590000
07/09/2014,10.640000
07/10/2014,10.790000
07/11/2014,10.800000
07/14/2014,11.040000
07/15/2014,10.380000
07/16/2014,10.350000
07/17/2014,11.200000
07/18/2014,10.890000
07/21/2014,11.230000
07/22/2014,11.110000
07/23/2014,11.110000
07/24/2014,10.870000
07/25/2014,11.160000
07/28/2014,11.500000
07/29/2014,11.690000
07/30/2014,11.280000
07/31/2014,11.980000
08/01/2014,11.690000
08/04/2014,11.680000
08/05/2014,11.820000
08/06/2014,12.030000
08/07/2014,12.550000
08/08/2014,12.920000
08/11/2014,12.670000
08/12/2014,12.510000
08/13/2014,12.090000
08/14/2014,12.170000
08/15/2014,13.190000
08/18/2014,12.450000
08/19/2014,12.470000
08/20/2014,12.300000
08/21/2014,11.820000
08/22/2014,11.820000
08/25/2014,11.580000
08/26/2014,11.440000
08/27/2014,11.690000
08/28/2014,12.200000
08/29/2014,12.390000
09/02/2014,12.970000
09/03/2014,12.740000
09/04/2014,12.730000
09/05/2014,11.900000
09/08/2014,12.450000
09/09/2014,12.520000
09/10/2014,12.670000
09/11/2014,12.230000
09/12/2014,12.700000
09/15/2014,13.040000
09/16/2014,13.120000
09/17/2014,11.760000
09/18/2014,11.750000
09/19/2014,11.270000
09/22/2014,11.600000
09/23/2014,11.620000
09/24/2014,11.710000
09/25/2014,12.090000
09/26/2014,12.320000
09/29/2014,12.870000
09/30/2014,12.470000
10/01/2014,12.920000
10/02/2014,12.790000
10/03/2014,12.230000
10/06/2014,12.420000
10/07/2014,13.480000
10/08/2014,13.430000
10/09/2014,13.480000
10/10/2014,13.800000
10/13/2014,14.990000
10/14/2014,15.970000
10/15/2014,19.710000
10/16/2014,17.140000
10/17/2014,15.590000
10/20/2014,14.840000
10/21/2014,14.500000
10/22/2014,14.640000
10/23/2014,14.130000
10/24/2014,14.420000
10/27/2014,14.010000
10/28/2014,12.860000
10/29/2014,13.210000
10/30/2014,12.900000
10/31/2014,12.960000
11/03/2014,12.970000
11/04/2014,13.480000
11/05/2014,13.300000
11/06/2014,12.660000
11/07/2014,12.100000
11/10/2014,12.280000
11/11/2014,12.320000
11/12/2014,12.550000
11/13/2014,12.580000
11/14/2014,12.620000
11/17/2014,12.750000
11/18/2014,12.370000
11/19/2014,12.170000
11/20/2014,12.460000
11/21/2014,11.740000
11/24/2014,11.590000
11/25/2014,11.910000
11/26/2014,11.810000
11/28/2014,12.170000
12/01/2014,12.910000
12/02/2014,12.590000
12/03/2014,12.490000
12/04/2014,12.250000
12/05/2014,11.790000
12/08/2014,12.210000
12/09/2014,12.510000
12/10/2014,13.040000
12/11/2014,13.580000
12/12/2014,15.790000
12/15/2014,15.480000
12/16/2014,16.940000
12/17/2014,14.970000
12/18/2014,13.230000
12/19/2014,13.700000
12/22/2014,13.550000
12/23/2014,13.690000
12/24/2014,14.060000
12/26/2014,14.090000
12/29/2014,14.460000
12/30/2014,14.830000
12/31/2014,14.340000
01/02/2015,15.370000
01/05/2015,16.140000
01/06/2015,17.280000
01/07/2015,16.770000
01/08/2015,15.550000
01/09/2015,15.930000
01/12/2015,16.920000
01/13/2015,16.260000
01/14/2015,16.910000
01/15/2015,18.580000
01/16/2015,18.300000
01/20/2015,19.050000
01/21/2015,17.720000
01/22/2015,16.990000
01/23/2015,18.000000
01/26/2015,17.610000
01/27/2015,17.210000
01/28/2015,17.670000
01/29/2015,16.920000
01/30/2015,17.530000
02/02/2015,17.410000
02/03/2015,18.340000
02/04/2015,18.560000
02/05/2015,18.040000
02/06/2015,17.340000
02/09/2015,17.570000
02/10/2015,17.720000
02/11/2015,17.660000
02/12/2015,17.420000
02/13/2015,16.900000
02/17/2015,17.430000
02/18/2015,17.840000
02/19/2015,17.820000
02/20/2015,17.950000
02/23/2015,17.810000
02/24/2015,17.420000
02/25/2015,17.040000
02/26/2015,16.820000
02/27/2015,16.720000
03/02/2015,17.000000
03/03/2015,16.880000
03/04/2015,16.240000
03/05/2015,15.940000
03/06/2015,15.500000
03/09/2015,15.840000
03/10/2015,16.340000
03/11/2015,16.370000
03/12/2015,16.340000
03/13/2015,15.990000
03/16/2015,16.260000
03/17/2015,16.680000
03/18/2015,15.690000
03/19/2015,15.960000
03/20/2015,15.340000
03/23/2015,15.640000
03/24/2015,15.780000
03/25/2015,15.960000
03/26/2015,15.800000
03/27/2015,15.980000
03/30/2015,16.190000
03/31/2015,16.010000
04/01/2015,15.900000
04/02/2015,15.900000
04/06/2015,15.220000
04/07/2015,15.220000
04/08/2015,14.790000
04/09/2015,14.340000
04/10/2015,14.260000
04/13/2015,14.450000
04/14/2015,14.600000
04/15/2015,14.250000
04/16/2015,14.240000
04/17/2015,14.620000
04/20/2015,14.630000
04/21/2015,14.380000
04/22/2015,14.490000
04/23/2015,14.730000
04/24/2015,14.260000
04/27/2015,14.660000
04/28/2015,14.710000
04/29/2015,15.230000
04/30/2015,15.810000
05/01/2015,16.420000
05/04/2015,17.110000
05/05/2015,17.300000
05/06/2015,17.920000
05/07/2015,17.000000
05/08/2015,15.790000
05/11/2015,18.130000
05/12/2015,18.110000
05/13/2015,17.750000
05/14/2015,17.110000
05/15/2015,16.750000
05/18/2015,17.840000
05/19/2015,17.820000
05/20/2015,17.610000
05/21/2015,17.340000
05/22/2015,16.770000
05/26/2015,16.940000
05/27/2015,16.100000
05/28/2015,16.360000
05/29/2015,16.560000
06/01/2015,16.660000
06/02/2015,16.790000
06/03/2015,17.270000
06/04/2015,17.390000
06/05/2015,16.320000
06/08/2015,16.810000
06/09/2015,16.610000
06/10/2015,17.110000
06/11/2015,16.430000
06/12/2015,16.720000
06/15/2015,16.720000
06/16/2015,16.470000
06/17/2015,15.980000
06/18/2015,15.990000
06/19/2015,16.390000
06/22/2015,16.710000
06/23/2015,16.590000
06/24/2015,16.620000
06/25/2015,16.980000
06/26/2015,17.060000
06/29/2015,18.980000
06/30/2015,18.580000
07/01/2015,18.020000
07/02/2015,17.940000
07/06/2015,17.990000
07/07/2015,17.960000
07/08/2015,18.540000
07/09/2015,17.770000
07/10/2015,17.880000
07/13/2015,16.900000
07/14/2015,16.120000
07/15/2015,15.980000
07/16/2015,15.400000
07/17/2015,14.900000
07/20/2015,15.210000
07/21/2015,14.480000
07/22/2015,14.550000
07/23/2015,14.240000
07/24/2015,14.790000
07/27/2015,15.460000
07/28/2015,15.080000
07/29/2015,14.470000
07/30/2015,14.590000
07/31/2015,14.920000
08/03/2015,15.800000
08/04/2015,15.360000
08/05/2015,15.080000
08/06/2015,15.270000
08/07/2015,14.930000
08/10/2015,14.780000
08/11/2015,15.290000
08/12/2015,15.430000
08/13/2015,15.450000
08/14/2015,15.100000
08/17/2015,15.240000
08/18/2015,15.390000
08/19/2015,15.420000
08/20/2015,18.650000
08/21/2015,21.080000
08/24/2015,18.370000
08/25/2015,18.970000
08/26/2015,19.240000
08/27/2015,18.750000
08/28/2015,18.260000
08/31/2015,16.980000
09/01/2015,18.040000
09/02/2015,17.630000
09/03/2015,16.900000
09/04/2015,16.220000
09/08/2015,16.710000
09/09/2015,16.610000
09/10/2015,16.270000
09/11/2015,15.960000
09/14/2015,15.870000
09/15/2015,16.360000
09/16/2015,16.720000
09/17/2015,15.270000
09/18/2015,15.320000
09/21/2015,15.060000
09/22/2015,15.790000
09/23/2015,15.320000
09/24/2015,15.770000
09/25/2015,15.540000
09/28/2015,16.440000
09/29/2015,16.530000
09/30/2015,15.750000
10/01/2015,15.440000
10/02/2015,15.230000
10/05/2015,15.260000
10/06/2015,15.350000
10/07/2015,15.140000
10/08/2015,14.810000
10/09/2015,14.460000
10/12/2015,13.960000
10/13/2015,13.860000
10/14/2015,13.450000
10/15/2015,13.480000
10/16/2015,13.470000
10/19/2015,13.990000
10/20/2015,13.870000
10/21/2015,13.450000
10/22/2015,13.270000
10/23/2015,13.480000
10/26/2015,14.080000
10/27/2015,14.280000
10/28/2015,14.090000
10/29/2015,14.240000
10/30/2015,14.290000
11/02/2015,14.600000
11/03/2015,14.340000
11/04/2015,13.590000
11/05/2015,14.150000
11/06/2015,13.070000
11/09/2015,13.430000
11/10/2015,13.200000
11/11/2015,13.970000
11/12/2015,13.650000
11/13/2015,13.410000
11/16/2015,13.360000
11/17/2015,13.610000
11/18/2015,13.340000
11/19/2015,13.390000
11/20/2015,12.760000
11/23/2015,13.220000
11/24/2015,13.400000
11/25/2015,12.960000
11/27/2015,13.040000
11/30/2015,12.830000
12/01/2015,13.570000
12/02/2015,13.350000
12/03/2015,14.000000
12/04/2015,12.820000
12/07/2015,13.610000
12/08/2015,13.840000
12/09/2015,14.340000
12/10/2015,14.060000
12/11/2015,15.190000
12/14/2015,16.180000
12/15/2015,15.570000
12/16/2015,13.570000
12/17/2015,12.800000
12/18/2015,13.010000
12/21/2015,13.070000
12/22/2015,12.600000
12/23/2015,12.510000
12/24/2015,12.170000
12/28/2015,12.770000
12/29/2015,12.900000
12/30/2015,12.990000
12/31/2015,13.430000
01/04/2016,13.700000
01/05/2016,13.540000
01/06/2016,13.490000
01/07/2016,14.010000
01/08/2016,14.070000
01/11/2016,12.980000
01/12/2016,13.430000
01/13/2016,14.530000
01/14/2016,13.700000
01/15/2016,15.620000
01/19/2016,15.680000
01/20/2016,16.110000
01/21/2016,14.900000
01/22/2016,14.290000
01/25/2016,14.810000
01/26/2016,14.850000
01/27/2016,14.230000
01/28/2016,13.990000
01/29/2016,14.290000
02/01/2016,14.500000
02/02/2016,15.490000
02/03/2016,15.760000
02/04/2016,15.330000
02/05/2016,15.430000
02/08/2016,17.770000
02/09/2016,17.740000
02/10/2016,17.200000
02/11/2016,19.150000
02/12/2016,17.270000
02/16/2016,15.980000
02/17/2016,15.090000
02/18/2016,15.590000
02/19/2016,15.660000
02/22/2016,15.510000
02/23/2016,15.710000
02/24/2016,15.320000
02/25/2016,15.390000
02/26/2016,14.500000
02/29/2016,14.800000
03/01/2016,14.150000
03/02/2016,14.390000
03/03/2016,14.110000
03/04/2016,13.610000
03/07/2016,14.260000
03/08/2016,14.760000
03/09/2016,14.560000
03/10/2016,14.280000
03/11/2016,14.020000
03/14/2016,13.700000
03/15/2016,13.630000
03/16/2016,13.160000
03/17/2016,13.330000
03/18/2016,12.830000
03/21/2016,13.310000
03/22/2016,13.510000
03/23/2016,13.940000
03/24/2016,13.720000
03/28/2016,13.930000
03/29/2016,14.010000
03/30/2016,13.690000
03/31/2016,13.530000
04/01/2016,13.190000
04/04/2016,13.230000
04/05/2016,13.860000
04/06/2016,13.380000
04/07/2016,13.910000
04/08/2016,13.380000
04/11/2016,12.870000
04/12/2016,13.150000
04/13/2016,12.730000
04/14/2016,12.710000
04/15/2016,12.140000
04/18/2016,12.410000
04/19/2016,12.600000
04/20/2016,13.250000
04/21/2016,13.460000
04/22/2016,13.260000
04/25/2016,13.540000
04/26/2016,13.220000
04/27/2016,12.960000
04/28/2016,12.990000
04/29/2016,13.050000
05/02/2016,13.380000
05/03/2016,13.460000
05/04/2016,13.350000
05/05/2016,13.250000
05/06/2016,13.080000
05/09/2016,13.280000
05/10/2016,13.060000
05/11/2016,13.070000
05/12/2016,13.040000
05/13/2016,13.110000
05/16/2016,13.260000
05/17/2016,12.950000
05/18/2016,13.180000
05/19/2016,13.380000
05/20/2016,12.710000
05/23/2016,12.770000
05/24/2016,12.710000
05/25/2016,12.160000
05/26/2016,11.980000
05/27/2016,11.730000
05/31/2016,12.450000
06/01/2016,12.450000
06/02/2016,12.400000
06/03/2016,12.390000
06/06/2016,12.240000
06/07/2016,12.160000
06/08/2016,12.410000
06/09/2016,12.940000
06/10/2016,13.840000
06/13/2016,15.440000
06/14/2016,15.770000
06/15/2016,15.750000
06/16/2016,17.660000
06/17/2016,16.610000
06/20/2016,15.670000
06/21/2016,15.120000
06/22/2016,16.040000
06/23/2016,15.080000
06/24/2016,16.370000
06/27/2016,17.440000
06/28/2016,16.300000
06/29/2016,15.120000
06/30/2016,15.070000
07/01/2016,15.300000
07/05/2016,16.420000
07/06/2016,16.200000
07/07/2016,16.030000
07/08/2016,14.830000
07/11/2016,14.920000
07/12/2016,14.790000
07/13/2016,14.940000
07/14/2016,15.460000
07/15/2016,14.970000
07/18/2016,14.530000
07/19/2016,14.750000
07/20/2016,14.380000
07/21/2016,14.060000
07/22/2016,13.710000
07/25/2016,13.920000
07/26/2016,14.010000
07/27/2016,13.720000
07/28/2016,13.870000
07/29/2016,13.070000
08/01/2016,13.340000
08/02/2016,13.680000
08/03/2016,13.460000
08/04/2016,13.040000
08/05/2016,12.850000
08/08/2016,12.850000
08/09/2016,12.460000
08/10/2016,12.430000
08/11/2016,12.540000
08/12/2016,12.340000
08/15/2016,12.730000
08/16/2016,12.820000
08/17/2016,12.600000
08/18/2016,12.490000
08/19/2016,12.100000
08/22/2016,12.580000
08/23/2016,12.370000
08/24/2016,12.360000
08/25/2016,13.000000
08/26/2016,13.140000
08/29/2016,12.460000
08/30/2016,12.770000
08/31/2016,13.140000
09/01/2016,13.100000
09/02/2016,12.410000
09/06/2016,12.660000
09/07/2016,12.640000
09/08/2016,12.890000
09/09/2016,13.810000
09/12/2016,13.650000
09/13/2016,14.570000
09/14/2016,14.330000
09/15/2016,14.150000
09/16/2016,13.660000
09/19/2016,14.180000
09/20/2016,14.660000
09/21/2016,13.730000
09/22/2016,12.640000
09/23/2016,12.440000
09/26/2016,12.830000
09/27/2016,12.610000
09/28/2016,12.630000
09/29/2016,13.330000
09/30/2016,13.350000
10/03/2016,13.430000
10/04/2016,13.620000
10/05/2016,13.510000
10/06/2016,13.630000
10/07/2016,13.440000
10/10/2016,13.960000
10/11/2016,13.710000
10/12/2016,13.620000
10/13/2016,13.270000
10/14/2016,13.410000
10/17/2016,13.930000
10/18/2016,13.860000
10/19/2016,13.520000
10/20/2016,13.130000
10/21/2016,12.330000
10/24/2016,12.680000
10/25/2016,12.630000
10/26/2016,13.010000
10/27/2016,13.500000
10/28/2016,13.850000
10/31/2016,14.600000
11/01/2016,15.070000
11/02/2016,15.040000
11/03/2016,15.030000
11/04/2016,15.060000
11/07/2016,14.770000
11/08/2016,13.930000
11/09/2016,16.790000
11/10/2016,17.700000
11/11/2016,18.030000
11/14/2016,19.070000
11/15/2016,17.080000
11/16/2016,16.460000
11/17/2016,17.730000
11/18/2016,17.900000
11/21/2016,16.830000
11/22/2016,15.480000
11/23/2016,15.950000
11/25/2016,16.580000
11/28/2016,15.620000
11/29/2016,15.270000
11/30/2016,15.930000
12/01/2016,17.500000
12/02/2016,16.670000
12/05/2016,16.220000
12/06/2016,15.440000
12/07/2016,15.240000
12/08/2016,14.800000
12/09/2016,15.350000
12/12/2016,14.820000
12/13/2016,15.000000
12/14/2016,15.290000
12/15/2016,13.160000
12/16/2016,13.500000
12/19/2016,13.290000
12/20/2016,13.340000
12/21/2016,13.480000
12/22/2016,13.530000
12/23/2016,13.670000
12/27/2016,13.850000
12/28/2016,13.970000
12/29/2016,14.310000
12/30/2016,14.460000
01/03/2017,14.890000
01/04/2017,14.590000
01/05/2017,14.860000
01/06/2017,14.140000
01/09/2017,14.520000
01/10/2017,13.880000
01/11/2017,13.820000
01/12/2017,13.680000
01/13/2017,13.360000
01/17/2017,14.000000
01/18/2017,14.310000
01/19/2017,14.340000
01/20/2017,13.900000
01/23/2017,14.280000
01/24/2017,14.580000
01/25/2017,14.570000
01/26/2017,13.910000
01/27/2017,13.420000
01/30/2017,13.780000
01/31/2017,13.900000
02/01/2017,13.510000
02/02/2017,13.160000
02/03/2017,12.830000
02/06/2017,13.370000
02/07/2017,13.380000
02/08/2017,13.420000
02/09/2017,13.070000
02/10/2017,12.940000
02/13/2017,13.010000
02/14/2017,12.780000
02/15/2017,12.350000
02/16/2017,12.170000
02/17/2017,12.480000
02/21/2017,12.680000
02/22/2017,12.890000
02/23/2017,12.820000
02/24/2017,13.140000
02/27/2017,13.020000
02/28/2017,13.130000
03/01/2017,12.560000
03/02/2017,12.440000
03/03/2017,11.890000
03/06/2017,12.120000
03/07/2017,12.040000
03/08/2017,12.380000
03/09/2017,12.530000
03/10/2017,11.790000
03/13/2017,11.210000
03/14/2017,11.450000
03/15/2017,10.660000
03/16/2017,10.830000
03/17/2017,10.830000
03/20/2017,10.710000
03/21/2017,10.980000
03/22/2017,11.190000
03/23/2017,11.340000
03/24/2017,11.470000
03/27/2017,11.570000
03/28/2017,11.510000
03/29/2017,11.490000
03/30/2017,11.360000
03/31/2017,11.370000
04/03/2017,12.310000
04/04/2017,12.520000
04/05/2017,12.720000
04/06/2017,12.720000
04/07/2017,12.620000
04/10/2017,12.860000
04/11/2017,13.780000
04/12/2017,14.020000
04/13/2017,13.570000
04/17/2017,13.550000
04/18/2017,14.280000
04/19/2017,13.690000
04/20/2017,13.710000
04/21/2017,14.900000
04/24/2017,12.260000
04/25/2017,11.690000
04/26/2017,12.100000
04/27/2017,11.850000
04/28/2017,11.750000
05/01/2017,11.820000
05/02/2017,12.090000
05/03/2017,11.770000
05/04/2017,11.530000
05/05/2017,11.550000
05/08/2017,11.110000
05/09/2017,11.120000
05/10/2017,10.680000
05/11/2017,10.710000
05/12/2017,10.600000
05/15/2017,10.580000
05/16/2017,10.310000
05/17/2017,11.900000
05/18/2017,11.460000
05/19/2017,10.740000
05/22/2017,10.450000
05/23/2017,10.420000
05/24/2017,10.340000
05/25/2017,10.290000
05/26/2017,9.980000
05/30/2017,10.480000
05/31/2017,10.800000
06/01/2017,11.850000
06/02/2017,10.830000
06/05/2017,10.640000
06/06/2017,10.770000
06/07/2017,10.530000
06/08/2017,10.510000
06/09/2017,10.000000
06/12/2017,9.720000
06/13/2017,9.680000
06/14/2017,9.600000
06/15/2017,9.810000
06/16/2017,9.380000
06/19/2017,9.540000
06/20/2017,9.830000
06/21/2017,10.070000
06/22/2017,9.830000
06/23/2017,9.660000
06/26/2017,9.940000
06/27/2017,10.340000
06/28/2017,10.680000
06/29/2017,10.850000
06/30/2017,11.370000
07/03/2017,11.940000
07/05/2017,11.980000
07/06/2017,11.600000
07/07/2017,11.320000
07/10/2017,11.060000
07/11/2017,11.200000
07/12/2017,11.090000
07/13/2017,10.950000
07/14/2017,10.580000
07/17/2017,10.080000
07/18/2017,10.170000
07/19/2017,12.760000
07/20/2017,9.370000
07/21/2017,9.390000
07/24/2017,9.670000
07/25/2017,10.580000
07/26/2017,10.270000
07/27/2017,10.260000
07/28/2017,10.480000
07/31/2017,10.800000
08/01/2017,11.110000
08/02/2017,10.650000
08/03/2017,10.320000
08/04/2017,10.070000
08/07/2017,10.210000
08/08/2017,10.260000
08/09/2017,10.700000
08/10/2017,11.390000
08/11/2017,11.220000
08/14/2017,10.250000
08/15/2017,10.050000
08/16/2017,9.930000
08/17/2017,10.490000
08/18/2017,10.120000
08/21/2017,10.690000
08/22/2017,10.570000
08/23/2017,10.660000
08/24/2017,10.520000
08/25/2017,10.310000
08/28/2017,10.220000
08/29/2017,10.470000
08/30/2017,10.500000
08/31/2017,10.500000
09/01/2017,9.750000
09/05/2017,11.520000
09/06/2017,11.420000
09/07/2017,11.630000
09/08/2017,11.610000
09/11/2017,10.620000
09/12/2017,9.840000
09/13/2017,10.000000
09/14/2017,10.380000
09/15/2017,9.530000
09/18/2017,9.920000
09/19/2017,10.050000
09/20/2017,9.810000
09/21/2017,9.790000
09/22/2017,10.120000
09/25/2017,10.470000
09/26/2017,10.330000
09/27/2017,10.480000
09/28/2017,10.530000
09/29/2017,10.430000
10/02/2017,10.820000
10/03/2017,10.730000
10/04/2017,10.720000
10/05/2017,10.910000
10/06/2017,10.780000
10/09/2017,10.810000
10/10/2017,10.840000
10/11/2017,10.430000
10/12/2017,10.440000
10/13/2017,10.130000
10/16/2017,10.050000
10/17/2017,9.840000
10/18/2017,10.310000
10/19/2017,10.090000
10/20/2017,10.360000
10/23/2017,11.030000
10/24/2017,11.440000
10/25/2017,11.900000
10/26/2017,11.590000
10/27/2017,11.060000
10/30/2017,11.360000
10/31/2017,10.920000
11/01/2017,10.600000
11/02/2017,10.380000
11/03/2017,9.770000
11/06/2017,10.080000
11/07/2017,10.160000
11/08/2017,9.970000
11/09/2017,10.050000
11/10/2017,10.360000
11/13/2017,10.320000
11/14/2017,10.160000
11/15/2017,10.160000
11/16/2017,10.290000
11/17/2017,10.430000
11/20/2017,10.260000
11/21/2017,9.910000
11/22/2017,9.900000
11/24/2017,9.870000
11/27/2017,9.430000
11/28/2017,9.880000
11/29/2017,10.280000
11/30/2017,10.350000
12/01/2017,11.150000
12/04/2017,10.780000
12/05/2017,10.750000
12/06/2017,10.280000
12/07/2017,10.410000
12/08/2017,10.320000
12/11/2017,9.830000
12/12/2017,8.950000
12/13/2017,9.010000
12/14/2017,9.610000
12/15/2017,9.480000
12/18/2017,9.950000
12/19/2017,10.060000
12/20/2017,10.280000
12/21/2017,10.450000
12/22/2017,10.700000
12/26/2017,10.710000
12/27/2017,10.800000
12/28/2017,11.040000
12/29/2017,10.490000
01/02/2018,10.750000
01/03/2018,10.770000
01/04/2018,9.770000
01/05/2018,10.360000
01/08/2018,10.300000
01/09/2018,10.660000
01/10/2018,10.530000
01/11/2018,10.600000
01/12/2018,10.480000
01/16/2018,10.200000
01/17/2018,10.360000
01/18/2018,11.550000
01/19/2018,12.210000
01/22/2018,12.060000
01/23/2018,11.470000
01/24/2018,11.640000
01/25/2018,10.940000
01/26/2018,11.520000
01/29/2018,12.490000
01/30/2018,12.850000
01/31/2018,12.370000
02/01/2018,13.490000
02/02/2018,11.720000
02/05/2018,16.540000
02/06/2018,13.450000
02/07/2018,13.390000
02/08/2018,15.850000
02/09/2018,15.840000
02/12/2018,14.830000
02/13/2018,13.170000
02/14/2018,12.760000
02/15/2018,12.130000
02/16/2018,11.320000
02/20/2018,11.590000
02/21/2018,12.300000
02/22/2018,13.400000
02/23/2018,11.320000
02/26/2018,11.280000
02/27/2018,12.410000
02/28/2018,11.410000
03/01/2018,11.750000
03/02/2018,11.610000
03/05/2018,11.530000
03/06/2018,11.550000
03/07/2018,11.330000
03/08/2018,10.950000
03/09/2018,10.280000
03/12/2018,9.720000
03/13/2018,9.170000
03/14/2018,9.530000
03/15/2018,9.530000
03/16/2018,9.690000
03/19/2018,10.820000
03/20/2018,10.720000
03/21/2018,8.680000
03/22/2018,10.030000
03/23/2018,10.220000
03/26/2018,10.100000
03/27/2018,10.490000
03/28/2018,10.240000
03/29/2018,10.610000
04/02/2018,11.080000
04/03/2018,10.370000
04/04/2018,10.110000
04/05/2018,9.860000
04/06/2018,10.010000
04/09/2018,9.960000
04/10/2018,9.620000
04/11/2018,9.460000
04/12/2018,9.820000
04/13/2018,9.280000
04/16/2018,9.410000
04/17/2018,9.220000
04/18/2018,9.740000
04/19/2018,10.200000
04/20/2018,10.260000
04/23/2018,10.290000
04/24/2018,10.510000
04/25/2018,11.400000
04/26/2018,10.020000
04/27/2018,9.500000
04/30/2018,9.690000
05/01/2018,10.060000
05/02/2018,9.960000
05/03/2018,9.710000
05/04/2018,9.000000
05/07/2018,9.410000
05/08/2018,9.850000
05/09/2018,10.090000
05/10/2018,9.300000
05/11/2018,8.760000
05/14/2018,9.450000
05/15/2018,10.320000
05/16/2018,10.840000
05/17/2018,10.750000
05/18/2018,9.870000
05/21/2018,13.910000
05/22/2018,9.980000
05/23/2018,9.730000
05/24/2018,9.140000
05/25/2018,9.190000
05/29/2018,11.770000
05/30/2018,10.880000
05/31/2018,10.440000
06/01/2018,10.140000
06/04/2018,9.740000
06/05/2018,9.840000
06/06/2018,10.010000
06/07/2018,9.970000
06/08/2018,10.400000
06/11/2018,10.130000
06/12/2018,9.950000
06/13/2018,9.500000
06/14/2018,9.200000
06/15/2018,8.920000
06/18/2018,9.020000
06/19/2018,9.370000
06/20/2018,9.080000
06/21/2018,9.380000
06/22/2018,9.220000
06/25/2018,9.650000
06/26/2018,9.280000
06/27/2018,9.600000
06/28/2018,9.810000
06/29/2018,9.120000
07/02/2018,9.420000
07/03/2018,9.370000
07/05/2018,9.550000
07/06/2018,9.400000
07/09/2018,10.180000
07/10/2018,9.420000
07/11/2018,9.580000
07/12/2018,8.820000
07/13/2018,8.790000
07/16/2018,8.720000
07/17/2018,8.870000
07/18/2018,8.780000
07/19/2018,9.010000
07/20/2018,9.510000
07/23/2018,10.380000
07/24/2018,10.040000
07/25/2018,9.900000
07/26/2018,9.980000
07/27/2018,9.410000
07/30/2018,9.990000
07/31/2018,9.310000
08/01/2018,9.730000
08/02/2018,9.800000
08/03/2018,9.320000
08/06/2018,9.270000
08/07/2018,9.240000
08/08/2018,9.240000
08/09/2018,8.770000
08/10/2018,9.430000
08/13/2018,9.780000
08/14/2018,9.220000
08/15/2018,9.960000
08/16/2018,9.450000
08/17/2018,8.990000
08/20/2018,9.560000
08/21/2018,8.960000
08/22/2018,9.180000
08/23/2018,8.880000
08/24/2018,8.490000
08/27/2018,8.760000
08/28/2018,9.050000
08/29/2018,8.980000
08/30/2018,9.020000
08/31/2018,8.970000
09/04/2018,9.430000
09/05/2018,9.460000
09/06/2018,9.370000
09/07/2018,9.280000
09/10/2018,9.130000
09/11/2018,9.190000
09/12/2018,8.920000
09/13/2018,8.850000
09/14/2018,9.010000
09/17/2018,9.350000
09/18/2018,9.320000
09/19/2018,10.150000
09/20/2018,9.800000
09/21/2018,9.780000
09/24/2018,10.150000
09/25/2018,10.290000
09/26/2018,9.650000
09/27/2018,9.660000
09/28/2018,9.240000
10/01/2018,9.690000
10/02/2018,9.620000
10/03/2018,10.690000
10/04/2018,12.380000
10/05/2018,12.220000
10/08/2018,12.800000
10/09/2018,12.140000
10/10/2018,13.600000
10/11/2018,16.140000
10/12/2018,11.130000
10/15/2018,11.250000
10/16/2018,10.610000
10/17/2018,11.110000
10/18/2018,11.290000
10/19/2018,11.080000
10/22/2018,11.130000
10/23/2018,11.230000
10/24/2018,12.680000
10/25/2018,11.150000
10/26/2018,11.450000
10/29/2018,11.650000
10/30/2018,15.870000
10/31/2018,11.670000
11/01/2018,11.590000
11/02/2018,11.580000
11/05/2018,11.960000
11/06/2018,12.190000
11/07/2018,10.140000
11/08/2018,10.150000
11/09/2018,9.870000
11/12/2018,10.250000
11/13/2018,12.080000
11/14/2018,10.750000
11/15/2018,10.490000
11/16/2018,10.370000
11/19/2018,10.520000
11/20/2018,10.650000
11/21/2018,10.210000
11/23/2018,10.560000
11/26/2018,9.500000
11/27/2018,9.320000
11/28/2018,9.190000
11/29/2018,9.570000
11/30/2018,9.570000
12/04/2018,11.230000
12/06/2018,11.570000
12/07/2018,11.580000
12/10/2018,11.800000
12/11/2018,11.110000
12/12/2018,11.320000
12/13/2018,10.340000
12/14/2018,10.920000
12/17/2018,11.720000
12/18/2018,11.550000
12/19/2018,11.050000
12/20/2018,14.650000
12/21/2018,13.600000
12/24/2018,15.300000
12/26/2018,14.060000
12/27/2018,13.080000
12/28/2018,12.390000
12/31/2018,12.270000
01/02/2019,12.110000
01/03/2019,12.670000
01/04/2019,12.120000
01/07/2019,11.820000
01/08/2019,11.090000
01/09/2019,10.800000
01/10/2019,10.630000
01/11/2019,9.860000
01/14/2019,10.710000
01/15/2019,8.320000
01/16/2019,10.360000
01/17/2019,11.210000
01/18/2019,9.560000
01/22/2019,21.270000
01/23/2019,19.280000
01/24/2019,9.760000
01/25/2019,9.400000
01/28/2019,9.910000
01/29/2019,9.770000
01/30/2019,9.590000
01/31/2019,9.640000
02/01/2019,9.500000
02/04/2019,10.090000
02/05/2019,9.650000
02/06/2019,9.430000
02/07/2019,9.450000
02/08/2019,9.300000
02/11/2019,9.490000
02/12/2019,9.550000
02/13/2019,9.280000
02/14/2019,9.010000
02/15/2019,13.600000
02/19/2019,10.450000
02/21/2019,12.580000
02/22/2019,8.800000
02/25/2019,9.010000
02/26/2019,9.040000
02/27/2019,9.270000
02/28/2019,9.270000
03/01/2019,9.590000
03/04/2019,9.600000
03/05/2019,9.520000
03/06/2019,9.000000
03/07/2019,8.890000
03/08/2019,8.470000
03/11/2019,6.700000
03/12/2019,8.160000
03/13/2019,8.000000
03/14/2019,8.730000
03/15/2019,8.540000
03/18/2019,9.010000
03/19/2019,8.390000
03/20/2019,8.760000
03/21/2019,8.940000
03/22/2019,10.170000
03/25/2019,12.030000
03/26/2019,10.680000
03/27/2019,11.660000
03/28/2019,11.460000
03/29/2019,10.740000
04/01/2019,9.920000
04/02/2019,10.070000
04/03/2019,9.940000
04/04/2019,10.000000
04/05/2019,9.630000
04/08/2019,10.210000
04/09/2019,9.240000
04/10/2019,9.140000
04/11/2019,8.850000
04/12/2019,8.790000
04/15/2019,8.830000
04/16/2019,9.240000
04/17/2019,9.920000
04/18/2019,10.020000
04/22/2019,9.700000
04/23/2019,9.720000
04/24/2019,9.550000
04/25/2019,9.610000
04/26/2019,8.850000
04/29/2019,9.280000
04/30/2019,9.490000
05/01/2019,9.180000
05/02/2019,9.060000
05/03/2019,9.340000
05/06/2019,9.570000
05/07/2019,10.580000
05/08/2019,10.390000
05/09/2019,10.190000
05/10/2019,9.450000
05/13/2019,10.730000
05/14/2019,13.530000
05/15/2019,9.870000
05/16/2019,9.100000
05/17/2019,9.670000
05/20/2019,9.010000
05/21/2019,9.160000
05/22/2019,8.980000
05/23/2019,9.980000
05/24/2019,9.560000
05/28/2019,10.380000
05/29/2019,11.040000
05/30/2019,10.640000
05/31/2019,12.350000
06/03/2019,12.800000
06/04/2019,11.740000
06/05/2019,11.550000
06/06/2019,11.690000
06/07/2019,10.870000
06/10/2019,10.440000
06/11/2019,10.250000
06/12/2019,10.520000
06/13/2019,11.780000
06/14/2019,11.890000
06/17/2019,13.010000
06/18/2019,11.830000
06/19/2019,10.940000
06/20/2019,10.920000
06/21/2019,10.410000
06/24/2019,10.980000
06/25/2019,11.290000
06/26/2019,10.530000
06/27/2019,10.520000
06/28/2019,10.830000
07/01/2019,10.210000
07/02/2019,9.940000
07/03/2019,10.110000
07/08/2019,10.800000
07/09/2019,9.880000
07/10/2019,10.220000
07/11/2019,10.540000
07/12/2019,10.270000
07/15/2019,10.620000
07/16/2019,10.760000
07/17/2019,10.790000
07/18/2019,10.890000
07/19/2019,10.550000
07/22/2019,10.880000
07/23/2019,10.740000
07/24/2019,10.560000
07/25/2019,10.460000
07/26/2019,9.970000
07/29/2019,10.170000
07/30/2019,10.240000
07/31/2019,10.170000
08/01/2019,11.500000
08/02/2019,11.840000
08/05/2019,13.880000
08/06/2019,13.320000
08/07/2019,15.060000
08/08/2019,13.760000
08/09/2019,13.770000
08/12/2019,16.450000
08/13/2019,15.130000
08/14/2019,17.600000
08/15/2019,18.190000
08/16/2019,17.240000
08/19/2019,16.690000
08/20/2019,16.760000
08/21/2019,15.930000
08/22/2019,15.300000
08/23/2019,16.060000
08/26/2019,15.940000
08/27/2019,16.290000
08/28/2019,16.280000
08/29/2019,15.510000
08/30/2019,18.230000
09/03/2019,15.580000
09/04/2019,15.100000
09/05/2019,14.450000
09/06/2019,13.900000
09/09/2019,14.340000
09/10/2019,14.780000
09/11/2019,14.440000
09/12/2019,14.760000
09/13/2019,16.190000
09/16/2019,16.450000
09/17/2019,15.790000
09/18/2019,15.360000
09/19/2019,15.050000
09/20/2019,15.060000
09/23/2019,14.700000
09/24/2019,15.430000
09/25/2019,15.280000
09/26/2019,15.380000
09/27/2019,15.000000
09/30/2019,15.360000
10/01/2019,15.790000
10/02/2019,15.130000
10/03/2019,14.400000
10/04/2019,13.870000
10/07/2019,14.170000
10/08/2019,14.270000
10/09/2019,13.810000
10/10/2019,14.030000
10/11/2019,13.970000
10/14/2019,13.930000
10/15/2019,13.810000
10/16/2019,13.740000
10/17/2019,13.820000
10/18/2019,13.800000
10/21/2019,13.910000
10/22/2019,13.600000
10/23/2019,12.980000
10/24/2019,12.560000
10/25/2019,12.400000
10/28/2019,13.010000
10/29/2019,12.840000
10/30/2019,12.640000
10/31/2019,12.630000
11/01/2019,12.180000
11/04/2019,12.290000
11/05/2019,12.730000
11/06/2019,12.420000
11/07/2019,14.630000
11/08/2019,14.100000
11/11/2019,14.670000
11/12/2019,14.220000
11/13/2019,13.620000
11/14/2019,13.760000
11/15/2019,12.900000
11/18/2019,12.620000
11/19/2019,12.230000
11/20/2019,13.060000
11/21/2019,12.780000
11/22/2019,12.300000
11/25/2019,12.470000
11/26/2019,12.390000
11/27/2019,12.010000
11/29/2019,12.120000
12/02/2019,12.770000
12/03/2019,13.670000
12/04/2019,13.020000
12/05/2019,13.200000
12/06/2019,13.230000
12/09/2019,13.660000
12/10/2019,13.660000
12/11/2019,13.150000
12/12/2019,12.720000
12/13/2019,11.790000
12/16/2019,11.710000
12/17/2019,11.170000
12/18/2019,11.570000
12/19/2019,11.380000
12/20/2019,11.190000
12/23/2019,11.600000
12/24/2019,11.720000
12/26/2019,11.810000
12/27/2019,11.540000
12/30/2019,11.930000
12/31/2019,12.190000
01/02/2020,12.040000
01/03/2020,12.620000
01/06/2020,12.500000
01/07/2020,12.310000
01/08/2020,12.050000
01/09/2020,11.570000
01/10/2020,11.080000
01/13/2020,10.520000
01/14/2020,10.240000
01/15/2020,10.600000
01/16/2020,10.510000
01/17/2020,10.130000
01/21/2020,11.300000
01/22/2020,11.160000
01/23/2020,11.660000
01/24/2020,12.160000
01/27/2020,13.630000
01/28/2020,13.060000
01/29/2020,13.570000
01/30/2020,13.860000
01/31/2020,14.850000
02/03/2020,14.280000
02/04/2020,12.770000
02/05/2020,12.440000
02/06/2020,12.070000
02/07/2020,12.960000
02/10/2020,13.660000
02/11/2020,12.970000
02/12/2020,12.320000
02/13/2020,12.290000
02/14/2020,12.140000
02/18/2020,13.110000
02/19/2020,13.080000
02/20/2020,13.480000
02/21/2020,14.860000
02/24/2020,16.420000
02/25/2020,16.470000
02/26/2020,16.770000
02/27/2020,18.580000
02/28/2020,23.440000
03/02/2020,18.470000
03/03/2020,20.340000
03/04/2020,17.320000
03/05/2020,20.480000
03/06/2020,41.220000
03/09/2020,52.900000
03/10/2020,42.080000
03/11/2020,45.330000
03/12/2020,50.290000
03/13/2020,36.790000
03/16/2020,43.120000
03/17/2020,50.510000
03/18/2020,52.770000
03/19/2020,51.880000
03/20/2020,46.200000
03/23/2020,49.500000
03/24/2020,35.640000
03/25/2020,28.660000
03/26/2020,26.790000
03/27/2020,25.940000
03/30/2020,29.790000
03/31/2020,27.600000
04/01/2020,28.150000
04/02/2020,28.020000
04/03/2020,23.790000
04/06/2020,23.120000
04/07/2020,24.970000
04/08/2020,25.300000
04/09/2020,24.690000
04/13/2020,24.700000
04/14/2020,23.080000
04/15/2020,26.520000
04/16/2020,25.920000
04/17/2020,28.120000
04/20/2020,27.330000
04/21/2020,27.890000
04/22/2020,26.710000
04/23/2020,25.930000
04/24/2020,24.690000
04/27/2020,22.350000
04/28/2020,20.550000
04/29/2020,20.060000
04/30/2020,19.960000
05/01/2020,19.620000
05/04/2020,20.400000
05/05/2020,19.450000
05/06/2020,21.350000
05/07/2020,21.270000
05/08/2020,20.790000
05/11/2020,21.930000
05/12/2020,20.700000
05/13/2020,20.400000
05/14/2020,19.820000
05/15/2020,19.170000
05/18/2020,20.480000
05/19/2020,19.820000
05/20/2020,19.850000
05/21/2020,18.440000
05/22/2020,17.870000
05/26/2020,17.630000
05/27/2020,17.290000
05/28/2020,17.260000
05/29/2020,17.720000
06/01/2020,18.490000
06/02/2020,18.060000
06/03/2020,19.440000
06/04/2020,18.920000
06/05/2020,18.400000
06/08/2020,18.320000
06/09/2020,18.490000
06/10/2020,18.130000
06/11/2020,18.810000
06/12/2020,18.170000
06/15/2020,18.650000
06/16/2020,18.960000
06/17/2020,18.650000
06/18/2020,18.090000
06/19/2020,17.010000
06/22/2020,17.660000
06/23/2020,17.710000
06/24/2020,18.220000
06/25/2020,17.350000
06/26/2020,17.860000
06/29/2020,18.000000
06/30/2020,16.790000
07/01/2020,16.330000
07/02/2020,15.750000
07/06/2020,16.000000
07/07/2020,16.010000
07/08/2020,15.580000
07/09/2020,17.430000
07/10/2020,16.620000
07/13/2020,16.580000
07/14/2020,15.290000
07/15/2020,14.840000
07/16/2020,16.060000
07/17/2020,15.120000
07/20/2020,16.150000
07/21/2020,16.050000
07/22/2020,15.570000
07/23/2020,16.930000
07/24/2020,18.850000
07/27/2020,18.310000
07/28/2020,16.730000
07/29/2020,16.590000
07/30/2020,16.960000
07/31/2020,17.430000
08/03/2020,17.140000
08/04/2020,16.920000
08/05/2020,17.010000
08/06/2020,17.390000
08/07/2020,17.210000
08/10/2020,15.750000
08/11/2020,16.240000
08/12/2020,15.390000
08/13/2020,16.000000
08/14/2020,16.300000
08/17/2020,15.670000
08/18/2020,15.730000
08/19/2020,17.050000
08/20/2020,16.210000
08/21/2020,15.990000
08/24/2020,16.500000
08/25/2020,17.580000
08/26/2020,18.190000
08/27/2020,18.150000
08/28/2020,17.990000
08/31/2020,17.550000
09/01/2020,16.060000
09/02/2020,16.980000
09/03/2020,18.000000
09/04/2020,17.340000
09/08/2020,17.740000
09/09/2020,17.150000
09/10/2020,16.650000
09/11/2020,15.440000
09/14/2020,14.860000
09/15/2020,14.990000
09/16/2020,15.540000
09/17/2020,14.260000
09/18/2020,14.640000
09/21/2020,15.560000
09/22/2020,14.960000
09/23/2020,15.480000
09/24/2020,16.430000
09/25/2020,16.730000
09/28/2020,16.790000
09/29/2020,16.890000
09/30/2020,17.420000
10/01/2020,17.470000
10/02/2020,17.830000
10/05/2020,19.260000
10/06/2020,18.110000
10/07/2020,18.280000
10/08/2020,17.020000
10/09/2020,16.950000
10/12/2020,16.660000
10/13/2020,15.320000
10/14/2020,15.500000
10/15/2020,16.310000
10/19/2020,16.950000
10/20/2020,17.280000
10/21/2020,17.340000
10/22/2020,18.930000
10/23/2020,18.530000
10/26/2020,19.070000
10/27/2020,17.610000
10/28/2020,20.420000
10/29/2020,20.870000
10/30/2020,21.320000
11/02/2020,22.080000
11/03/2020,21.230000
11/04/2020,16.060000
11/05/2020,15.800000
11/06/2020,14.920000
11/09/2020,15.370000
11/10/2020,14.720000
11/11/2020,14.350000
11/12/2020,14.790000
11/13/2020,13.850000
11/16/2020,13.390000
11/17/2020,14.120000
11/18/2020,14.270000
11/19/2020,14.030000
11/20/2020,15.580000
11/23/2020,14.820000
11/24/2020,14.390000
11/25/2020,14.220000
11/27/2020,15.100000
11/30/2020,15.180000
12/01/2020,15.050000
12/02/2020,15.610000
12/03/2020,15.420000
12/04/2020,15.810000
12/07/2020,15.270000
12/08/2020,15.290000
12/09/2020,15.410000
12/10/2020,14.920000
12/11/2020,15.270000
12/14/2020,14.960000
12/15/2020,14.320000
12/16/2020,14.210000
12/17/2020,13.850000
12/18/2020,14.130000
12/21/2020,14.930000
12/22/2020,14.310000
12/23/2020,14.320000
12/24/2020,13.870000
12/28/2020,15.600000
12/29/2020,15.700000
12/30/2020,15.710000
12/31/2020,16.870000
01/04/2021,17.440000
01/05/2021,15.950000
01/06/2021,15.250000
01/07/2021,13.850000
01/08/2021,14.380000
01/11/2021,14.030000
01/12/2021,13.520000
01/13/2021,12.230000
01/14/2021,13.050000
01/15/2021,13.240000
01/19/2021,13.700000
01/20/2021,12.440000
01/21/2021,12.930000
01/22/2021,13.460000
01/25/2021,14.240000
01/26/2021,14.200000
01/27/2021,15.140000
01/28/2021,14.910000
01/29/2021,15.550000
02/01/2021,16.870000
02/02/2021,16.580000
02/03/2021,16.500000
02/04/2021,16.800000
02/05/2021,16.040000
02/08/2021,16.040000
02/09/2021,15.970000
02/10/2021,15.600000
02/11/2021,15.740000
02/12/2021,17.040000
02/16/2021,19.120000
02/17/2021,18.400000
02/18/2021,18.650000
02/19/2021,19.180000
02/22/2021,21.600000
02/23/2021,20.160000
02/24/2021,21.030000
02/25/2021,26.560000
02/26/2021,21.430000
03/01/2021,21.770000
03/02/2021,19.260000
03/03/2021,19.880000
03/04/2021,21.840000
03/05/2021,19.430000
03/08/2021,20.900000
03/09/2021,18.120000
03/10/2021,17.530000
03/11/2021,17.930000
03/12/2021,22.230000
03/15/2021,19.840000
03/16/2021,18.720000
03/17/2021,19.960000
03/18/2021,20.900000
03/19/2021,20.950000
03/22/2021,17.930000
03/23/2021,17.060000
03/24/2021,16.850000
03/25/2021,17.180000
03/26/2021,17.080000
03/29/2021,18.190000
03/30/2021,17.970000
03/31/2021,18.330000
04/01/2021,16.150000
04/05/2021,16.080000
04/06/2021,15.710000
04/07/2021,16.100000
04/08/2021,15.980000
04/09/2021,15.240000
04/12/2021,13.740000
04/13/2021,13.970000
04/14/2021,14.080000
04/15/2021,15.740000
04/16/2021,16.520000
04/19/2021,16.560000
04/20/2021,16.440000
04/21/2021,16.530000
04/22/2021,16.950000
04/23/2021,15.960000
04/26/2021,16.430000
04/27/2021,16.140000
04/28/2021,16.010000
04/29/2021,15.380000
04/30/2021,15.600000
05/03/2021,15.610000
05/04/2021,16.060000
05/05/2021,15.700000
05/06/2021,15.560000
05/07/2021,14.790000
05/10/2021,15.330000
05/11/2021,15.620000
05/12/2021,16.510000
05/13/2021,15.530000
05/14/2021,14.490000
05/17/2021,14.730000
05/18/2021,15.130000
05/19/2021,15.720000
05/20/2021,14.820000
05/21/2021,15.010000
05/24/2021,14.660000
05/25/2021,15.210000
05/26/2021,15.300000
05/27/2021,14.650000
05/28/2021,14.290000
06/01/2021,15.110000
06/02/2021,15.880000
06/03/2021,14.880000
06/04/2021,13.680000
06/07/2021,14.520000
06/08/2021,14.420000
06/09/2021,15.040000
06/10/2021,14.360000
06/11/2021,14.240000
06/14/2021,14.300000
06/15/2021,14.750000
06/16/2021,14.600000
06/17/2021,15.040000
06/18/2021,17.190000
06/21/2021,17.010000
06/22/2021,15.880000
06/23/2021,15.010000
06/24/2021,15.020000
06/25/2021,15.000000
06/28/2021,14.820000
06/29/2021,15.060000
06/30/2021,15.430000
07/01/2021,15.460000
07/02/2021,14.270000
07/06/2021,15.580000
07/07/2021,16.980000
07/08/2021,19.860000
07/09/2021,16.650000
07/12/2021,16.110000
07/13/2021,13.860000
07/14/2021,15.190000
07/15/2021,16.060000
07/16/2021,16.470000
07/19/2021,20.690000
07/20/2021,19.300000
07/21/2021,16.710000
07/22/2021,16.890000
07/23/2021,17.550000
07/26/2021,18.950000
07/27/2021,19.030000
07/28/2021,17.370000
07/29/2021,17.880000
07/30/2021,18.040000
08/02/2021,18.310000
08/03/2021,18.120000
08/04/2021,18.720000
08/05/2021,16.770000
08/06/2021,16.720000
08/09/2021,16.600000
08/10/2021,16.770000
08/11/2021,15.370000
08/12/2021,15.370000
08/13/2021,15.340000
08/16/2021,16.040000
08/17/2021,15.780000
08/18/2021,15.790000
08/19/2021,15.270000
08/20/2021,15.060000
08/23/2021,14.780000
08/24/2021,14.910000
08/25/2021,15.900000
08/26/2021,15.900000
08/27/2021,14.850000
08/30/2021,14.780000
08/31/2021,15.080000
09/01/2021,14.730000
09/02/2021,14.270000
09/03/2021,14.160000
09/07/2021,15.600000
09/08/2021,14.450000
09/09/2021,13.470000
09/10/2021,14.050000
09/13/2021,14.120000
09/14/2021,14.640000
09/15/2021,15.050000
09/16/2021,14.530000
09/17/2021,14.730000
09/20/2021,16.070000
09/21/2021,14.600000
09/22/2021,16.080000
09/23/2021,15.150000
09/24/2021,15.240000
09/27/2021,15.070000
09/28/2021,16.460000
09/29/2021,16.200000
09/30/2021,15.960000
10/01/2021,15.630000
10/04/2021,15.240000
10/05/2021,16.170000
10/06/2021,15.530000
10/07/2021,15.430000
10/08/2021,15.400000
10/11/2021,15.070000
10/12/2021,14.690000
10/13/2021,14.860000
10/14/2021,16.010000
10/15/2021,16.060000
10/18/2021,16.500000
10/19/2021,16.740000
10/20/2021,16.780000
10/21/2021,17.230000
10/22/2021,16.860000
10/25/2021,16.330000
10/26/2021,16.320000
10/27/2021,16.620000
10/28/2021,16.110000
10/29/2021,16.900000
11/01/2021,17.650000
11/02/2021,16.140000
11/03/2021,15.920000
11/04/2021,15.240000
11/05/2021,16.710000
11/08/2021,17.210000
11/09/2021,17.810000
11/10/2021,18.030000
11/11/2021,17.600000
11/12/2021,17.920000
11/15/2021,18.420000
11/16/2021,19.300000
11/17/2021,18.030000
11/18/2021,17.500000
11/19/2021,16.000000
11/22/2021,17.020000
11/23/2021,17.390000
11/24/2021,17.220000
11/26/2021,18.850000
11/29/2021,18.200000
11/30/2021,18.610000
12/01/2021,18.820000
12/02/2021,19.520000
12/03/2021,20.170000
12/06/2021,19.860000
12/07/2021,18.490000
12/08/2021,17.750000
12/09/2021,17.820000
12/10/2021,17.960000
12/13/2021,18.400000
12/14/2021,18.780000
12/15/2021,18.030000
12/16/2021,18.660000
12/17/2021,18.680000
12/20/2021,18.330000
12/21/2021,17.890000
12/22/2021,17.060000
12/23/2021,18.070000
12/27/2021,16.990000
12/28/2021,16.570000
12/29/2021,16.790000
12/30/2021,16.510000
12/31/2021,16.690000
01/03/2022,17.560000
01/04/2022,17.830000
01/05/2022,17.430000
01/06/2022,16.950000
01/07/2022,16.690000
01/10/2022,17.260000
01/11/2022,17.140000
01/12/2022,16.790000
01/13/2022,16.820000
01/14/2022,17.470000
01/18/2022,18.650000
01/19/2022,18.460000
01/20/2022,18.360000
01/21/2022,18.230000
01/24/2022,17.970000
01/25/2022,17.560000
01/26/2022,18.150000
01/27/2022,17.460000
01/28/2022,17.270000
01/31/2022,17.460000
02/01/2022,17.130000
02/02/2022,16.790000
02/03/2022,16.750000
02/04/2022,17.180000
02/07/2022,17.960000
02/08/2022,17.710000
02/09/2022,17.570000
02/10/2022,18.650000
02/11/2022,19.700000
02/14/2022,20.460000
02/15/2022,19.580000
02/16/2022,18.980000
02/17/2022,19.940000
02/18/2022,20.400000
02/22/2022,19.530000
02/23/2022,19.360000
02/24/2022,26.250000
02/25/2022,22.150000
02/28/2022,20.900000
03/01/2022,23.710000
03/02/2022,21.920000
03/03/2022,21.720000
03/04/2022,23.870000
03/07/2022,24.770000
03/08/2022,23.520000
03/09/2022,22.200000
03/10/2022,21.290000
03/11/2022,20.200000
03/14/2022,21.490000
03/15/2022,21.490000
03/16/2022,19.940000
03/17/2022,18.880000
03/18/2022,20.070000
03/21/2022,21.270000
03/22/2022,21.650000
03/23/2022,21.670000
03/24/2022,22.760000
03/25/2022,24.020000
03/28/2022,22.820000
03/29/2022,21.720000
03/30/2022,20.760000
03/31/2022,20.980000
04/01/2022,20.900000
04/04/2022,20.690000
04/05/2022,22.110000
04/06/2022,23.060000
04/07/2022,26.910000
04/08/2022,25.840000
04/11/2022,27.540000
04/12/2022,29.420000
04/13/2022,22.150000
04/14/2022,25.060000
04/18/2022,24.720000
04/19/2022,25.160000
04/20/2022,25.080000
04/21/2022,25.660000
04/22/2022,26.570000
04/25/2022,25.830000
04/26/2022,26.060000
04/27/2022,28.720000
04/28/2022,25.930000
04/29/2022,26.300000
05/02/2022,27.200000
05/03/2022,25.640000
05/04/2022,24.470000
05/05/2022,23.920000
05/06/2022,25.750000
05/09/2022,27.330000
05/10/2022,27.510000
05/11/2022,25.000000
05/12/2022,24.230000
05/13/2022,24.560000
05/16/2022,24.540000
05/17/2022,25.550000
05/18/2022,25.250000
05/19/2022,23.840000
05/20/2022,23.090000
05/23/2022,23.080000
05/24/2022,22.650000
05/25/2022,22.770000
05/26/2022,21.920000
05/27/2022,21.780000
05/31/2022,25.080000
06/01/2022,22.990000
06/02/2022,21.070000
06/03/2022,21.740000
06/06/2022,21.360000
06/07/2022,21.620000
06/08/2022,21.920000
06/09/2022,22.010000
06/10/2022,22.960000
06/13/2022,38.600000
06/14/2022,30.850000
06/15/2022,26.690000
06/16/2022,30.500000
06/17/2022,30.210000
06/21/2022,27.320000
06/22/2022,24.540000
06/23/2022,24.070000
06/24/2022,24.380000
06/27/2022,24.250000
06/28/2022,23.590000
06/29/2022,23.040000
06/30/2022,23.650000
07/01/2022,25.260000
07/05/2022,26.030000
07/06/2022,25.190000
07/07/2022,24.570000
07/08/2022,23.350000
07/11/2022,21.880000
07/12/2022,22.380000
07/13/2022,24.220000
07/14/2022,23.250000
07/15/2022,21.690000
07/18/2022,21.700000
07/19/2022,20.620000
07/20/2022,20.840000
07/21/2022,23.850000
07/22/2022,20.830000
07/25/2022,21.390000
07/26/2022,21.060000
07/27/2022,20.850000
07/28/2022,20.660000
07/29/2022,20.200000
08/01/2022,20.810000
08/02/2022,20.250000
08/03/2022,21.100000
08/04/2022,19.850000
08/05/2022,19.800000
08/08/2022,20.130000
08/09/2022,19.920000
08/10/2022,18.760000
08/11/2022,19.600000
08/12/2022,17.630000
08/15/2022,17.770000
08/16/2022,18.940000
08/17/2022,20.300000
08/18/2022,19.920000
08/19/2022,20.320000
08/22/2022,21.200000
08/23/2022,21.430000
08/24/2022,21.490000
08/25/2022,20.640000
08/26/2022,20.230000
08/29/2022,20.800000
08/30/2022,21.120000
08/31/2022,21.580000
09/01/2022,22.690000
09/02/2022,22.220000
09/06/2022,25.690000
09/07/2022,24.220000
09/08/2022,22.610000
09/09/2022,22.820000
09/12/2022,23.350000
09/13/2022,20.410000
09/14/2022,20.750000
09/15/2022,20.830000
09/16/2022,21.270000
09/19/2022,21.900000
09/20/2022,21.840000
09/21/2022,26.920000
09/22/2022,23.200000
09/23/2022,25.040000
09/26/2022,28.330000
09/27/2022,30.610000
09/28/2022,30.800000
09/29/2022,29.870000
09/30/2022,29.750000
10/03/2022,26.970000
10/04/2022,26.890000
10/05/2022,28.890000
10/06/2022,28.490000
10/07/2022,28.460000
10/10/2022,27.730000
10/11/2022,27.800000
10/12/2022,28.780000
10/13/2022,29.430000
10/14/2022,29.290000
10/17/2022,27.590000
10/18/2022,25.500000
10/19/2022,27.320000
10/20/2022,28.980000
10/21/2022,32.850000
10/24/2022,30.840000
10/25/2022,29.280000
10/26/2022,27.500000
10/27/2022,26.750000
10/28/2022,26.390000
10/31/2022,25.820000
11/01/2022,26.080000
11/02/2022,25.370000
11/03/2022,24.620000
11/04/2022,23.550000
11/07/2022,24.010000
11/08/2022,23.390000
11/09/2022,23.970000
11/10/2022,21.930000
11/11/2022,20.970000
11/14/2022,21.980000
11/15/2022,24.210000
11/16/2022,23.140000
11/17/2022,23.090000
11/18/2022,22.830000
11/21/2022,22.430000
11/22/2022,22.880000
11/23/2022,23.160000
11/25/2022,22.840000
11/28/2022,22.800000
11/29/2022,23.090000
11/30/2022,21.950000
12/01/2022,22.180000
12/02/2022,21.670000
12/05/2022,22.360000
12/06/2022,22.900000
12/07/2022,24.320000
12/08/2022,23.560000
12/09/2022,23.120000
12/12/2022,23.360000
12/13/2022,22.700000
12/14/2022,20.890000
12/15/2022,21.040000
12/16/2022,21.060000
12/19/2022,21.540000
12/20/2022,23.590000
12/21/2022,23.850000
12/22/2022,23.490000
12/23/2022,23.020000
12/27/2022,25.380000
12/28/2022,25.300000
12/29/2022,23.630000
12/30/2022,22.810000
01/03/2023,23.370000
01/04/2023,23.130000
01/05/2023,22.820000
01/06/2023,21.740000
01/09/2023,22.060000
01/10/2023,22.080000
01/11/2023,22.090000
01/12/2023,21.320000
01/13/2023,20.410000
01/17/2023,21.570000
01/18/2023,20.700000
01/19/2023,20.850000
01/20/2023,20.880000
01/23/2023,20.340000
01/24/2023,20.230000
01/25/2023,20.190000
01/26/2023,19.870000
01/27/2023,18.510000
01/30/2023,19.520000
01/31/2023,18.780000
02/01/2023,18.800000
02/02/2023,18.150000
02/03/2023,17.630000
02/06/2023,18.390000
02/07/2023,18.530000
02/08/2023,18.180000
02/09/2023,18.370000
02/10/2023,18.510000
02/13/2023,18.960000
02/14/2023,18.230000
02/15/2023,17.910000
02/16/2023,18.540000
02/17/2023,18.460000
02/21/2023,20.500000
02/22/2023,19.660000
02/23/2023,19.040000
02/24/2023,19.500000
02/27/2023,19.620000
02/28/2023,19.820000
03/01/2023,20.380000
03/02/2023,20.830000
03/03/2023,20.130000
03/06/2023,21.060000
03/07/2023,21.180000
03/08/2023,21.320000
03/09/2023,21.600000
03/10/2023,22.430000
03/13/2023,26.760000
03/14/2023,23.370000
03/15/2023,26.150000
03/16/2023,23.020000
03/17/2023,26.530000
03/20/2023,24.810000
03/21/2023,22.970000
03/22/2023,23.540000
03/23/2023,22.860000
03/24/2023,24.300000
03/27/2023,21.310000
03/28/2023,21.090000
03/29/2023,20.740000
03/30/2023,20.720000
03/31/2023,20.520000
04/03/2023,20.610000
04/04/2023,20.400000
04/05/2023,20.010000
04/06/2023,20.340000
04/10/2023,19.750000
04/11/2023,19.350000
04/12/2023,18.590000
04/13/2023,17.770000
04/14/2023,17.040000
04/17/2023,17.270000
04/18/2023,17.740000
04/19/2023,18.090000
04/20/2023,17.400000
04/21/2023,16.910000
04/24/2023,17.230000
04/25/2023,18.200000
04/26/2023,18.030000
04/27/2023,18.070000
04/28/2023,17.700000
05/01/2023,18.910000
05/02/2023,20.030000
05/03/2023,20.760000
05/04/2023,20.700000
05/05/2023,18.740000
05/08/2023,19.360000
05/09/2023,19.250000
05/10/2023,18.590000
05/11/2023,18.650000
05/12/2023,18.240000
05/15/2023,18.330000
05/16/2023,19.610000
05/17/2023,18.720000
05/18/2023,18.870000
05/19/2023,19.630000
05/22/2023,19.710000
05/23/2023,19.470000
05/24/2023,20.330000
05/25/2023,22.790000
05/26/2023,20.610000
05/30/2023,19.560000
05/31/2023,18.880000
06/01/2023,17.340000
06/02/2023,16.220000
06/05/2023,16.100000
06/06/2023,15.430000
06/07/2023,16.610000
06/08/2023,17.070000
06/09/2023,16.840000
06/12/2023,17.050000
06/13/2023,18.330000
06/14/2023,17.350000
06/15/2023,15.660000
06/16/2023,14.040000
06/20/2023,15.420000
06/21/2023,14.810000
06/22/2023,14.930000
06/23/2023,15.110000
06/26/2023,15.610000
06/27/2023,14.830000
06/28/2023,14.570000
06/29/2023,14.690000
06/30/2023,14.220000
07/03/2023,14.930000
07/05/2023,16.010000
07/06/2023,17.010000
07/07/2023,16.960000
07/10/2023,17.040000
07/11/2023,16.550000
07/12/2023,15.470000
07/13/2023,15.120000
07/14/2023,14.670000
07/17/2023,14.450000
07/18/2023,14.600000
07/19/2023,14.510000
07/20/2023,14.110000
07/21/2023,13.750000
07/24/2023,14.120000
07/25/2023,14.720000
07/26/2023,14.170000
07/27/2023,15.910000
07/28/2023,14.400000
07/31/2023,14.780000
08/01/2023,15.790000
08/02/2023,17.970000
08/03/2023,21.160000
08/04/2023,18.840000
08/07/2023,19.030000
08/08/2023,18.220000
08/09/2023,18.420000
08/10/2023,18.530000
08/11/2023,18.380000
08/14/2023,17.910000
08/15/2023,18.210000
08/16/2023,19.020000
08/17/2023,18.720000
08/18/2023,18.610000
08/21/2023,19.850000
08/22/2023,19.540000
08/23/2023,18.270000
08/24/2023,18.580000
08/25/2023,17.300000
08/28/2023,17.500000
08/29/2023,16.920000
08/30/2023,16.800000
08/31/2023,16.230000
09/01/2023,16.270000
09/05/2023,17.090000
09/06/2023,16.820000
09/07/2023,16.640000
09/08/2023,16.080000
09/11/2023,15.810000
09/12/2023,15.090000
09/13/2023,14.870000
09/14/2023,13.840000
09/15/2023,13.770000
09/18/2023,14.280000
09/19/2023,15.280000
09/20/2023,14.860000
09/21/2023,18.170000
09/22/2023,16.570000
09/25/2023,20.320000
09/26/2023,20.580000
09/27/2023,21.500000
09/28/2023,20.120000
09/29/2023,20.230000
10/02/2023,21.840000
10/03/2023,25.630000
10/04/2023,22.690000
10/05/2023,23.010000
10/06/2023,23.660000
10/09/2023,23.720000
10/10/2023,23.040000
10/11/2023,22.020000
10/12/2023,22.510000
10/13/2023,23.870000
10/16/2023,23.830000
10/17/2023,23.560000
10/18/2023,25.410000
10/19/2023,26.750000
10/20/2023,25.460000
10/23/2023,25.330000
10/24/2023,23.540000
10/25/2023,26.290000
10/26/2023,25.560000
10/27/2023,25.080000
10/30/2023,24.770000
10/31/2023,23.430000
11/01/2023,22.370000
11/02/2023,22.340000
11/03/2023,21.660000
11/06/2023,20.900000
11/07/2023,20.670000
11/08/2023,20.120000
11/09/2023,20.920000
11/10/2023,20.140000
11/13/2023,21.130000
11/14/2023,20.490000
11/15/2023,19.910000
11/16/2023,19.370000
11/17/2023,18.630000
11/20/2023,18.620000
11/21/2023,18.100000
11/22/2023,17.600000
11/24/2023,17.600000
11/27/2023,17.580000
11/28/2023,17.610000
11/29/2023,17.880000
11/30/2023,17.970000
12/01/2023,18.200000
12/04/2023,18.140000
12/05/2023,18.600000
12/06/2023,19.540000
12/07/2023,19.660000
12/08/2023,18.360000
12/11/2023,17.800000
12/12/2023,16.740000
12/13/2023,16.190000
12/14/2023,18.890000
12/15/2023,17.430000
12/18/2023,17.600000
12/19/2023,17.080000
12/20/2023,17.770000
12/21/2023,16.930000
12/22/2023,16.930000
12/26/2023,17.080000
12/27/2023,17.500000
12/28/2023,17.030000
12/29/2023,17.550000
01/02/2024,18.170000
01/03/2024,17.760000
01/04/2024,17.510000
01/05/2024,17.030000
01/08/2024,16.900000
01/09/2024,16.710000
01/10/2024,16.820000
01/11/2024,15.470000
01/12/2024,15.220000
01/16/2024,16.390000
01/17/2024,16.180000
01/18/2024,16.650000
01/19/2024,16.830000
01/22/2024,16.360000
01/23/2024,16.620000
01/24/2024,16.820000
01/25/2024,16.500000
01/26/2024,15.740000
01/29/2024,16.510000
01/30/2024,16.280000
01/31/2024,16.280000
02/01/2024,17.950000
02/02/2024,17.230000
02/05/2024,17.340000
02/06/2024,16.970000
02/07/2024,16.440000
02/08/2024,16.050000
02/09/2024,15.630000
02/12/2024,15.820000
02/13/2024,16.410000
02/14/2024,16.000000
02/15/2024,16.160000
02/16/2024,15.350000
02/20/2024,15.590000
02/21/2024,15.900000
02/22/2024,15.460000
02/23/2024,15.010000
02/26/2024,15.240000
02/27/2024,15.670000
02/28/2024,15.560000
02/29/2024,15.180000
03/01/2024,15.040000
03/04/2024,15.370000
03/05/2024,15.540000
03/06/2024,15.200000
03/07/2024,15.570000
03/08/2024,14.740000
03/11/2024,15.070000
03/12/2024,13.640000
03/13/2024,13.590000
03/14/2024,14.430000
03/15/2024,14.070000
03/18/2024,14.700000
03/19/2024,14.280000
03/20/2024,13.800000
03/21/2024,13.460000
03/22/2024,13.780000
03/25/2024,13.840000
03/26/2024,13.600000
03/27/2024,13.310000
03/28/2024,13.620000
04/01/2024,14.230000
04/02/2024,14.890000
04/03/2024,14.780000
04/04/2024,15.390000
04/05/2024,15.150000
04/08/2024,15.400000
04/09/2024,14.870000
04/10/2024,16.390000
04/11/2024,16.730000
04/12/2024,16.570000
04/15/2024,17.940000
04/16/2024,17.350000
04/17/2024,16.070000
04/18/2024,15.890000
04/19/2024,16.380000
04/22/2024,15.590000
04/23/2024,15.800000
04/24/2024,16.200000
04/25/2024,16.920000
04/26/2024,16.290000
04/29/2024,15.990000
04/30/2024,16.380000
05/01/2024,16.040000
05/02/2024,15.630000
05/03/2024,14.400000
05/06/2024,14.450000
05/07/2024,14.080000
05/08/2024,14.030000
05/09/2024,13.650000
05/10/2024,13.740000
05/13/2024,14.130000
05/14/2024,14.190000
05/15/2024,12.720000
05/16/2024,12.570000
05/17/2024,12.360000
05/20/2024,12.540000
05/21/2024,12.080000
05/22/2024,12.220000
05/23/2024,12.600000
05/24/2024,11.900000
05/28/2024,13.670000
05/29/2024,14.390000
05/30/2024,13.900000
05/31/2024,13.960000
06/03/2024,14.990000
06/04/2024,15.880000
06/05/2024,15.850000
06/06/2024,16.100000
06/07/2024,14.750000
06/10/2024,15.270000
06/11/2024,15.570000
06/12/2024,14.770000
06/13/2024,15.570000
06/14/2024,16.640000
06/17/2024,15.610000
06/18/2024,15.180000
06/20/2024,15.260000
06/21/2024,14.580000
06/24/2024,14.860000
06/25/2024,14.970000
06/26/2024,15.310000
06/27/2024,15.160000
06/28/2024,15.820000
07/01/2024,16.880000
07/02/2024,15.900000
07/03/2024,15.440000
07/05/2024,14.700000
07/08/2024,14.720000
07/09/2024,14.630000
07/10/2024,14.340000
07/11/2024,13.710000
07/12/2024,13.030000
07/15/2024,13.720000
07/16/2024,14.170000
07/17/2024,14.140000
07/18/2024,14.490000
07/19/2024,14.590000
07/22/2024,14.530000
07/23/2024,14.410000
07/24/2024,15.810000
07/25/2024,15.610000
07/26/2024,15.100000
07/29/2024,15.130000
07/30/2024,15.520000
07/31/2024,15.580000
08/01/2024,16.140000
08/02/2024,18.650000
08/05/2024,21.110000
08/06/2024,18.620000
08/07/2024,18.240000
08/08/2024,17.300000
08/09/2024,16.650000
08/12/2024,17.350000
08/13/2024,17.050000
08/14/2024,16.090000
08/15/2024,16.050000
08/16/2024,14.950000
08/19/2024,15.670000
08/20/2024,16.240000
08/21/2024,16.680000
08/22/2024,16.510000
08/23/2024,15.880000
08/26/2024,16.300000
08/27/2024,16.240000
08/28/2024,16.130000
08/29/2024,15.950000
08/30/2024,15.460000
09/03/2024,16.680000
09/04/2024,16.710000
09/05/2024,17.060000
09/06/2024,16.320000
09/09/2024,15.790000
09/10/2024,16.060000
09/11/2024,14.960000
09/12/2024,14.770000
09/13/2024,14.480000
09/16/2024,14.160000
09/17/2024,14.790000
09/18/2024,14.760000
09/19/2024,14.420000
09/20/2024,13.900000
09/23/2024,14.260000
09/24/2024,14.890000
09/25/2024,14.650000
09/26/2024,14.910000
09/27/2024,14.770000
09/30/2024,15.610000
10/01/2024,15.740000
10/02/2024,16.320000
10/03/2024,17.110000
10/04/2024,16.960000
10/07/2024,18.120000
10/08/2024,18.200000
10/09/2024,18.680000
10/10/2024,19.460000
10/11/2024,19.240000
10/14/2024,19.520000
10/15/2024,19.480000
10/16/2024,18.300000
10/17/2024,19.680000
10/18/2024,19.820000
10/21/2024,21.360000
10/22/2024,21.370000
10/23/2024,21.750000
10/24/2024,20.760000
10/25/2024,20.560000
10/28/2024,21.220000
10/29/2024,21.270000
10/30/2024,21.740000
10/31/2024,22.320000
11/01/2024,22.160000
11/04/2024,21.890000
11/05/2024,21.080000
11/06/2024,18.470000
11/07/2024,16.500000
11/08/2024,15.860000
11/11/2024,15.970000
11/12/2024,16.570000
11/13/2024,16.410000
11/14/2024,16.480000
11/15/2024,17.270000
11/18/2024,16.820000
11/19/2024,16.850000
11/20/2024,16.620000
11/21/2024,16.290000
11/22/2024,15.350000
11/25/2024,15.390000
11/26/2024,15.390000
11/27/2024,15.280000
11/29/2024,15.140000
12/02/2024,15.360000
12/03/2024,15.060000
12/04/2024,14.420000
12/05/2024,14.660000
12/06/2024,14.130000
12/09/2024,14.120000
12/10/2024,14.320000
12/11/2024,14.150000
12/12/2024,15.020000
12/13/2024,14.850000
12/16/2024,14.650000
12/17/2024,14.610000
12/18/2024,14.370000
12/19/2024,16.780000
12/20/2024,15.970000
12/23/2024,16.320000
12/24/2024,16.420000
12/26/2024,16.870000
12/27/2024,17.100000
12/30/2024,16.320000
12/31/2024,16.540000
01/02/2025,16.510000
01/03/2025,16.070000
01/06/2025,16.360000
01/07/2025,16.530000
01/08/2025,17.510000
01/10/2025,16.610000
01/13/2025,16.880000
01/14/2025,16.070000
01/15/2025,15.470000
01/16/2025,15.080000
01/17/2025,15.300000
01/21/2025,15.420000
01/22/2025,14.870000
01/23/2025,14.610000
01/24/2025,14.560000
01/27/2025,16.090000
01/28/2025,15.830000
01/29/2025,15.460000
01/30/2025,15.450000
01/31/2025,15.690000
02/03/2025,16.190000
02/04/2025,15.860000
02/05/2025,16.380000
02/06/2025,15.740000
02/07/2025,15.270000
02/10/2025,15.110000
02/11/2025,14.910000
02/12/2025,14.750000
02/13/2025,14.570000
02/14/2025,14.370000
02/18/2025,14.100000
02/19/2025,14.080000
02/20/2025,14.060000
02/21/2025,14.640000
02/24/2025,14.840000
02/25/2025,16.350000
02/26/2025,16.450000
02/27/2025,16.190000
02/28/2025,16.960000
03/03/2025,17.020000
03/04/2025,16.680000
03/05/2025,16.260000
03/06/2025,16.500000
03/07/2025,15.810000
03/10/2025,17.200000
03/11/2025,17.230000
03/12/2025,16.270000
03/13/2025,16.310000
03/14/2025,15.810000
03/17/2025,15.670000
03/18/2025,15.230000
03/19/2025,14.840000
03/20/2025,15.310000
03/21/2025,14.850000
03/24/2025,15.100000
03/25/2025,14.540000
03/26/2025,15.170000
03/27/2025,14.980000
03/28/2025,15.600000
03/31/2025,16.400000
04/01/2025,16.550000
04/02/2025,16.360000
04/03/2025,17.360000
04/04/2025,20.350000
04/07/2025,23.180000
04/08/2025,25.340000
04/09/2025,23.440000
04/10/2025,27.660000
04/11/2025,26.800000
04/14/2025,24.340000
04/15/2025,21.530000
04/16/2025,21.460000
04/17/2025,20.820000
04/21/2025,24.990000
04/22/2025,22.400000
04/23/2025,21.610000
04/24/2025,20.070000
04/25/2025,18.880000
04/28/2025,18.980000
04/29/2025,19.360000
04/30/2025,19.260000
05/01/2025,19.150000
05/02/2025,18.760000
05/05/2025,19.080000
05/06/2025,18.910000
05/07/2025,18.280000
05/08/2025,17.880000
05/09/2025,17.340000
05/12/2025,16.870000
05/13/2025,17.060000
05/14/2025,18.830000
05/15/2025,17.980000
05/16/2025,17.770000
05/19/2025,18.330000
05/20/2025,18.360000
05/21/2025,20.230000
05/22/2025,19.010000
05/23/2025,19.240000
05/27/2025,18.200000
05/28/2025,18.380000
05/29/2025,17.710000
05/30/2025,17.390000
06/02/2025,18.010000
06/03/2025,17.670000
06/04/2025,17.480000
06/05/2025,17.390000
06/06/2025,16.660000
06/09/2025,16.660000
06/10/2025,16.710000
06/11/2025,15.970000
06/12/2025,16.040000
06/13/2025,16.880000
06/16/2025,16.430000
06/17/2025,16.470000
06/18/2025,16.230000
06/20/2025,15.880000
06/23/2025,15.910000
06/24/2025,15.660000
06/25/2025,15.540000
06/26/2025,15.040000
06/27/2025,15.040000
06/30/2025,15.450000
07/01/2025,14.930000
07/02/2025,15.020000
07/03/2025,14.140000
07/07/2025,15.310000
07/08/2025,14.830000
07/09/2025,14.210000
07/10/2025,14.000000
07/11/2025,15.150000
07/14/2025,15.750000
07/15/2025,16.260000
07/16/2025,16.620000
07/17/2025,16.110000
07/18/2025,16.120000
07/21/2025,15.830000
07/22/2025,15.970000
07/23/2025,16.070000
07/24/2025,16.120000
07/25/2025,15.760000
07/28/2025,15.690000
07/29/2025,15.570000
07/30/2025,15.540000
07/31/2025,15.210000
08/01/2025,15.730000
08/04/2025,15.600000
08/05/2025,15.170000
08/06/2025,14.750000
08/07/2025,14.470000
08/08/2025,14.220000
08/11/2025,13.690000
08/12/2025,13.220000
08/13/2025,13.180000
08/14/2025,13.360000
08/15/2025,13.390000
08/18/2025,14.170000
08/19/2025,14.150000
08/20/2025,14.450000
08/21/2025,14.780000
08/22/2025,13.710000
08/25/2025,13.630000
08/26/2025,13.970000
08/27/2025,13.730000
08/28/2025,13.840000
08/29/2025,14.290000
09/02/2025,15.240000
09/03/2025,14.930000
09/04/2025,15.360000
09/05/2025,14.670000
09/08/2025,15.280000
09/09/2025,14.830000
09/10/2025,14.660000
09/11/2025,14.090000
09/12/2025,13.950000
09/15/2025,14.220000
09/16/2025,14.320000
09/17/2025,13.590000
09/18/2025,13.610000
09/19/2025,13.810000
09/22/2025,14.250000
09/23/2025,14.230000
09/24/2025,14.270000
09/25/2025,14.480000
09/26/2025,14.610000
09/29/2025,14.540000
09/30/2025,14.700000
10/01/2025,13.840000
10/02/2025,13.510000
10/03/2025,13.050000
10/06/2025,14.070000
10/07/2025,13.870000
10/08/2025,14.590000
10/09/2025,14.780000
10/10/2025,15.420000
10/13/2025,14.270000
10/14/2025,14.170000
10/15/2025,13.230000
10/16/2025,14.370000
10/17/2025,12.790000
10/20/2025,13.160000
10/21/2025,13.550000
10/22/2025,13.300000
10/23/2025,13.330000
10/24/2025,12.740000
10/27/2025,12.730000
10/28/2025,13.180000
10/29/2025,12.870000
10/30/2025,13.060000
10/31/2025,12.900000
11/03/2025,13.230000
11/04/2025,13.230000
11/05/2025,13.560000
11/06/2025,13.610000
11/07/2025,13.470000
11/10/2025,13.970000
11/11/2025,14.110000
11/12/2025,13.670000
11/13/2025,13.780000
11/14/2025,14.020000
11/17/2025,14.980000
11/18/2025,14.920000
11/19/2025,14.630000
11/20/2025,13.930000
11/21/2025,13.450000
11/24/2025,13.280000
11/25/2025,13.240000
11/26/2025,13.110000
11/28/2025,13.190000
12/01/2025,14.390000
12/02/2025,13.650000
12/03/2025,13.000000
12/04/2025,13.050000
12/05/2025,13.120000
12/08/2025,14.020000
12/09/2025,13.320000
12/10/2025,12.580000
12/11/2025,12.710000
12/12/2025,12.480000
12/15/2025,12.230000
12/16/2025,11.280000
12/17/2025,11.020000
12/18/2025,10.420000
12/19/2025,10.390000
12/22/2025,10.910000
12/23/2025,11.270000
12/24/2025,11.170000
12/26/2025,11.560000
12/29/2025,11.630000
12/30/2025,11.800000
12/31/2025,12.100000
01/02/2026,12.170000
01/05/2026,11.780000
01/06/2026,11.800000
01/07/2026,11.730000
01/08/2026,11.850000
01/09/2026,10.940000
01/12/2026,10.420000
01/13/2026,10.220000
01/14/2026,10.040000
01/15/2026,10.120000
01/16/2026,10.490000
01/20/2026,14.020000
01/21/2026,11.680000
01/22/2026,11.180000
01/23/2026,11.800000
01/26/2026,11.960000
01/27/2026,12.050000
01/28/2026,12.440000
01/29/2026,13.310000
01/30/2026,13.090000
02/02/2026,12.930000
02/03/2026,12.720000
02/04/2026,12.430000
02/05/2026,12.570000
02/06/2026,12.320000
02/09/2026,12.280000
02/10/2026,12.540000
02/11/2026,11.730000
02/12/2026,13.270000
02/13/2026,12.510000
02/17/2026,12.870000
02/18/2026,11.790000
02/19/2026,12.240000
02/20/2026,11.950000
02/23/2026,12.360000
02/24/2026,12.040000
02/25/2026,11.770000
02/26/2026,11.770000
02/27/2026,12.480000
03/02/2026,12.440000
03/03/2026,12.470000
03/04/2026,11.570000
03/05/2026,12.530000
03/06/2026,13.660000
03/09/2026,13.930000
03/10/2026,13.860000
03/11/2026,15.080000
03/12/2026,17.250000
03/13/2026,16.570000
03/16/2026,14.450000
03/17/2026,13.450000
03/18/2026,14.240000
03/19/2026,14.420000
03/20/2026,18.360000
03/23/2026,16.400000
03/24/2026,16.260000
03/25/2026,15.210000
03/26/2026,17.140000
03/27/2026,18.030000
03/30/2026,17.230000
03/31/2026,14.950000
04/01/2026,14.000000
04/02/2026,13.270000
04/06/2026,13.870000
04/07/2026,14.440000
04/08/2026,13.430000
04/09/2026,12.970000
04/10/2026,12.760000
04/13/2026,12.430000
04/14/2026,11.970000
04/15/2026,11.350000
04/16/2026,13.060000
04/17/2026,12.340000
04/20/2026,12.040000
04/21/2026,12.780000
04/22/2026,12.480000
04/23/2026,12.530000
04/24/2026,11.900000
04/27/2026,12.400000
04/28/2026,12.580000
04/29/2026,13.350000
04/30/2026,12.630000
05/01/2026,12.400000
05/04/2026,13.620000
05/05/2026,13.030000
05/06/2026,12.220000
05/07/2026,12.250000
05/08/2026,11.210000
05/11/2026,11.600000
05/12/2026,11.890000
05/13/2026,12.260000
05/14/2026,11.610000
05/15/2026,14.220000
05/18/2026,14.600000
05/19/2026,14.880000
05/20/2026,14.030000
05/21/2026,12.960000
05/22/2026,12.210000
05/26/2026,12.150000
05/27/2026,11.570000
05/28/2026,11.350000
05/29/2026,11.150000
06/01/2026,11.470000
06/02/2026,11.290000
06/03/2026,11.740000
06/04/2026,11.250000
06/05/2026,11.930000
06/08/2026,12.510000
06/09/2026,11.970000
06/10/2026,11.830000
06/11/2026,11.360000
06/12/2026,10.560000
06/15/2026,10.700000
06/16/2026,10.480000
06/17/2026,10.330000
06/18/2026,9.950000
06/22/2026,10.790000
06/23/2026,10.660000
06/24/2026,10.900000
06/25/2026,10.650000
06/26/2026,10.220000
06/29/2026,10.360000
06/30/2026,10.740000
07/01/2026,10.750000
07/02/2026,10.170000
07/06/2026,10.480000
07/07/2026,11.180000
07/08/2026,10.940000
07/09/2026,11.000000
07/10/2026,10.420000
07/13/2026,11.310000
07/14/2026,10.440000
07/15/2026,9.270000
07/16/2026,9.340000
07/17/2026,10.180000
07/20/2026,10.560000
07/21/2026,11.070000
07/22/2026,11.300000
07/23/2026,11.520000
07/24/2026,10.960000
07/27/2026,10.890000
07/28/2026,10.850000
07/29/2026,13.190000
07/30/2026,12.790000
07/31/2026,13.700000
08/03/2026,13.280000
08/04/2026,11.990000
08/05/2026,12.100000
08/06/2026,12.280000
08/07/2026,11.330000
08/10/2026,12.260000
08/11/2026,12.370000
08/12/2026,11.650000
08/13/2026,10.950000
08/14/2026,11.830000
08/17/2026,12.570000
08/18/2026,11.830000
08/19/2026,11.660000
08/20/2026,12.290000
